labels,FeatDv3Cls,pattern,seed
wafer_001,"tensor([7.284740,0.168156,-1.742684,-1.621124,2.240892,-5.754461,-2.158634,-7.230610,-4.469891,-7.870967,-17.136805,7.024666,-2.144315,-7.809085,6.325284,-2.368279,4.459211,0.738805,-6.023809,4.811128,8.448802,11.126589,3.885354,3.211303,-13.146378,5.647465,-8.492379,8.258112,-0.836901,-2.854228,1.103543,4.194207,-2.135309,-2.935152,0.452395,-5.098056,0.793157,3.640729,7.463139,6.902809,-0.269762,4.822762,-2.518759,-14.594385,-3.242167,-4.307933,-7.200153,-3.820550,-9.504587,1.307311,-9.155961,-1.034418,2.433191,6.534571,-4.232788,-3.466890,-8.853135,2.579493,2.504834,8.968174,15.181766,-2.072559,-13.565348,-3.709881])",center,1001
wafer_002,"tensor([5.928351,0.681476,-2.525506,-0.273013,1.011443,-6.781449,-2.332851,-6.204104,-3.665669,-6.742776,-15.679732,5.749353,-2.363821,-6.362051,5.336451,-1.157772,4.461127,0.995606,-6.284768,5.320346,7.438933,12.206368,2.692154,3.816692,-11.659548,4.645044,-8.711518,6.352112,-0.830236,-2.773966,2.596724,4.954431,-2.760563,-2.684250,1.095265,-6.144032,1.274443,2.519557,5.882127,7.029729,-0.734206,4.097613,-2.852333,-14.680464,-1.958261,-3.707316,-7.760892,-4.458497,-8.692017,2.425566,-8.921867,-1.042713,1.798428,6.421360,-4.713668,-4.525607,-8.375164,3.083091,2.358272,10.402807,15.622698,-0.684108,-12.757229,-5.076950])",center,1002
wafer_003,"tensor([8.254483,0.275469,-2.936645,-0.801909,1.937195,-5.468626,-1.216248,-8.671632,-2.349704,-6.383734,-17.418102,7.133614,-2.557958,-7.816750,5.242900,-1.746526,4.331044,0.814106,-6.178772,4.817493,8.488496,10.934344,1.867359,2.791483,-12.238793,6.564131,-7.805225,5.962260,-0.242658,-3.282375,1.434478,4.519008,-2.756583,-2.767629,0.681134,-6.292561,2.378142,1.421782,6.650554,7.223677,-0.772847,5.135006,-0.612122,-14.435432,-2.607760,-5.292072,-7.935783,-3.720914,-9.551105,0.991716,-10.193726,0.030869,2.011495,6.570777,-4.643065,-4.549224,-8.805119,3.218246,3.734006,10.165972,14.044092,-0.158855,-12.203506,-4.787482])",center,1003
wafer_004,"tensor([7.404642,0.840977,-3.037176,-0.204458,0.273644,-5.855452,-1.467913,-7.562945,-1.782292,-4.860296,-14.859745,7.003535,-3.557832,-6.519564,4.424858,-1.906854,4.528573,0.949617,-4.980420,5.595849,8.208033,10.519473,3.228241,2.942451,-12.080040,4.735996,-8.091736,4.047391,-0.655182,-3.283911,2.689981,5.607109,-3.265773,-2.575552,1.272872,-7.450538,2.301659,1.079148,4.317015,7.783391,0.042445,5.581069,-1.406485,-13.359608,-2.259718,-4.917361,-6.805583,-5.036299,-9.202263,2.464062,-9.254157,-0.036639,3.421291,6.488998,-4.410610,-2.066701,-7.380445,2.038546,4.577156,10.561253,15.347139,0.259924,-10.400803,-5.459243])",center,1004
wafer_005,"tensor([8.205969,0.840432,-3.218475,-0.820781,1.660199,-6.365448,-1.401515,-8.346425,-2.276828,-5.458163,-16.913912,7.259247,-2.942558,-8.451137,5.497111,-1.617848,3.576614,0.927919,-5.749458,4.946297,8.976623,10.959189,2.815761,3.041226,-12.371382,4.814822,-8.416313,4.817871,-0.392733,-3.230853,1.785175,5.420751,-3.128365,-2.745478,1.484143,-7.023101,3.218501,1.412144,6.309296,7.283019,-0.070184,5.803923,-0.561033,-13.963055,-2.765095,-6.012122,-6.656026,-5.542385,-9.403749,2.502907,-10.502550,-0.289138,3.439878,6.723777,-4.081111,-2.121090,-7.951693,2.493221,3.513360,10.006884,15.068061,-0.573650,-11.959702,-5.696228])",center,1005
wafer_006,"tensor([3.651790,2.582558,-3.440478,1.549465,0.295166,-6.700354,-0.858931,-3.336343,-1.527015,-6.060780,-12.500058,5.458675,-3.022657,-6.248734,4.478827,-0.710271,3.454406,2.482315,-4.210394,7.554678,8.174730,10.269266,2.700321,4.487262,-9.873854,2.633863,-10.010675,4.990114,-3.034606,-2.772650,3.543748,6.473751,-3.873579,-2.808367,2.459941,-7.854916,3.117548,3.432423,4.635200,8.432136,-0.001200,4.207336,-1.686387,-12.327983,-1.525859,-3.519357,-5.135936,-5.325691,-8.081066,3.453161,-8.465177,-1.766005,4.013682,6.392358,-4.562317,-2.103994,-7.995075,2.915837,2.114903,9.943041,16.947657,1.259657,-11.009416,-6.062471])",center,1006
wafer_007,"tensor([5.156562,1.955473,-4.529965,0.932979,0.387606,-6.570997,0.109643,-5.329397,0.755566,-4.134711,-12.665500,5.442413,-4.492333,-6.155228,4.376554,-1.247199,4.046692,4.231752,-4.526311,6.543140,9.488045,10.717887,1.982876,3.506143,-9.277982,4.288004,-9.929905,1.172818,-3.313331,-2.722811,4.490017,7.652804,-3.573447,-1.907225,3.837268,-10.150513,6.378889,0.326285,3.517648,8.636499,-0.544121,6.357032,-0.510163,-13.263908,-1.116859,-5.412325,-4.202827,-7.797060,-8.757089,4.406824,-10.395950,-0.625923,4.122643,7.119033,-4.756706,-2.116126,-7.655287,2.509168,6.158600,12.414139,17.983705,2.508087,-9.219050,-7.535681])",center,1007
wafer_008,"tensor([7.138769,0.861184,-4.950742,1.059880,1.934187,-6.036382,-1.064215,-7.722888,1.535889,-3.289540,-13.823378,6.703592,-4.655908,-6.518694,4.368875,-1.578406,4.153134,4.571103,-5.428647,5.882868,10.600527,11.122187,1.691360,2.640864,-9.852493,5.982195,-9.861625,2.342556,-2.632390,-2.583174,2.621764,8.512205,-4.055729,-1.721743,3.617215,-10.545813,6.011307,-1.013324,3.002041,8.995920,0.415892,7.809870,-0.101409,-13.098734,-2.649674,-6.492865,-5.903795,-7.596974,-9.064257,3.622325,-12.798528,0.819993,4.196992,6.978793,-4.718919,-2.054378,-6.233176,2.637728,7.468165,12.656496,16.303628,2.063322,-9.677034,-7.639127])",center,1008
wafer_009,"tensor([7.123167,1.536135,-4.918474,1.080904,2.701434,-5.860708,-1.715431,-6.709760,-0.097736,-5.060865,-14.345921,7.100887,-3.594027,-8.113908,5.500102,-2.722850,3.185462,0.924854,-4.955422,5.214560,9.274667,8.818283,2.031924,2.371302,-10.319968,3.184234,-7.884302,4.517123,-2.651732,-2.848732,1.678716,6.595363,-3.169693,-1.050817,2.666117,-8.834231,4.889238,0.765004,5.655570,7.018267,1.214633,6.644154,-1.304805,-12.120281,-2.564744,-6.180272,-6.351371,-7.186888,-9.454361,2.269591,-11.108018,1.418070,6.473993,5.363921,-3.343979,-2.518426,-6.344179,2.899411,5.218175,11.412784,15.259357,0.538170,-10.609994,-6.311133])",center,1009
wafer_010,"tensor([6.906089,1.476354,-4.092889,1.092165,1.880750,-4.996855,-1.036724,-8.328092,1.404446,-3.448081,-13.831372,6.164430,-4.420832,-6.151449,4.159673,-1.493058,3.691694,2.685006,-5.165916,4.553914,9.221565,9.824383,1.714143,1.964150,-9.851130,5.394741,-7.931726,2.898381,-2.066993,-3.472936,2.333373,6.963487,-3.364637,-2.236364,4.061354,-9.853911,5.479429,-0.072353,3.469071,8.118196,0.621230,6.417998,-0.412470,-12.765659,-2.865744,-6.536474,-5.964255,-6.777470,-9.404979,3.125898,-11.796453,1.334834,4.663315,5.925218,-4.324030,-2.762602,-6.708760,2.165883,5.997124,11.962485,15.172709,1.452432,-9.642407,-6.680465])",center,1010
wafer_011,"tensor([3.446357,2.607789,-4.956671,2.636701,0.143949,-6.712291,-0.692472,-4.218504,2.250655,-3.608727,-10.427120,4.955959,-3.915107,-4.733411,2.549779,-0.523737,4.367543,5.392754,-3.669670,8.269254,9.246459,11.474454,2.708031,2.981623,-8.785727,2.719053,-10.156599,-0.351801,-4.899645,-1.476628,5.742038,8.795878,-4.733125,-1.914328,3.860831,-11.690644,7.921991,1.497867,2.188806,10.423007,0.184279,6.327534,-1.288344,-13.339463,-1.734384,-5.058774,-3.999615,-9.033736,-9.659517,4.668478,-9.954167,-0.526491,4.728091,7.216110,-4.803475,-1.395513,-7.263632,2.413257,6.557276,12.363682,18.749318,3.460902,-9.322029,-7.818137])",center,1011
wafer_012,"tensor([1.528330,3.672486,-3.211324,2.749060,0.262556,-4.811987,-1.296228,-0.980041,-1.964791,-4.151610,-10.533534,3.140641,-3.355403,-4.831873,3.716841,-1.130701,3.418677,2.601300,-3.688105,6.419459,6.848770,10.190695,3.053195,3.916584,-9.703745,0.773689,-8.456230,3.567972,-3.384472,-1.714810,4.330103,6.110843,-3.249435,-1.490991,2.871414,-8.301933,4.160205,3.505823,2.878755,7.749933,-0.157905,5.200289,-1.378520,-9.596727,-0.971594,-2.773486,-3.922785,-6.554003,-7.700769,4.753031,-7.274624,-1.724734,4.024121,5.867121,-3.847969,-1.092851,-6.937413,2.946611,2.303128,9.776968,17.311551,1.055213,-9.773175,-5.891126])",center,1012
wafer_013,"tensor([1.693693,3.878696,-0.930272,1.123668,0.630328,-6.469684,-3.081405,0.882078,-7.521476,-7.146446,-10.864260,2.449849,-1.686871,-5.656008,5.417023,-1.409416,1.525122,-0.539763,-3.420346,6.831143,4.343015,8.792209,4.524261,4.759828,-10.564607,-1.145661,-6.736787,7.275087,-2.891280,-2.287581,3.560405,2.614424,-1.609910,-0.834249,0.474889,-4.616838,0.695126,4.973437,5.885254,5.816520,0.227679,1.992017,-2.379416,-9.492873,-0.524004,-1.760795,-3.851457,-2.257191,-6.480081,2.372627,-5.088445,-3.823263,4.305988,4.172888,-2.365175,-2.082644,-7.833684,3.593468,-1.897664,6.240144,14.286124,-2.363077,-11.560753,-1.710408])",center,1013
wafer_014,"tensor([4.404762,3.017436,-4.445118,3.043739,1.059509,-5.520204,-0.974340,-2.930667,0.445877,-3.140159,-10.558333,4.650420,-3.319870,-4.493129,3.373979,-0.633239,3.987264,3.559403,-4.418483,6.713534,8.266550,10.351551,2.052750,3.394226,-9.663076,1.954739,-8.585664,1.973535,-3.156837,-2.798209,4.877978,7.018928,-3.735872,-2.196370,2.978274,-9.619329,5.693618,1.645613,2.519503,8.963906,0.198898,5.982073,-0.468687,-10.806091,-0.699367,-4.289067,-3.548316,-7.974927,-8.194899,3.236809,-9.066285,-0.424033,4.635620,5.860333,-4.029868,-1.628295,-7.547579,2.012982,4.254114,11.989574,16.377346,1.970682,-9.256433,-6.620938])",center,1014
wafer_015,"tensor([4.966067,1.486708,0.339206,-0.112888,1.462000,-4.709156,-3.625277,-2.580817,-5.573052,-5.939285,-13.062319,3.454945,-2.838412,-5.877924,4.744051,-1.201701,2.264226,0.390115,-4.939483,5.645320,5.128317,9.393483,3.598659,4.251329,-11.460993,2.505222,-5.875819,5.284913,-0.020267,-3.906703,2.233064,3.133961,-1.330041,-2.253880,1.588510,-4.652251,2.011532,3.022531,4.960944,5.611297,-0.862821,3.559452,-1.777679,-10.157676,-1.109221,-3.671797,-4.222573,-3.395107,-8.373634,1.693519,-6.855830,-2.343665,3.107615,6.044059,-3.167111,-3.212985,-7.969139,2.542791,0.670942,7.769539,13.939083,-1.110518,-11.002682,-3.879396])",center,1015
wafer_016,"tensor([1.778842,3.645839,-4.914189,3.998942,0.383587,-5.621791,-1.240696,-0.655739,1.467954,-2.937638,-7.912440,3.102370,-4.580266,-4.826042,3.573139,0.111534,2.941247,3.978990,-2.566807,7.401352,8.386677,10.354809,2.768948,3.008776,-7.135320,0.063153,-10.094190,-0.522587,-5.160844,-1.695936,5.256230,7.790431,-4.232980,-0.783988,5.456597,-11.338677,8.108458,2.176945,0.567978,9.465132,1.189705,6.965943,-0.142587,-8.884368,0.570757,-3.914312,-2.306364,-9.973654,-7.903887,5.123671,-8.804089,-1.552092,7.166300,5.913078,-3.479625,-0.448822,-6.387714,1.773464,4.866052,11.773059,18.588967,2.681864,-7.003166,-8.246371])",center,1016
wafer_017,"tensor([3.746657,3.111010,-4.577943,3.955748,0.362852,-4.631085,-0.666571,-3.121306,1.887355,-0.923073,-7.910364,4.455419,-4.686739,-3.058154,3.220515,-1.230089,2.897061,2.850468,-3.055603,5.123509,8.371362,8.383897,1.150989,2.840406,-7.159103,2.425769,-6.993061,-0.610669,-4.056370,-1.901799,3.841779,6.231638,-3.207753,-0.297028,4.934994,-10.660687,6.947318,0.600421,1.298602,6.614558,0.477525,6.769152,0.618301,-8.064428,-1.304008,-5.420623,-3.624163,-8.317102,-6.761149,3.665466,-8.257790,-0.473687,5.279973,5.280094,-2.594190,-1.458361,-5.542650,1.559627,6.410867,11.921634,14.655396,3.250278,-6.872545,-6.721857])",center,1017
wafer_018,"tensor([6.619886,1.306442,-0.535940,-0.273898,2.665746,-4.727131,-2.006502,-4.718424,-3.587723,-4.175444,-13.287622,5.863790,-3.415790,-5.569450,4.955892,-0.483301,2.839370,0.056202,-5.886953,4.253551,6.483126,9.507315,1.580464,3.404155,-11.039499,3.614593,-6.177009,4.415161,0.302878,-3.428803,0.744714,1.685225,-1.525795,-1.989121,1.928290,-4.917832,1.360141,2.051351,4.652828,6.082808,-0.699173,4.626885,-1.034051,-10.077027,-1.758639,-4.171009,-5.833151,-3.856457,-7.454864,0.346843,-7.147760,-1.802676,2.680221,5.454678,-2.973297,-4.340925,-6.691639,2.578144,2.971322,8.660863,12.931146,-0.471239,-10.282496,-3.738383])",center,1018
wafer_019,"tensor([7.703655,0.207576,-0.596446,-0.852651,2.179151,-3.783411,-2.031927,-5.950662,-4.422650,-5.414225,-15.728511,6.124344,-3.265490,-6.368435,5.316410,-0.799493,2.679884,-0.389232,-6.183654,3.622278,5.518374,10.210890,1.677823,3.080036,-13.296877,5.248918,-6.408088,5.416239,1.324903,-4.670590,1.622980,1.069575,-1.049790,-2.436820,0.793167,-4.379660,-0.465888,1.392660,4.692057,5.636176,-1.491041,3.939110,-1.590029,-11.761875,-1.229856,-5.040772,-7.122060,-2.131250,-7.712782,1.084086,-8.036485,-1.782374,1.798792,6.201378,-2.853227,-3.733701,-7.816858,2.930453,2.058231,7.802438,11.633376,-1.406337,-11.501321,-2.642741])",center,1019
wafer_020,"tensor([3.769026,3.252507,-1.327981,0.957175,0.430749,-3.942737,-2.033013,-1.832626,-4.598450,-4.377367,-11.756935,4.395545,-3.040049,-4.740262,3.664718,-0.470173,2.875384,1.225792,-4.886389,5.490943,4.334979,10.442145,2.726406,3.937413,-10.629041,1.719997,-6.182195,4.859686,-0.831883,-3.632527,3.197127,3.669222,-1.873362,-2.216092,1.847993,-5.093018,0.900322,3.989834,3.024850,6.275275,-1.327958,4.209199,-1.443300,-10.047647,-0.452914,-1.597643,-4.589043,-4.396209,-7.131598,2.779079,-5.916392,-3.319587,2.614986,5.886292,-3.115071,-2.842964,-7.906108,3.766072,1.428019,7.839186,14.347972,-0.183200,-9.707237,-4.284033])",center,1020
wafer_021,"tensor([7.684537,0.736616,-0.897611,-0.007334,2.052439,-4.086539,-0.776562,-3.857685,-2.004550,-3.296126,-12.328491,5.510273,-3.470430,-4.676800,4.465157,-0.735988,2.978674,1.632276,-5.473009,4.960450,6.021324,9.790492,1.444140,3.298599,-11.246087,4.182014,-5.428112,2.546316,-0.001475,-3.416945,1.917406,3.651290,-2.726079,-2.548431,1.212478,-5.795444,1.872635,1.740663,2.671814,6.575907,-1.500392,5.424203,-0.235538,-9.531353,-1.731398,-4.210533,-4.753044,-4.374415,-8.138364,1.241568,-8.329684,-1.595410,2.772441,6.362930,-4.277429,-3.432447,-6.982597,2.427405,3.875256,8.588656,12.389301,1.191391,-9.844383,-5.293683])",center,1021
wafer_022,"tensor([2.425026,4.336358,-4.087588,3.220941,1.093156,-5.913990,-1.712959,-0.442948,-0.003347,-3.022618,-6.944496,2.893895,-4.329035,-3.633500,3.162712,0.072863,1.897081,3.925356,-2.792740,7.248738,5.702043,9.852682,1.960664,3.347668,-7.374024,0.788241,-8.736595,0.000430,-4.432696,-2.113878,5.241425,7.212888,-3.848197,-1.642453,4.437961,-9.539133,7.121380,1.802682,0.263908,9.105911,-0.186726,5.892369,-0.216688,-7.856354,-0.327448,-3.357439,-3.023636,-8.409232,-7.105762,5.339365,-7.771076,-2.169067,5.473282,5.287167,-3.767629,-0.579487,-6.965650,1.916508,4.605351,10.270166,17.528127,3.278371,-7.479861,-6.243122])",center,1022
wafer_023,"tensor([4.520787,2.795614,0.109109,0.095171,1.103600,-4.386099,-2.377015,-0.881502,-6.092097,-5.208357,-11.131827,2.876951,-3.003769,-5.090812,4.588343,-0.194556,2.400713,0.091566,-4.871881,5.496801,4.875908,9.246160,2.473443,3.940143,-11.261023,1.745241,-6.149055,5.612632,-0.758498,-3.738633,2.850164,2.623515,-1.813730,-2.403551,0.795850,-2.959242,0.538048,4.503606,2.510289,5.203931,-1.021418,2.902864,-1.389625,-9.259497,0.396380,-2.046205,-3.691608,-3.607004,-6.296274,2.134206,-3.897710,-3.660909,1.135676,5.896911,-3.109345,-3.202993,-7.488662,2.753750,0.085882,6.463843,13.164580,0.290419,-9.141459,-3.077750])",center,1023
wafer_024,"tensor([5.569940,0.564225,-3.610960,1.399688,0.761380,-4.350492,-0.908930,-3.358074,-0.121647,-1.911790,-10.214329,4.274889,-3.827124,-4.039946,3.507095,-0.026939,3.804853,3.513977,-4.692076,6.257769,7.719352,9.964054,0.968992,3.419828,-10.004343,3.852701,-7.091051,0.831257,-0.658895,-2.771456,3.511127,5.332118,-2.627018,-2.412845,2.617103,-8.245526,4.338234,1.088911,1.630920,7.882932,-1.254688,5.193977,-0.678259,-9.527771,-1.541321,-4.680240,-3.771661,-6.829396,-8.441673,3.881227,-8.873126,-1.255654,3.727624,6.586426,-5.192263,-3.024054,-6.672113,2.219475,5.947549,10.088782,15.098207,3.779604,-7.382445,-6.454521])",center,1024
wafer_025,"tensor([4.899215,2.086294,2.027241,-1.312795,1.323398,-5.467788,-3.276931,1.462047,-8.400008,-5.032910,-11.366202,3.915344,-2.129979,-4.812589,4.819148,-0.194555,1.964250,-0.004592,-5.188544,5.541768,2.719573,9.323758,2.841672,5.421534,-12.510890,1.848616,-5.731156,6.041696,0.958845,-3.879656,2.817978,0.625761,-1.392674,-2.968043,-0.723772,-1.743156,-2.070072,5.916966,3.741849,4.635918,-2.040872,1.272328,-2.259283,-9.577824,-0.447721,-1.326435,-4.191731,-0.665611,-6.785857,1.128361,-3.316626,-4.710998,1.411859,6.008347,-3.149722,-3.365629,-8.343888,2.635167,-1.789224,5.401340,12.373414,-1.185750,-10.631967,-1.225593])",center,1025
wafer_026,"tensor([3.701395,2.423403,-4.677911,2.775676,1.235309,-4.714186,-1.417977,-1.366332,-0.483294,-2.222312,-7.760276,3.957953,-3.919263,-3.471527,2.693955,1.079625,2.027519,3.877115,-3.063481,6.821807,6.858092,9.393365,2.293081,3.474798,-7.994611,2.123047,-7.435068,-0.219468,-3.173504,-2.124178,3.848688,6.182552,-3.363612,-1.088616,3.043345,-9.088845,6.290667,1.360459,-0.216168,7.272571,0.126564,6.097346,0.481529,-8.458796,-0.093180,-2.986017,-2.266712,-7.934270,-6.805995,4.438098,-7.256896,-1.494429,4.170352,6.324917,-3.881831,-2.305873,-6.778372,1.119630,5.695205,10.450386,15.560627,3.465018,-7.223612,-6.400048])",center,1026
wafer_027,"tensor([5.543554,1.803152,-2.000369,0.049337,2.743669,-3.577683,-1.847185,-3.136713,-2.915410,-2.859680,-10.924614,4.526056,-3.419094,-3.881407,4.130124,-0.337001,1.953284,1.895859,-4.437577,4.860134,5.732633,10.001727,1.945916,3.327753,-9.866122,3.285982,-4.908888,2.019683,-0.073428,-3.255610,2.265686,3.764651,-2.877555,-1.328949,2.150508,-5.579410,2.420397,1.364585,2.464223,6.179359,-1.569482,4.454111,-0.577707,-8.721208,-1.243680,-2.878365,-3.999710,-4.606792,-6.741482,2.854450,-6.851731,-1.728046,2.412431,6.270079,-3.172286,-3.108682,-6.361143,1.783191,3.345843,8.268559,11.420700,0.780361,-8.200056,-4.758011])",center,1027
wafer_028,"tensor([3.144423,2.833278,-2.294736,1.146164,0.082622,-5.385357,-1.155564,-0.441550,-2.778125,-2.619921,-7.782548,2.784395,-4.210528,-3.633197,2.953061,0.278748,2.348711,1.899777,-3.843584,5.594210,5.412078,9.008392,1.405378,4.280013,-8.583615,1.208017,-6.459689,1.803060,-2.079179,-2.763808,3.913484,4.738870,-2.202428,-1.328732,2.093974,-5.842874,3.565762,3.265815,1.088404,6.420612,-0.967571,4.265023,-1.318264,-8.065607,0.391096,-2.860968,-3.771872,-5.736284,-7.229860,3.244512,-5.309878,-3.003920,3.343068,5.529911,-3.175993,-2.138023,-7.029152,1.653641,2.806133,8.346167,15.357906,2.220279,-8.445136,-4.780291])",center,1028
wafer_029,"tensor([6.383650,1.376718,-2.341723,0.141333,2.087385,-4.946853,-2.308429,-2.006138,-2.914052,-3.204132,-10.254113,4.613458,-3.612208,-4.549423,3.139135,-0.213644,2.681391,2.317568,-4.521596,4.435668,5.186002,8.775413,1.846811,3.913502,-10.179909,2.601653,-6.198482,3.030363,-0.906778,-3.821224,2.578793,3.477851,-2.727985,-1.936291,1.785963,-5.346140,2.235169,1.837120,2.944506,6.261413,-0.019164,4.895959,-0.302681,-8.205204,-1.449240,-4.017903,-4.493632,-4.137627,-6.867982,1.801014,-7.424947,-1.249076,2.139774,5.746530,-3.001615,-3.192173,-6.782407,2.129138,3.846959,7.671302,12.181739,0.428055,-7.955840,-4.088131])",center,1029
wafer_030,"tensor([4.349746,2.138221,-2.846472,2.270885,1.113934,-3.202974,-0.629418,-2.282288,0.091472,-2.093594,-6.963355,3.894765,-4.315751,-2.187414,1.921135,0.334135,2.442251,3.555795,-3.405467,3.770406,5.655908,8.742870,0.568040,2.506678,-7.264324,2.082236,-5.464613,-0.399098,-1.560371,-2.720167,4.251182,4.484282,-2.816706,-1.034264,4.348381,-7.818680,5.123289,0.413869,0.257839,6.507041,-1.031753,5.279015,-0.893926,-6.628800,-0.381636,-2.986565,-2.810781,-5.621291,-5.930367,3.418674,-6.749701,-1.905652,2.569399,5.940177,-2.599426,-1.986316,-6.041867,0.655546,4.441051,8.872195,13.140085,3.561305,-5.785065,-4.807895])",center,1030
wafer_031,"tensor([6.459282,0.287064,-2.113246,0.176867,1.341488,-3.443489,-1.223457,-4.642467,-1.039436,-1.878654,-10.296568,5.722687,-4.409205,-3.140340,3.122036,-0.522045,3.455932,1.634916,-4.486597,3.086563,6.679099,8.994367,2.275582,2.585278,-9.059503,3.911410,-5.890493,1.092096,-0.173332,-3.748909,3.445765,4.224880,-2.178969,-2.348105,2.423711,-5.871480,2.701149,1.414558,1.952860,6.311460,-1.161219,5.058693,-0.496596,-8.410042,0.021143,-4.210062,-4.430573,-5.258185,-7.092555,1.935843,-7.907463,-0.762600,1.947483,6.143410,-3.429624,-3.732473,-6.147087,2.197517,5.499008,8.295668,12.406542,2.688018,-8.388774,-5.215339])",center,1031
wafer_032,"tensor([6.655841,0.360213,-3.764635,1.356800,1.235900,-3.384568,-0.245151,-5.661356,2.411831,-0.992472,-9.506787,6.038169,-5.943778,-2.150277,2.008818,-0.487135,4.053378,5.292896,-3.996132,4.152342,8.048837,10.408522,0.306959,1.645397,-7.973337,5.552967,-7.384790,-2.231726,0.015840,-3.371890,3.321111,5.853283,-2.899380,-1.810452,3.379395,-8.569348,5.967002,-0.612149,-0.255559,6.727245,-1.123991,6.448364,0.918886,-8.957670,-0.828664,-5.260024,-3.917834,-7.506665,-6.707264,2.890965,-9.625109,0.697792,2.869676,6.698310,-4.816468,-2.935878,-6.631324,1.209884,8.046360,11.588162,13.870006,4.500767,-5.690380,-7.021562])",center,1032
wafer_033,"tensor([6.827386,0.678384,1.435576,-1.470894,0.776313,-4.851380,-3.746008,-3.422166,-7.334830,-4.842774,-11.971470,5.329090,-2.444965,-4.149500,5.288962,-0.013568,1.688282,-0.202466,-5.758318,4.485036,3.504359,9.268756,2.021309,4.466220,-12.712250,3.047269,-4.385740,5.470765,2.503614,-4.431171,2.467463,0.190251,-0.701705,-2.904298,-0.058213,-0.729786,-1.280100,3.835618,4.137856,3.834951,-1.636609,2.084068,-1.808041,-9.865608,-0.319082,-2.000528,-6.556082,-0.969362,-7.218390,0.584062,-5.400446,-2.721338,-0.081063,6.441064,-3.410411,-4.284959,-8.390083,1.987873,0.887868,5.728188,10.223774,-0.415560,-10.750878,-2.675521])",center,1033
wafer_034,"tensor([4.027569,1.741118,-1.270855,-0.680073,1.533787,-5.355004,-2.675030,-1.437430,-4.910630,-4.167080,-9.591143,4.070569,-2.235363,-4.631732,4.062143,0.458612,2.955915,0.751232,-5.260889,5.621037,3.544411,9.527993,2.753730,4.747351,-11.230644,0.852779,-5.316655,3.963900,-0.417104,-3.227268,3.016567,2.667244,-1.702361,-2.206066,0.664647,-3.354302,1.103994,3.424804,1.874597,5.092354,-0.766820,2.646827,-0.455805,-9.209861,0.610100,-1.062313,-3.982252,-2.845345,-5.918569,3.078513,-5.727156,-4.226393,0.903004,5.724104,-3.660625,-3.445804,-8.135713,2.312581,1.008418,6.666801,11.803735,0.234039,-9.201999,-2.581640])",center,1034
wafer_035,"tensor([8.404916,-0.388663,1.000624,-1.774288,2.332212,-3.644224,-2.373945,-5.326987,-5.135169,-4.264023,-12.604391,5.118423,-2.806667,-4.672186,4.716624,-0.611787,2.676767,0.235793,-4.686389,2.314033,4.833282,9.391004,1.291145,4.040571,-12.058358,4.808897,-3.507619,5.007746,2.035838,-4.425611,1.429734,-0.092629,-1.095157,-3.839347,0.462285,-1.556613,-0.868537,2.559172,3.616182,3.513474,-1.477708,2.446373,-1.113850,-8.372223,-1.176822,-3.038577,-5.441382,-1.707618,-6.348451,0.203134,-5.624685,-1.564050,0.170704,6.147523,-3.827628,-4.676567,-6.556439,2.063032,1.826307,6.266761,8.954191,-0.466626,-9.382179,-2.894337])",center,1035
wafer_036,"tensor([5.949060,-0.433521,-2.337376,-0.441632,0.398201,-4.004869,0.289523,-3.558590,-0.767453,-0.707377,-7.573476,3.876379,-3.679780,-2.254839,1.937585,1.374893,3.128825,4.556959,-4.013959,2.671261,6.456812,9.368367,0.810947,2.783141,-8.716723,3.570838,-4.617045,-1.031778,-0.089092,-3.404067,2.904925,3.898655,-1.656092,-2.122909,2.086161,-5.398492,4.194346,0.695516,-1.591675,5.564996,-1.047362,4.676873,0.550702,-7.765483,-0.498779,-3.079103,-3.438935,-4.465375,-5.273977,3.202516,-6.683639,-1.538890,0.337820,6.484441,-4.219673,-2.469934,-5.791243,1.303598,6.015041,7.320320,11.626427,2.896558,-5.742228,-4.340364])",local,1036
wafer_037,"tensor([3.990162,2.612405,1.084515,-1.740462,1.316533,-4.238286,-3.184494,0.547099,-7.686540,-4.185163,-8.850958,2.390232,-1.555904,-3.372637,3.621617,0.846688,2.110166,0.090420,-2.851649,4.399292,2.481734,8.948969,3.085654,4.587629,-10.781662,-0.088284,-4.608092,5.144346,0.358800,-3.160112,2.845040,1.826887,-0.440240,-2.773087,-0.133814,-0.783979,-0.917384,4.757606,2.154787,5.084723,-1.945482,1.352025,-1.690291,-7.300488,0.634140,-0.018709,-3.581219,-1.174623,-5.485312,2.019834,-3.165033,-5.000014,0.362131,5.037701,-2.909083,-3.002200,-8.123448,2.407729,-1.375607,4.232595,10.909603,-0.493678,-9.270812,-1.341853])",local,1037
wafer_038,"tensor([5.227379,1.276810,-5.045727,1.890589,0.884698,-3.147946,1.417197,-4.239600,4.109219,1.036237,-5.306535,3.818211,-5.580875,0.117678,0.700961,1.254103,3.212155,6.389161,-2.248411,3.918856,7.487945,7.890117,0.218609,1.884305,-4.834347,3.287028,-5.874384,-3.612484,-1.371422,-3.041524,4.889884,7.904572,-3.632911,-0.498181,4.964420,-9.587522,7.258086,-1.735260,-2.909193,8.170336,-1.075067,6.054776,0.650021,-6.622416,0.252232,-4.126272,-2.055330,-8.586579,-6.034441,4.192218,-8.365848,-0.396408,3.093076,5.863328,-3.803522,-2.423877,-6.065051,1.168043,8.572712,10.882443,13.063523,5.798256,-3.468808,-7.362337])",local,1038
wafer_039,"tensor([4.296393,0.793763,-1.812800,-0.692252,0.085139,-4.804500,-1.185592,-1.794067,-3.526902,-1.562618,-7.586137,3.505268,-3.032761,-2.902265,2.041156,1.413674,2.919665,3.529017,-2.809086,5.074706,3.553654,9.282016,1.762943,3.760908,-8.840207,2.283115,-5.014939,0.801571,-1.400423,-2.479219,2.930160,5.100803,-2.283257,-2.996246,1.727790,-4.555514,2.965250,2.155041,-0.517244,6.952249,-0.384650,3.557564,-0.842675,-7.137387,0.951256,-2.194319,-3.746503,-4.450504,-5.198391,3.493613,-4.571270,-3.692787,0.874667,6.031657,-3.790368,-1.960023,-6.736698,1.444723,3.328280,7.361292,12.549760,2.590768,-6.489461,-4.459658])",local,1039
wafer_040,"tensor([-1.362831,5.265836,-4.393006,2.860899,0.419434,-5.973709,-2.489763,3.845130,-2.517993,-2.585782,-2.664386,0.639950,-2.965200,-2.197841,1.118856,1.695316,1.882198,5.513167,-0.606767,8.457825,4.988382,8.421278,2.412549,4.170172,-5.818374,-2.072744,-7.065661,-1.124547,-5.657286,-0.580710,6.408424,7.408222,-3.621223,-0.488398,4.241923,-7.072172,7.496484,3.210211,-2.355515,8.236814,0.408129,3.639945,0.150094,-4.576457,1.978108,0.531783,-0.318595,-8.068753,-5.824023,5.391653,-4.279483,-4.502780,3.891184,5.933178,-3.707770,0.411723,-7.247077,2.334313,3.191426,7.307189,14.888627,4.012456,-5.599248,-6.220869])",local,1040
wafer_041,"tensor([3.914987,2.177834,-0.427536,-0.118530,2.696644,-6.110683,-1.872626,0.137960,-6.200161,-4.399335,-8.227014,2.272560,-2.313555,-3.935254,3.462297,0.272197,2.574310,1.668028,-2.179715,5.280615,2.879499,8.140927,2.777373,3.883976,-10.335261,0.918459,-5.358210,2.594682,-0.730401,-2.592340,2.337450,2.873353,-0.753112,-2.266700,0.695786,-1.920689,1.057790,3.932196,1.005575,4.891241,-0.272119,2.135485,-0.954663,-7.233990,0.975643,-0.157769,-2.779485,-2.339866,-5.230491,2.582246,-4.818923,-3.947847,1.584228,4.960750,-3.041206,-2.493804,-7.440293,2.457796,0.312574,5.191141,10.377660,0.287451,-7.533038,-2.992259])",local,1041
wafer_042,"tensor([4.863747,1.002776,-2.109463,0.079297,1.024360,-5.348966,-0.438135,-2.121592,-3.394794,-1.894718,-8.021961,3.780386,-3.138490,-2.356196,2.949539,1.363699,3.639343,3.475902,-2.768951,5.139365,5.386322,9.030337,0.896210,3.669719,-10.025816,3.448332,-4.984238,0.459240,-1.190322,-2.083256,3.042275,5.005944,-1.015833,-2.361945,2.013724,-3.405092,3.324102,1.835966,-0.436169,8.071648,-1.178008,3.811580,-0.234872,-7.726871,0.379795,-1.391123,-3.170455,-5.582092,-6.113099,3.208564,-5.896100,-2.929076,0.776821,6.988107,-4.321987,-2.844030,-6.982818,1.479127,4.214476,6.500448,12.419191,3.170341,-6.824753,-4.975599])",local,1042
wafer_043,"tensor([4.980376,1.559257,-2.261078,0.707284,1.026858,-4.831581,-1.638232,-2.404624,-1.865477,-1.347059,-7.023590,3.290826,-3.233405,-2.201171,2.296604,1.489259,2.869027,4.576090,-2.650271,5.226717,5.696312,8.675984,0.814103,3.186008,-8.089836,2.407552,-5.754297,-0.133536,-0.896387,-2.537576,3.772914,5.141148,-2.175539,-2.748947,2.740527,-4.968923,3.959963,1.920083,-1.508321,7.207867,0.238481,3.752721,0.445283,-7.052460,0.923060,-1.713417,-3.006094,-5.366227,-6.246360,3.360039,-5.917722,-2.134485,0.957635,5.354127,-4.195153,-2.888730,-6.333682,2.113644,3.932299,7.172449,11.917588,2.572861,-6.423349,-4.811102])",local,1043
wafer_044,"tensor([1.876815,2.719852,-0.676056,1.087395,0.842541,-4.838960,-1.281066,2.197847,-5.541780,-3.882435,-5.543687,1.473819,-2.491103,-1.625639,2.048573,1.623874,2.260335,3.358413,-1.959857,5.860794,2.185997,8.613358,2.729132,4.414413,-9.297371,0.364835,-3.846183,1.411304,-1.065727,-2.183696,4.532598,2.445870,-1.717905,-2.627448,1.044429,-2.168751,1.357143,4.573064,-1.283408,5.886328,-2.260575,1.813860,-1.573038,-5.707359,1.702606,0.634688,-2.409954,-3.034151,-5.327076,3.052071,-2.671480,-5.217751,0.034583,6.156925,-4.127895,-3.111795,-7.798111,1.698895,0.885700,4.470433,11.390682,1.522340,-8.093141,-2.893312])",local,1044
wafer_045,"tensor([5.653589,1.708051,-1.695046,-0.795196,1.770263,-5.479940,-2.185167,-2.052684,-4.779860,-2.451147,-7.881712,3.668214,-2.690634,-3.061602,3.398734,0.531879,2.947713,3.010436,-2.895188,5.323262,5.340425,8.185353,1.501057,3.455123,-8.529515,2.168233,-5.194554,2.853403,-1.066815,-3.929571,2.685472,3.620752,-1.846962,-2.293084,1.799133,-2.706906,1.549212,1.921821,0.862502,5.219365,-1.080123,3.423057,-0.769081,-7.850530,0.350482,-1.588342,-3.633193,-3.066436,-5.819312,2.388179,-5.881752,-3.133949,0.194012,6.195478,-3.372584,-2.381210,-6.806727,2.984777,3.081706,5.887527,10.451439,0.715480,-7.814367,-3.469407])",local,1045
wafer_046,"tensor([5.088898,0.784548,-3.608069,0.236076,1.825120,-4.905743,0.792663,-5.179006,1.670664,0.274696,-6.075362,5.427897,-4.296248,-2.611650,1.719255,0.839146,3.408945,4.268861,-2.471310,4.036026,6.828851,7.673467,-0.282782,2.437791,-7.002585,3.379000,-5.457002,-1.548854,-2.527916,-2.393030,2.789486,6.359305,-2.540146,-1.653774,3.278651,-7.372661,5.443766,-0.447115,-2.126131,6.889380,0.404808,6.114121,1.358332,-7.574276,-0.657746,-3.624289,-3.017189,-6.398329,-6.265818,3.065295,-7.170212,-1.265712,1.558364,6.135163,-3.510803,-3.037812,-4.404516,0.909832,7.098609,8.775942,11.157941,3.724168,-4.455769,-5.933941])",local,1046
wafer_047,"tensor([1.966294,1.893988,-4.504907,1.292436,1.291897,-5.107368,0.219651,-0.908001,-0.725583,-0.291160,-5.113095,2.054143,-4.187570,-1.124318,0.262681,1.987357,3.285855,4.862844,-1.880405,6.445654,5.889192,7.958443,1.961353,3.248204,-5.872320,0.591950,-5.574233,-1.378807,-2.480936,-1.264489,4.810269,6.560814,-2.680175,-1.287076,3.604910,-6.180165,5.796130,1.596974,-2.021249,7.979157,-0.807794,4.061124,0.605358,-5.760515,1.316784,-0.714476,-2.359614,-6.826552,-4.729314,4.725155,-4.799647,-2.808957,2.115787,6.136838,-4.018713,-0.765435,-6.120746,1.707881,4.178620,7.610632,14.138549,4.851639,-5.460570,-5.786125])",local,1047
wafer_048,"tensor([5.791613,0.667525,-3.120140,-1.422045,1.460919,-5.381373,-1.916025,-4.331542,-1.386917,-1.199786,-7.787994,5.535991,-3.110384,-3.695623,2.766779,0.798504,3.422343,4.175428,-2.507188,4.100256,6.667570,7.435387,1.258891,3.115198,-8.381092,3.116333,-4.842078,0.975527,0.281674,-2.417256,2.033565,5.622235,-1.328001,-2.055713,2.347996,-4.273736,3.778149,1.248739,-1.174305,5.394131,-0.330601,4.543386,-0.076836,-7.997961,0.422799,-2.919204,-3.397617,-4.825996,-6.030299,2.182650,-6.492210,-0.732803,1.775888,5.322602,-3.483395,-3.300294,-5.436232,2.162087,4.632527,6.836744,9.614533,2.298175,-6.214059,-4.565201])",local,1048
wafer_049,"tensor([0.739604,4.593362,-5.985257,1.654499,0.109327,-6.345065,-0.023278,1.826869,-0.454653,0.496309,-0.455036,1.220734,-3.944947,-1.045046,0.488399,2.146608,2.809998,4.894594,-0.043612,7.517990,5.933091,7.218662,2.729953,3.099785,-4.266969,-2.452409,-6.988087,-2.790262,-5.850891,-1.402476,5.340323,8.404560,-3.285656,-0.801608,4.212417,-7.623479,8.239627,2.134053,-4.025980,8.024166,0.614190,5.149251,0.141637,-4.746410,1.862689,-0.489020,-0.031868,-7.520876,-5.287557,6.595660,-5.534696,-3.423642,4.029600,5.325796,-4.275324,0.163928,-5.240649,1.770062,4.681603,8.748514,14.759145,5.595483,-4.302910,-6.276108])",local,1049
wafer_050,"tensor([7.236821,-1.551429,1.104629,-3.824543,1.829734,-5.112536,-2.758246,-3.544579,-8.432599,-3.896477,-10.978618,4.717585,-1.464647,-4.870337,4.194029,-0.430319,3.309205,0.433135,-4.376091,3.577121,2.836379,8.107022,1.686699,4.420276,-11.555917,4.156760,-3.153842,4.842327,2.353027,-3.803529,1.306539,-0.003062,0.023112,-3.370719,-2.179652,2.126226,-2.522274,3.603689,2.097242,3.520706,-2.698594,0.666924,-0.754152,-8.149439,0.199852,-0.909029,-5.642400,0.885570,-5.643612,0.591572,-4.203020,-3.087412,-3.165180,5.485870,-4.085879,-4.801262,-7.538891,1.671512,0.425533,2.992917,7.167028,-0.797351,-9.573097,-1.679907])",local,1050
wafer_051,"tensor([3.165495,1.187799,-2.099150,-0.964581,1.525279,-5.719129,-1.242383,-0.932019,-2.793238,-0.573908,-5.190002,3.099718,-1.913727,-2.440836,1.517667,0.514387,3.553655,3.658529,-1.907532,4.668546,4.801112,7.196709,1.257261,3.878636,-7.411556,1.471393,-4.278750,0.501125,-1.829664,-2.649610,3.118812,4.038888,-1.146486,-1.930402,1.865333,-2.819131,3.255131,1.944656,-1.698144,5.223242,-1.321097,3.996432,0.125855,-5.471160,0.813789,-0.082146,-2.269506,-3.737127,-4.837797,3.603224,-4.411904,-3.391255,0.705755,4.644619,-2.125768,-1.874840,-5.922636,1.691222,3.680905,5.249862,10.546783,2.361801,-5.766328,-2.955857])",local,1051
wafer_052,"tensor([2.795371,1.357597,-1.370934,-0.595095,0.844793,-5.272890,-1.596678,0.522988,-5.830983,-2.589037,-5.597419,1.959579,-2.029350,-1.564644,2.181757,1.616762,3.980361,3.485071,-1.949884,6.342046,2.972846,8.893732,2.569933,4.161097,-8.639681,1.391722,-4.723981,1.583320,-2.299334,-1.544613,3.990556,4.911899,-0.966454,-3.186211,1.146376,-1.933979,1.455704,3.832495,-1.409555,6.185654,-1.665147,1.217690,-0.502399,-7.124847,1.754719,1.179397,-3.105180,-3.837175,-4.751286,3.630330,-2.565626,-4.705913,-1.133264,5.967275,-4.601233,-2.771434,-8.280766,1.885376,1.558254,4.549811,11.983116,2.665038,-6.492803,-3.111753])",local,1052
wafer_053,"tensor([8.785730,-1.736615,-3.433886,-1.570567,1.852236,-4.736282,0.641184,-7.560409,0.711803,0.494374,-7.648109,6.266552,-3.665766,-3.077507,2.056635,0.537070,5.124389,5.153774,-2.877508,3.645564,7.217559,7.647751,-0.866236,1.834933,-7.096274,5.514512,-4.260048,-1.870068,-0.223318,-2.489344,2.402924,6.135080,-2.252198,-2.768141,2.780631,-5.077446,5.717695,-1.081427,-1.596897,6.449872,-1.506804,5.285068,1.119132,-8.507878,-0.747652,-4.485140,-4.193879,-5.969473,-6.406000,3.061210,-8.361473,-0.746997,0.061328,5.925799,-4.583215,-3.548497,-4.354908,2.024372,8.535327,9.005002,9.166717,4.504847,-4.909925,-5.226946])",local,1053
wafer_054,"tensor([6.585046,-0.927576,-2.982374,-1.228849,1.869330,-4.768912,-0.106422,-4.951601,0.013808,-0.017203,-7.320538,5.164463,-3.300795,-2.654556,1.893467,-0.026731,3.981295,4.790319,-1.553857,3.328942,7.000346,7.685856,-0.070621,2.643942,-7.760574,3.938629,-5.005486,-1.559541,-0.414822,-3.221341,2.383672,5.201053,-2.162555,-2.076122,2.447697,-4.492319,4.832101,0.040705,-0.753327,5.671394,-0.591709,5.081305,0.933546,-6.789825,0.431057,-2.420974,-3.358068,-5.738535,-6.273847,3.404935,-7.290061,-1.764583,0.812843,6.437745,-3.785123,-3.478358,-5.076404,2.238404,7.133903,7.805129,9.954937,3.496859,-5.070911,-5.246217])",local,1054
wafer_055,"tensor([7.644210,-1.311201,-2.997929,-2.234977,2.522486,-4.484438,-0.203808,-5.887213,0.732733,-0.264963,-7.798644,5.361983,-3.133159,-3.536882,1.875106,0.021477,4.138792,4.405854,-2.698326,2.900338,6.906746,7.384231,-0.323977,1.550701,-7.328872,4.981387,-5.043116,-1.288478,-0.302338,-2.628679,1.532878,6.091495,-1.899627,-1.702816,1.684190,-3.370946,4.616589,-0.742725,-1.501865,5.429965,-1.475880,5.621944,1.121608,-8.201848,0.525661,-3.533615,-4.875652,-5.460119,-6.125286,2.297935,-6.857493,-0.263220,0.709508,5.761365,-4.258537,-2.833203,-5.413722,1.237479,7.369138,7.436792,9.584126,3.493028,-5.911722,-4.675605])",local,1055
wafer_056,"tensor([6.065352,0.548305,-0.574170,-3.110763,2.830798,-5.175147,-1.699743,-4.636030,-4.986611,-2.778361,-9.055582,4.950282,-1.976848,-4.886114,3.397806,-0.423970,3.062253,2.179427,-2.799983,3.805442,4.594424,7.235121,2.141289,2.672141,-9.093316,3.136791,-3.305341,2.890387,0.185577,-3.220110,1.348553,3.485238,-1.218999,-2.321739,0.611189,-1.252761,0.869195,1.635922,1.426112,4.267712,-0.788222,1.905865,-0.551776,-7.208963,1.448407,-0.928805,-4.945714,-2.153362,-5.975679,1.124131,-5.581054,-1.520171,0.701128,4.779402,-3.691361,-3.580707,-5.475999,2.588726,1.849356,4.717709,7.716583,0.284542,-7.620923,-2.022812])",local,1056
wafer_057,"tensor([6.423157,-0.182181,-3.158733,-2.442920,1.457255,-4.712462,-0.781056,-4.479552,-2.025778,-1.278955,-6.919045,5.047176,-2.545727,-2.959344,2.315075,0.755213,4.489095,4.557969,-0.852625,3.817318,5.780547,8.212287,0.109450,2.984163,-7.745887,3.825879,-4.762542,-0.079670,-0.955247,-3.170276,2.515755,5.646769,-2.247599,-2.576749,1.230912,-3.620012,4.034399,1.066489,-1.273777,5.617152,-1.315344,4.196489,0.472566,-7.952135,0.353988,-2.157565,-3.276150,-4.048474,-5.592135,2.769816,-6.745511,-1.354687,-0.130925,5.824882,-4.549020,-3.330782,-5.855812,1.858630,5.074431,6.194278,8.414745,1.902704,-5.027168,-4.086730])",local,1057
wafer_058,"tensor([3.490149,0.864784,-4.152074,-1.257988,1.067191,-6.137737,-0.325746,-3.309469,-1.657659,-0.182239,-5.332991,3.357382,-3.435940,-1.754944,1.382015,1.401839,3.982969,5.054764,-0.822741,4.009569,5.878278,7.254095,-0.178850,2.664702,-6.221489,1.377584,-4.928686,-1.449625,-0.952581,-2.366839,2.286649,7.038011,-2.179909,-1.922065,1.518513,-3.937446,3.876362,1.052890,-2.218833,6.281364,-0.965500,4.535877,0.727469,-5.992549,0.525400,-0.868871,-2.412971,-5.812857,-4.993075,3.547287,-5.859894,-1.322989,0.486569,5.624099,-3.972294,-1.870229,-5.229279,1.926063,5.808810,6.082802,10.803623,3.224694,-4.351099,-4.997645])",local,1058
wafer_059,"tensor([7.174844,-1.657606,-3.427336,-2.006823,1.167956,-4.968451,0.133600,-5.346283,-0.445363,1.326258,-6.544203,5.278425,-2.806350,-2.529344,1.414943,1.546066,4.893273,6.915635,-2.390350,4.455275,6.898486,7.776106,-0.363673,1.967074,-7.878018,4.550077,-5.255393,-1.453383,-1.063644,-2.706043,2.169769,6.694092,-2.104369,-3.058851,1.418253,-3.968773,5.022348,-1.180148,-3.058776,7.800844,-1.137399,4.369298,0.389593,-8.929962,-0.076737,-2.463812,-3.886185,-5.838471,-6.083091,4.173907,-7.302410,-1.391226,0.043259,6.773016,-4.906373,-3.340684,-5.420152,1.318408,6.621137,7.836674,9.919508,5.048504,-4.643391,-5.889927])",local,1059
wafer_060,"tensor([6.135447,-0.912536,-0.803353,-3.975004,1.826241,-5.851648,-0.792414,-3.171169,-6.460548,-2.555032,-7.561915,3.750352,-0.979764,-3.290737,2.238531,0.920594,3.856804,3.662881,-2.110818,4.237978,2.838319,7.116698,1.762826,3.883254,-9.887254,3.190809,-4.193214,2.272296,1.476165,-2.068392,1.942169,2.871989,-1.029994,-2.675057,-0.448296,1.374159,-0.075736,3.248875,-0.365858,4.659755,-1.185778,1.891040,-1.709980,-8.283715,1.121796,0.658359,-3.674966,-1.149171,-5.388007,1.632862,-3.726477,-3.219954,-1.825219,6.411787,-5.028620,-3.222385,-5.925194,1.646085,1.834765,3.616031,7.790210,0.519210,-7.199731,-1.274919])",local,1060
wafer_061,"tensor([4.655818,0.344213,-1.366249,-2.259306,1.042266,-5.977721,-1.429428,-1.335684,-6.667595,-2.712988,-6.601017,2.931814,-1.534214,-2.871143,1.589178,1.087877,3.529557,3.610912,-1.390031,4.516742,3.682568,7.170415,2.040357,4.030776,-9.016092,2.164916,-4.986921,1.465994,-0.519490,-2.276582,2.556536,4.470433,-1.436482,-3.264516,-0.483349,0.195603,0.577604,3.254483,-1.675843,5.159331,-1.774396,1.282616,-1.646964,-6.985659,1.162257,0.508753,-4.460464,-1.576335,-5.242029,2.548561,-3.483810,-3.937278,-1.646750,5.358773,-3.743257,-3.307824,-6.755806,1.632942,1.961310,3.672531,9.249060,1.287371,-6.384746,-1.819294])",local,1061
wafer_062,"tensor([3.791674,0.830948,-2.476045,-1.147693,1.160637,-5.718702,-0.790173,-2.193305,-3.273875,-1.254302,-4.772493,3.373784,-2.076684,-2.814498,0.880998,0.338737,3.499638,2.856488,-0.706476,3.190989,4.594553,5.045381,2.173536,2.407484,-6.369037,1.756468,-3.718402,0.892355,-1.532097,-1.942376,2.302778,4.688079,-1.449656,-1.408667,1.002737,-1.521852,2.825968,1.487296,-0.675997,3.820938,-0.251220,2.490524,0.824080,-5.071525,1.428709,-1.060005,-2.568663,-4.343987,-4.225029,2.025067,-4.479118,-1.279141,-0.249573,4.019817,-3.317928,-1.835498,-5.332083,1.293162,3.319587,4.301065,7.308114,1.433389,-5.442589,-1.986812])",local,1062
wafer_063,"tensor([1.240927,1.620881,-4.795207,-0.376029,0.365566,-5.930630,0.264715,-1.577241,-1.436717,-0.084526,-2.392891,2.322882,-2.184752,-0.795080,-0.031817,1.733495,3.703642,6.750173,-0.021206,5.622760,5.213575,6.858580,0.546752,2.920193,-5.663742,1.144930,-5.367393,-2.006721,-2.577629,-1.389216,4.470787,8.149179,-2.340215,-1.736036,2.155605,-4.267744,5.367419,1.469010,-3.492195,7.360232,-0.559190,3.235502,0.168394,-5.196182,1.272410,-0.068982,-1.556337,-6.143356,-4.600740,4.913314,-5.011183,-3.208245,0.129118,5.436554,-3.820563,-1.500641,-6.158794,1.629673,5.259136,6.455644,11.604094,5.286556,-3.973020,-4.962320])",local,1063
wafer_064,"tensor([5.527712,0.283204,-2.794831,-1.366192,1.309216,-5.567202,-1.054223,-3.580442,-1.609048,-1.417225,-5.772380,3.966558,-2.286993,-1.232135,1.142998,1.249663,5.031451,4.951579,-1.243039,3.211935,5.575598,6.218726,0.703993,2.423502,-7.243970,3.084974,-4.209410,-1.008084,-0.769873,-2.993274,2.914277,4.884717,-1.215310,-2.891042,0.572522,-2.618293,3.992827,0.769321,-2.299958,6.284006,-0.293017,4.646265,-0.049628,-5.580044,1.473874,-0.642785,-2.820649,-4.512924,-5.059069,3.516268,-5.461302,-2.219137,-0.431440,6.018043,-3.951394,-1.617829,-5.446383,1.061003,4.727175,4.488790,8.708833,2.975451,-4.937737,-3.288545])",local,1064
wafer_065,"tensor([5.646988,-0.823476,-4.319552,-2.685519,1.310159,-6.270846,1.527876,-5.512508,0.097273,0.401471,-4.444948,5.162173,-2.068151,-2.387322,1.028419,0.911661,4.525789,4.703070,-1.178118,4.329893,7.081153,4.861511,0.047426,0.201171,-6.291091,3.755271,-4.703074,-1.812527,-1.163139,-1.387554,1.414887,7.372401,-1.832214,-2.112273,2.273612,-3.029908,5.050177,-0.644849,-2.555227,6.345509,0.217308,3.678450,1.270794,-6.193649,0.528535,-2.349391,-3.261864,-5.143485,-4.888013,2.108413,-6.388430,-0.179605,-0.703952,5.602680,-4.125142,-2.236408,-3.366727,1.334466,7.007480,6.156542,7.634572,3.636536,-3.998008,-4.625556])",local,1065
wafer_066,"tensor([5.787145,-1.902397,0.923003,-5.720109,2.065124,-5.761376,-2.576026,-2.920779,-9.840563,-4.030169,-9.303391,3.575154,-0.016932,-4.493919,4.383478,0.272752,4.541872,1.024113,-1.502918,3.311917,1.495788,6.292472,2.099267,2.980286,-11.231584,3.976927,-3.512208,4.349876,2.342150,-1.895659,0.622830,1.903160,1.148650,-3.317447,-2.045072,4.866177,-1.887679,3.512194,0.478544,4.230198,-1.465258,-0.474149,-0.846918,-8.127453,0.413490,1.892449,-4.980348,0.847065,-4.663195,0.713066,-3.581290,-3.813205,-2.785169,5.607515,-3.853108,-4.025338,-6.977421,2.439371,-0.475072,0.936680,5.549218,-1.061076,-8.277681,-0.503751])",local,1066
wafer_067,"tensor([7.547966,-1.948017,-1.916235,-4.524202,1.957943,-5.715172,-0.850190,-6.427866,-4.205810,-1.639062,-7.664151,4.733596,-1.893199,-3.084243,3.058300,1.440324,5.849405,4.733019,-1.476435,3.072686,3.721471,7.989007,-0.654220,3.012542,-9.094554,5.952807,-4.432265,0.782998,1.457354,-1.977442,0.835268,4.944978,-1.149458,-3.606891,-0.646528,1.155347,1.283427,1.111159,-1.138880,5.301877,-2.053894,1.627167,0.055839,-9.129227,0.666443,0.058956,-5.513524,-1.662664,-5.294790,2.680366,-5.626423,-1.847701,-3.323223,6.381104,-4.723697,-4.170924,-7.568302,1.571570,3.537508,3.927317,8.436451,2.718580,-6.036163,-2.592164])",local,1067
wafer_068,"tensor([3.506798,-1.289603,-3.176183,-3.189900,1.237078,-6.127880,-0.927345,-3.288803,-3.367904,-1.201089,-4.599062,2.818825,-1.606126,-1.848834,1.711363,0.901862,4.341441,4.596900,-0.482082,4.243819,5.242195,5.907591,0.221922,2.315331,-6.099033,2.155759,-4.015809,-0.048569,-1.489694,-1.478350,3.068941,6.216297,-1.751499,-1.565870,0.060130,-1.194966,3.560596,1.406641,-2.673166,6.377210,-0.479767,1.860127,0.206455,-7.322859,1.488724,0.118180,-3.416945,-3.219387,-4.305482,3.320412,-4.615372,-1.875763,-1.445976,5.570163,-4.617151,-1.996877,-4.715735,1.732026,4.449218,4.402759,8.736727,2.791563,-5.331235,-3.831334])",local,1068
wafer_069,"tensor([5.295992,-1.114686,-2.462814,-3.422863,2.286598,-5.148339,-0.384304,-4.529276,-3.363178,-1.386824,-4.600263,4.068020,-1.822385,-2.178113,2.126727,0.695882,5.277502,4.767992,0.046097,3.073794,4.662573,6.235491,1.198672,2.703646,-7.089257,3.264355,-3.819247,-0.442815,-1.200065,-1.053149,1.308895,5.903402,-0.415905,-2.526068,0.577408,-0.118147,2.453449,1.171098,-2.415692,4.859095,-1.134353,2.726295,0.082078,-5.815635,0.852661,0.539690,-3.376011,-2.523545,-4.398627,2.831016,-4.318018,-2.210366,-1.318594,4.117267,-4.318802,-2.431324,-5.287113,1.092752,3.830309,3.245026,6.793946,1.960813,-4.576131,-2.400155])",local,1069
wafer_070,"tensor([5.741246,-1.799589,0.280937,-5.578356,1.606932,-5.538657,-2.106683,-3.926410,-8.577320,-3.858633,-8.444091,4.192768,-1.663231,-3.789313,3.370527,1.000013,4.083503,2.889198,-1.193222,2.705231,1.759979,6.116310,0.861434,3.538814,-10.570993,3.633412,-2.812661,4.900900,2.427978,-2.198206,0.685978,2.298522,1.032314,-3.672883,-2.455307,4.188227,-2.709631,3.737271,-0.026789,3.909818,-1.857871,-0.131088,-1.323290,-7.567389,2.037676,2.171843,-5.243414,1.909384,-4.686372,0.950013,-2.966293,-3.777141,-3.681806,4.774783,-4.635762,-3.803124,-6.291689,2.121302,0.011116,1.049844,5.451925,0.173506,-7.674318,0.160568])",local,1070
wafer_071,"tensor([9.743937,-3.958038,-3.963111,-5.191055,2.386403,-5.514462,0.538311,-10.953110,1.353151,0.105727,-7.357878,6.544193,-3.149609,-3.425242,2.155494,-0.713220,5.282658,3.711211,-1.597876,2.030886,7.707347,6.039434,-1.399467,1.588702,-7.291730,7.672418,-3.691380,-0.847084,1.117249,-2.041088,-0.256292,6.697846,-0.985342,-3.050707,0.435651,-2.074439,4.379679,-2.719326,-0.924830,5.382198,-1.302706,4.198172,1.484803,-9.344682,-1.185438,-3.581854,-5.601087,-3.507440,-5.681448,1.501713,-8.242949,1.241319,-1.617275,4.955249,-4.618515,-3.035293,-4.655396,1.010294,7.809575,5.616958,6.255963,3.137307,-3.783947,-4.653894])",local,1071
wafer_072,"tensor([2.019839,0.226442,-4.107009,-2.414001,1.234624,-7.520054,-0.930460,-1.205386,-4.689207,-1.473023,-3.426843,2.705848,-2.027388,-1.923447,1.734474,1.194486,4.217345,5.281935,0.402217,6.821004,4.727331,6.680108,2.293392,4.918614,-6.021685,0.770227,-5.236385,0.267810,-4.134734,-0.564270,3.037670,7.458732,-1.396750,-2.962194,0.176888,-1.222629,4.030721,2.634204,-2.730237,6.974945,-1.221771,2.178418,-0.019249,-6.475564,2.050064,2.379286,-2.002389,-4.547456,-4.736694,3.809312,-4.198573,-3.878047,-0.821608,4.766060,-4.834044,-2.159321,-6.182661,1.699514,1.528635,4.109403,10.303530,2.629685,-5.897283,-4.199243])",local,1072
wafer_073,"tensor([10.218149,-5.110124,-1.350958,-6.441195,2.531968,-5.594964,-0.874841,-10.118491,-3.753561,-1.019088,-11.203665,6.469821,-0.938811,-4.005118,2.419016,0.588549,5.785480,3.314322,-2.984426,0.616272,4.817515,6.837552,-0.096784,1.852335,-10.207963,8.412428,-2.932847,1.703075,3.643589,-2.700616,-0.402561,3.999404,-0.090867,-5.124711,-1.598680,2.580336,-0.227847,-0.171698,-0.535473,4.053199,-1.624100,1.812598,0.978854,-9.936203,-0.980327,-1.329370,-7.617332,-0.884013,-5.727923,-0.395484,-6.774325,-0.819837,-4.064993,5.795391,-6.431181,-4.898514,-5.854909,2.028793,4.271307,3.916172,4.993948,2.351943,-6.483720,-3.286064])",local,1073
wafer_074,"tensor([2.681439,-0.661100,-3.739885,-2.035972,0.341512,-5.978952,0.340231,-2.057471,-1.790997,0.082637,-3.081562,2.868511,-2.259504,-0.530625,-0.483166,1.585576,4.472844,6.113623,-0.042567,4.518452,4.873435,5.652785,1.477259,2.581337,-4.918369,1.814222,-4.084927,-2.135600,-1.212711,-0.318614,3.090063,8.105337,-1.131350,-2.837119,2.214565,-1.706769,4.811981,1.352031,-5.057139,7.134369,-0.509631,2.376638,0.448231,-4.886879,1.672902,1.133189,-1.801444,-4.696989,-4.048276,3.981630,-5.143421,-1.559838,-1.461482,5.386679,-4.781029,-1.449634,-5.580192,0.942178,4.852888,4.472530,8.204202,4.802708,-3.928282,-3.700404])",scratch,1074
wafer_075,"tensor([4.343467,-1.155770,0.349499,-4.525677,1.661839,-6.561332,-1.463479,-2.890673,-9.314622,-2.844002,-6.710893,2.446689,0.583846,-2.782388,2.160248,0.895211,4.117128,2.143500,-0.670597,3.117384,1.472102,5.385358,2.452246,2.795206,-9.235400,2.784064,-3.128676,3.944665,0.836367,-2.674736,1.308636,2.299371,0.389404,-3.886617,-2.311765,5.722352,-2.191235,3.989492,-0.752175,2.950846,-1.194766,0.206377,-1.684138,-6.692984,2.152488,3.539704,-4.089625,0.755254,-3.592171,1.025141,-1.960864,-4.639390,-4.250655,4.412251,-5.013593,-3.495258,-6.889991,1.222319,-0.355622,-0.280221,5.029002,0.396977,-7.354185,0.133150])",scratch,1075
wafer_076,"tensor([5.276248,-2.185188,-1.039371,-4.467699,1.915500,-5.203297,-0.474449,-5.016502,-5.413406,-2.384961,-6.493831,3.728826,-1.173130,-2.381407,1.487124,1.667873,5.081938,4.371961,-1.104281,2.890027,3.903074,5.636892,1.460864,2.371869,-8.302645,4.165123,-3.208129,1.451758,-0.465826,-2.040523,0.496224,4.376234,-0.027749,-3.528430,-0.728575,2.500473,-0.098345,0.846852,-2.005507,4.460803,-0.947999,0.909715,-0.362728,-7.705616,0.431802,1.552696,-3.295087,-0.757755,-3.649710,1.691508,-3.025270,-2.845596,-3.095833,5.266643,-4.459307,-2.754336,-5.446885,1.445395,2.500580,2.793633,5.477130,2.012827,-4.846527,-1.645619])",scratch,1076
wafer_077,"tensor([5.877465,-1.955446,-3.314882,-3.172441,2.318262,-6.617923,0.228765,-6.194972,-0.587001,0.197066,-5.006085,4.501024,-1.393424,-2.076361,1.029190,1.521989,4.827729,5.003388,-0.759002,2.749264,5.510739,6.136485,-0.128635,1.272332,-5.967528,3.204606,-4.071455,-0.412598,0.301747,-1.152937,2.292249,6.622309,-1.065947,-2.920149,0.913212,-0.735227,3.912145,0.364785,-2.137448,5.926312,-0.207249,2.642844,0.962349,-6.667525,0.185827,-0.333315,-4.040949,-3.796817,-5.276820,1.934178,-6.281341,-0.531799,-2.253584,5.701456,-4.596259,-3.097216,-4.075145,1.610683,5.298165,4.809758,7.708811,3.374125,-4.284260,-4.122916])",scratch,1077
wafer_078,"tensor([4.408080,-0.889207,-2.692015,-3.821688,3.493466,-6.376920,-0.498539,-4.128024,-3.009667,-0.964106,-4.706077,3.525844,-1.178656,-3.002508,2.489269,0.526580,5.821450,4.594816,0.049758,3.496643,4.648147,5.199611,0.738026,1.999674,-6.466408,2.513935,-3.606593,-0.290136,-0.361007,-1.177953,1.524337,6.727255,-0.335146,-2.876790,-0.135196,0.339853,3.242792,1.338315,-2.808805,4.879562,-1.008533,2.416231,0.353580,-6.127634,1.096609,0.734250,-3.586663,-2.829834,-4.879429,2.843963,-5.661154,-1.522876,-1.461515,4.930963,-4.402076,-2.481424,-4.762358,0.647359,3.865919,3.276847,6.368725,2.544256,-5.093398,-2.985249])",scratch,1078
wafer_079,"tensor([5.438029,-1.637431,-1.309870,-5.068207,1.334761,-6.108052,-0.752408,-4.555728,-4.740833,-1.831184,-4.759280,3.531570,-1.315710,-2.604174,1.686664,0.532834,5.294460,4.321038,-0.576657,2.514963,4.302175,4.999231,0.834847,1.904868,-7.938166,4.044419,-3.314193,1.289773,0.800292,-2.018666,1.024475,4.031519,-0.194890,-3.082612,-0.121801,2.384583,1.070283,1.251934,-0.816344,4.247531,-1.016880,1.731840,0.023716,-6.570040,1.238143,1.018073,-4.006897,-1.498935,-4.145609,1.992650,-4.595398,-1.456092,-2.836055,5.015395,-4.208802,-2.658139,-4.912949,1.155796,2.534331,3.495528,5.826740,2.065457,-4.990737,-1.649360])",scratch,1079
wafer_080,"tensor([7.995004,-3.442192,-1.280337,-6.256776,2.226638,-5.118583,0.530101,-7.525003,-3.558973,-1.936536,-8.306756,4.362122,-1.933357,-3.046311,2.825438,1.141039,5.525096,4.548771,-1.859519,1.067843,5.221967,5.423228,-0.643597,1.691254,-8.387117,6.427126,-2.439189,1.287243,2.350459,-2.238420,-0.406602,4.587054,-0.445376,-3.343596,-0.655543,2.387029,0.254558,0.078620,-0.872083,3.678117,-1.802917,1.496699,0.596753,-8.902762,-0.450070,-1.142704,-5.454306,-0.304266,-4.342871,1.147282,-5.961736,-0.518428,-3.902041,5.227230,-5.712482,-4.323024,-4.970936,1.573226,4.549621,3.561901,4.507852,2.027258,-5.301944,-1.928368])",scratch,1080
wafer_081,"tensor([11.868926,-5.489197,-1.594760,-7.830885,3.735525,-5.165158,-0.397168,-11.313076,-2.845379,-1.519559,-10.879362,7.398216,-0.859600,-5.279583,3.386229,-0.241341,5.606917,2.924001,-2.457196,1.922862,7.569457,6.074349,-1.093762,1.151853,-9.884595,9.086467,-3.429931,2.585310,3.141268,-3.384579,-2.290355,4.511546,0.692875,-3.144207,-1.924319,2.195278,0.401579,-0.745495,0.428766,4.294740,-2.132401,2.332436,1.332038,-10.019303,-1.085864,-2.299192,-6.924884,-1.534602,-6.077085,0.384047,-7.973968,1.604165,-2.308596,5.102748,-5.063188,-5.296924,-3.357066,1.884929,5.206620,4.338290,1.969225,1.172868,-5.193477,-2.294603])",scratch,1081
wafer_082,"tensor([5.602559,-2.062993,-3.270449,-3.887771,1.137448,-5.427976,0.353563,-6.385800,-1.039004,0.270371,-3.172830,4.122132,-1.642446,-2.218409,1.358958,0.885275,4.849978,5.228696,0.248247,2.342696,4.722262,5.047597,0.566412,1.130854,-5.413796,3.644694,-2.966729,-1.354545,-1.255345,-1.204614,1.441990,6.965678,-1.024158,-2.172512,1.270566,-0.297100,3.866951,0.127461,-3.084890,4.388521,0.059854,3.157845,1.534733,-6.477861,0.638378,-0.259499,-3.749843,-2.890874,-3.948979,1.991994,-5.293358,-0.693457,-2.335838,4.400239,-4.005495,-2.366196,-3.556091,1.444565,4.991635,3.868671,6.085110,3.817852,-3.103792,-2.672203])",scratch,1082
wafer_083,"tensor([5.777590,-2.859548,-1.275445,-5.661723,2.202143,-5.356337,-0.407006,-6.108997,-4.168177,-2.416537,-6.967274,4.732727,-0.511694,-2.806147,2.353699,0.506055,5.274641,3.889612,-1.053841,2.913987,4.933472,5.794603,1.553749,2.792386,-7.893444,5.128450,-2.527530,2.104673,0.427637,-1.677793,-0.021877,4.198111,-0.399493,-3.616264,-1.407260,1.835210,1.228391,1.263550,-0.584395,4.334488,-0.183420,1.584257,-0.146826,-7.754282,0.757760,0.592273,-5.614055,-0.892220,-4.774193,2.028711,-5.531895,-0.850827,-2.590963,5.412292,-5.016401,-3.690726,-4.938628,2.254470,3.509944,2.990838,4.250417,2.439183,-5.086732,-2.692675])",scratch,1083
wafer_084,"tensor([3.645782,-0.983754,-2.650715,-3.631770,0.718530,-6.005827,0.210606,-4.693024,-1.812423,0.150729,-3.171198,2.916651,-1.833398,0.176472,-0.304894,1.459105,5.166094,4.735004,0.586690,3.373017,4.417185,5.005868,0.697739,1.866622,-5.232363,3.424641,-3.400737,-0.594607,-1.351198,-1.015382,2.063194,6.221697,-0.492510,-3.162100,0.118538,1.039795,3.003297,1.060695,-3.444132,4.679876,-1.274471,1.968296,0.355288,-5.210868,1.278217,1.928777,-2.459569,-2.846914,-2.873616,3.124641,-3.019899,-1.631092,-3.425504,4.709612,-4.101546,-2.788948,-4.184368,1.237695,4.806688,4.158633,5.931256,3.688264,-2.432071,-2.362377])",scratch,1084
wafer_085,"tensor([8.801360,-4.274858,1.855013,-8.152008,2.081136,-5.513554,-0.974153,-8.061918,-7.760723,-3.526254,-9.492679,4.959974,0.398763,-3.470077,2.739306,-0.881077,5.037400,1.492860,-1.906241,0.688293,1.860081,5.152760,-0.167146,1.733533,-11.310318,6.704032,-0.929379,4.293716,4.299800,-3.048123,-1.885244,0.651963,1.477326,-4.003837,-3.972727,7.529318,-4.805790,1.058666,0.971042,0.715442,-1.169391,-0.713541,-1.018685,-8.527134,0.728883,0.441687,-6.311013,4.324983,-3.722912,-1.589400,-3.262379,-1.197946,-5.990397,4.982541,-4.696922,-4.435521,-5.632813,0.678499,0.241152,0.553053,0.288786,-0.487813,-6.774739,0.017297])",scratch,1085
wafer_086,"tensor([3.371456,-1.214347,-4.161547,-2.983719,1.478835,-6.270273,1.299100,-3.839531,-0.502030,0.244857,-2.329632,3.122443,-1.911970,-1.496149,0.830295,0.531233,5.076094,4.939857,1.588302,3.740021,5.284880,3.641095,-0.041426,2.181032,-4.510555,2.658492,-4.137199,-1.745593,-2.492246,-0.004764,1.631050,7.083366,-1.110544,-1.978897,1.647369,-0.683508,4.033512,-0.261815,-4.287787,5.581340,0.239431,2.247046,0.232938,-5.186581,0.558059,0.376775,-2.125066,-3.306319,-3.669693,3.166369,-5.392413,-0.829338,-1.379739,4.415668,-4.349256,-1.661105,-2.880086,0.883196,5.628771,5.230677,6.678250,4.162649,-2.578651,-3.875383])",scratch,1086
wafer_087,"tensor([4.352136,-1.844749,-5.668191,-2.598490,1.197603,-6.152863,1.773465,-8.061069,2.638931,1.168276,-1.393403,4.301185,-4.000893,-0.804891,-0.046633,1.219253,5.747613,7.289597,1.413214,2.430245,7.370224,4.170894,-0.958042,1.403502,-3.145429,4.046460,-4.367614,-3.640884,-1.925671,-0.299035,2.043941,8.062478,-1.919940,-1.709650,2.613082,-3.753741,7.129639,-1.921966,-4.545388,6.398803,0.513645,4.781259,1.312549,-6.243943,0.332917,-1.413554,-2.567627,-6.001243,-3.270070,3.472975,-7.364872,0.921280,-0.337369,5.084612,-4.394709,-0.959714,-1.634835,0.228732,7.828820,6.029873,7.370782,5.150945,-1.062027,-5.401314])",scratch,1087
wafer_088,"tensor([1.239744,0.118231,-3.282822,-3.241263,-0.286372,-6.128862,-0.294447,-0.555580,-2.854092,-0.550869,-0.932941,1.000587,-1.112596,-0.198905,-0.561120,2.187225,3.926722,5.860114,0.921115,3.981678,4.052929,3.940027,1.264801,2.220443,-4.963722,1.312911,-4.002766,-0.006159,-2.487577,0.123733,2.703915,6.373471,-0.610779,-2.346128,0.072028,0.721288,2.683812,2.000791,-3.534950,5.170357,0.051333,1.219928,-0.137883,-4.836708,1.791400,3.042954,-1.269518,-2.392946,-1.851980,3.499072,-2.674392,-2.583298,-2.100332,4.361842,-3.431015,-0.737179,-4.079618,0.088609,1.996997,2.722157,6.250575,3.315456,-3.045443,-3.253322])",scratch,1088
wafer_089,"tensor([-1.579629,1.962671,-3.370858,-1.913917,0.796259,-7.809114,-0.919754,2.883261,-6.019798,-3.198092,0.071092,-1.088675,-0.814637,0.073688,1.116849,2.439930,4.387382,4.923677,2.017809,7.192579,2.490222,4.928884,2.686024,3.490687,-4.866434,-1.943944,-4.525878,0.491631,-5.091614,1.137070,2.907419,7.337326,-0.294868,-1.989818,-0.632372,1.811810,2.858401,4.488458,-3.702534,5.846489,0.186146,-0.871053,-1.127812,-4.065734,2.817432,6.173259,-0.685837,-2.722985,-3.009669,4.078157,-0.676034,-4.993803,-1.835488,4.436180,-4.483149,-0.253697,-6.692690,0.797048,-0.568247,1.118836,9.543069,2.414873,-4.200791,-1.146657])",scratch,1089
wafer_090,"tensor([10.432043,-4.174125,-0.441526,-8.057895,2.320950,-5.328649,-1.223933,-11.099452,-3.557880,-1.867368,-9.584840,7.344830,-1.613185,-4.677389,2.778575,1.427352,5.783551,3.675313,-1.962469,1.160174,5.756966,4.782153,-0.653112,0.966841,-9.363997,8.021291,-2.171335,1.787091,2.676860,-2.865498,-1.178384,3.420234,-0.215773,-4.081526,-2.756036,3.119740,-1.140096,-1.114010,-0.614967,3.076578,-1.468849,2.151805,0.855207,-8.177561,-0.757427,-0.536676,-5.882328,-0.229000,-4.667047,-0.654111,-6.686303,0.458494,-4.253663,4.410433,-4.201301,-4.703092,-4.232474,2.278366,4.645139,2.730294,1.261664,1.368661,-5.821002,-1.528648])",scratch,1090
wafer_091,"tensor([7.143718,-3.140706,-2.782219,-6.076494,1.909887,-6.152058,1.148304,-7.572336,-1.187490,0.288275,-5.325684,5.550118,-1.755085,-2.389702,0.314001,0.183536,5.455236,4.979882,-0.201628,1.822367,5.826434,4.899368,-0.275282,0.558132,-6.383189,5.720507,-2.455490,-1.375190,0.451216,-1.217492,0.415673,5.800621,-0.408828,-2.770256,0.225630,1.398579,2.721497,0.008232,-3.516670,5.432940,-1.155666,3.089267,1.095748,-8.150121,0.184704,-0.650739,-3.962727,-2.576306,-3.940393,2.124041,-5.701096,0.783587,-3.086700,5.233359,-4.781828,-2.800666,-3.862868,-0.354735,5.647758,4.881616,4.554064,3.742930,-3.385946,-2.969572])",scratch,1091
wafer_092,"tensor([7.079173,-2.730894,-1.045279,-6.412871,2.737451,-5.461575,-0.981830,-6.724126,-4.929073,-2.033674,-7.710652,4.888627,-1.083125,-2.002045,2.393407,0.502103,5.389310,4.048264,-1.282252,2.347907,3.977607,4.914559,0.421699,2.405163,-7.894661,5.761265,-2.270417,2.016776,1.728221,-1.737468,-1.036574,4.056002,0.570641,-3.525755,-2.089985,3.723752,-0.285169,0.697715,-0.562694,3.888690,-1.468018,0.710189,0.300331,-7.658514,-0.851211,0.844250,-4.619856,-0.753105,-3.558175,1.047195,-4.318516,-1.552011,-3.813020,4.823465,-4.603712,-3.419339,-4.401109,1.922993,2.241814,2.001187,4.250002,1.958818,-5.246979,-1.870154])",scratch,1092
wafer_093,"tensor([1.220571,-1.393084,-1.263738,-4.865971,0.512494,-6.117474,-0.641138,-1.057061,-6.732220,-1.873616,-2.531006,2.097759,-0.246955,-0.711044,0.869787,2.225552,4.290349,4.417282,0.956129,3.277026,1.262820,3.687596,2.346322,2.512579,-6.373247,1.274463,-2.340489,1.704297,-0.502337,-1.191729,1.376001,3.521991,1.039009,-2.842303,-0.574822,4.698075,-0.259619,2.725841,-2.584557,2.266984,-0.297444,0.227589,-0.101442,-5.153992,2.069465,4.001683,-2.149308,0.291526,-2.284988,1.461215,-0.539089,-3.309637,-4.101674,3.752055,-4.112491,-1.620829,-4.408377,0.240922,-1.211138,0.141622,4.332692,1.665104,-4.117798,-0.604525])",scratch,1093
wafer_094,"tensor([1.217228,-0.635686,0.941431,-5.513986,0.606480,-6.633583,-2.200000,0.410931,-10.989896,-4.642649,-3.602180,0.503014,1.051562,-1.142120,2.507309,1.706535,3.782086,2.464160,0.409448,5.148464,-0.012343,4.559307,3.318726,4.136736,-7.771442,0.762328,-2.569171,4.228583,-0.832074,0.022737,1.148247,2.562456,0.813391,-3.777717,-3.388168,6.704567,-2.313084,4.752531,-1.017425,2.743988,-1.748906,-3.186678,-1.575584,-5.543887,3.127103,5.498864,-2.683256,2.659645,-2.127660,1.866727,0.748019,-5.128602,-4.107707,4.275264,-4.875057,-2.596941,-7.209878,1.783741,-3.684493,-2.299152,6.203358,0.047834,-6.589252,1.215741])",scratch,1094
wafer_095,"tensor([4.042041,-2.219679,-2.846394,-4.700876,1.685525,-6.418702,-0.130903,-4.247471,-3.304399,-0.757992,-3.379713,3.151436,-0.375892,-1.979743,0.833452,1.850601,4.592603,4.801831,0.901919,3.467799,4.242168,4.184838,0.364866,2.622676,-5.889353,2.753280,-3.328881,0.125438,-1.248013,-1.220697,0.724369,5.448480,-0.296273,-2.455473,-0.160973,2.604425,2.286306,1.366560,-3.287539,5.433909,-0.836187,1.028209,0.437953,-5.500681,1.118451,2.256834,-2.704073,-2.685124,-3.199834,2.552486,-2.760012,-1.083799,-2.196120,4.011479,-4.618616,-2.938672,-4.354505,1.440344,1.568852,2.770823,4.668501,2.741350,-3.582407,-2.460949])",scratch,1095
wafer_096,"tensor([4.712283,-2.072867,-2.386951,-5.296609,1.441611,-6.777264,-0.943303,-6.057978,-4.121099,-0.930610,-4.111981,3.204736,-1.033295,-1.333432,1.744741,1.604902,5.242553,3.391208,0.301225,2.743607,3.873772,3.950722,0.434777,2.491723,-6.536953,3.917628,-2.596919,1.493850,-0.299289,-1.236305,0.900388,4.753909,0.579609,-2.166639,-1.243906,3.781337,0.891333,1.544687,-1.465159,3.881799,-0.112751,-0.023945,0.574100,-6.001359,0.966382,2.568330,-3.779472,-0.587994,-3.099054,0.698510,-2.963742,-1.762593,-3.310559,4.563141,-4.269913,-2.403590,-4.895383,1.212359,2.777416,1.622431,3.914043,1.533241,-4.656744,-1.424390])",scratch,1096
wafer_097,"tensor([6.449635,-3.448580,-0.626893,-5.337427,0.554509,-4.791323,-0.079629,-6.737208,-3.503622,-0.422404,-5.344511,3.680355,-0.920163,-2.062171,0.969165,1.249792,4.972889,5.312677,-0.194740,0.966312,3.827060,4.765880,-0.308670,1.354257,-6.805298,5.102735,-2.348145,0.989842,1.086336,-0.879385,0.183951,4.036641,0.350149,-2.925976,-1.422860,3.242134,0.647952,1.009617,-1.329949,4.001473,-0.821536,0.955077,1.173062,-6.840031,0.551027,1.375779,-4.380398,-1.119145,-3.232426,1.644780,-3.488132,-0.882871,-4.251822,4.954049,-4.446800,-3.014757,-4.144810,0.842840,1.816962,1.087060,3.896364,1.535348,-3.625492,-1.568208])",scratch,1097
wafer_098,"tensor([4.330074,-2.214176,-1.838917,-4.680969,1.305714,-6.209475,-1.044987,-4.328258,-3.835518,-0.351495,-3.731061,2.682897,-0.696982,-2.129857,1.776805,1.718506,4.988819,4.410200,0.060067,1.982455,3.994237,3.636933,0.704541,2.223155,-6.251024,3.595124,-2.442329,0.289270,-0.001727,-0.281476,1.129122,5.225633,-0.498996,-3.311533,-0.207815,2.796441,1.804283,0.665486,-2.280828,4.471332,-1.153572,1.021250,-0.395582,-5.986309,0.903322,1.795843,-3.605141,-1.263026,-2.844214,2.386463,-4.579663,-1.142725,-3.103540,4.123240,-5.269344,-1.985779,-4.616798,0.105299,2.723845,1.982742,4.691843,2.631395,-3.435842,-2.178646])",scratch,1098
wafer_099,"tensor([7.716385,-3.746837,-0.355948,-6.287539,2.676996,-5.295397,-1.126373,-6.937522,-4.548188,-2.598289,-7.067053,4.749310,0.318651,-3.538056,2.655030,0.489292,5.115728,3.693259,-0.986377,1.518511,3.607659,4.169570,0.383781,1.409339,-8.808737,6.592362,-2.308114,1.912229,2.100473,-1.320503,-1.099823,3.989839,0.419112,-4.046830,-2.333477,4.716420,-0.376089,-0.150178,-1.259087,3.934533,-0.973236,0.590058,0.163370,-8.477216,-0.103044,0.792354,-5.193692,0.405944,-5.097202,-0.119238,-4.513748,-0.996671,-3.911390,3.583909,-4.670007,-3.208688,-3.701558,1.547376,2.105004,1.382125,2.410957,1.771935,-4.397591,-1.678726])",scratch,1099
wafer_100,"tensor([6.004430,-3.491591,-2.061027,-5.078807,0.101581,-4.613458,0.759741,-6.446139,-2.364274,-0.999105,-4.390135,3.762654,-1.063430,-0.093201,1.176167,1.595747,4.903349,5.987497,-1.155329,2.523315,3.324520,4.657978,0.376377,1.636033,-6.782298,4.651435,-2.805716,-1.069697,0.490249,-1.124986,1.494932,4.620958,0.230814,-3.864175,-0.606699,3.254455,2.339725,0.697829,-3.945997,4.952206,-1.823395,0.624061,1.193469,-6.828221,0.445238,2.268487,-3.605868,-1.027108,-3.069142,1.777295,-3.838493,-0.556703,-5.518420,5.000879,-5.594747,-2.644370,-5.134700,1.445467,3.460636,2.164751,3.036297,3.557518,-3.301600,-2.085124])",scratch,1100
wafer_101,"tensor([6.083992,-2.113309,-1.084200,-6.845079,1.515582,-6.264639,-2.219784,-4.712175,-5.419684,-3.046759,-5.473250,3.050172,0.196025,-2.886251,2.093759,0.425470,5.551334,2.820464,0.092364,3.584529,2.552721,4.351340,1.589494,2.226762,-7.994408,3.979209,-2.397203,1.800748,0.822943,-0.472698,-0.150446,3.475774,0.483875,-3.725942,-2.116762,4.940393,-1.383588,2.112252,-0.370737,2.796062,0.005904,-0.480889,-0.498432,-6.382857,0.664310,1.937442,-4.080051,0.447057,-4.446118,0.432853,-3.459527,-1.832828,-4.570812,4.594851,-4.764492,-3.409942,-4.939695,1.567008,0.524427,1.436722,2.902442,1.128099,-5.659096,-1.216496])",scratch,1101
wafer_102,"tensor([7.828721,-2.622298,-2.529225,-6.371506,2.378539,-6.008181,-0.335244,-7.805274,-2.398098,-1.845519,-6.242300,4.868323,-0.148002,-3.844921,2.275168,-0.064691,5.339235,3.541200,-0.403391,1.745439,3.948490,2.893192,0.150891,1.213800,-6.597819,5.354993,-2.145009,1.197170,0.007242,-0.988690,-1.140177,3.922714,1.138363,-2.772554,-1.722740,2.955922,0.618627,0.004338,-1.799991,3.334965,-0.815552,1.212926,1.439372,-6.869746,0.137927,0.921544,-5.021064,-1.485010,-4.104289,0.252758,-5.076500,0.686253,-3.276664,4.375028,-4.117673,-2.705150,-3.554814,1.150248,2.973609,2.159561,1.990281,1.868443,-3.900918,-1.916690])",scratch,1102
wafer_103,"tensor([2.529086,-0.607470,-2.137296,-4.063115,1.291043,-6.700737,-1.082575,-2.509841,-4.461829,-2.383414,-2.068352,2.392606,0.025661,-1.773677,1.441778,1.783985,4.134031,3.871242,0.519225,4.069501,3.082269,4.004185,1.050140,2.767741,-5.357508,1.316942,-3.368121,0.979894,-2.145762,-0.539128,1.911760,3.901028,0.775501,-2.203442,-1.218369,3.302784,1.376300,1.907680,-2.289366,3.899055,0.229318,-0.225329,0.516737,-5.999551,1.296556,2.665355,-1.812523,-0.746965,-3.516308,1.960090,-2.591744,-2.416009,-2.932874,3.709394,-3.912319,-1.144245,-4.612210,1.411189,0.948004,1.237355,5.104030,1.980639,-4.195659,-1.536232])",scratch,1103
wafer_104,"tensor([6.285454,-3.083111,0.954752,-7.114530,0.668640,-5.067134,-1.911388,-4.764337,-8.388887,-2.912743,-6.105878,3.628911,0.530522,-2.310402,1.893145,1.391319,5.333987,2.668026,-0.816473,2.417757,1.919145,5.121138,1.440174,2.518224,-8.383079,4.218976,-2.243631,4.336106,2.083778,-1.138499,-0.095778,2.970367,1.247076,-3.550235,-3.008236,7.051459,-2.776842,1.832402,-0.506387,2.636450,-1.354268,-2.482332,-0.789272,-6.577794,0.880688,2.758312,-4.757734,1.740937,-2.908497,-0.825584,-2.509090,-2.592356,-4.947882,4.831943,-4.149613,-3.703417,-5.124777,1.907914,-0.634469,-0.748153,1.629222,-0.096198,-6.328809,-0.618623])",scratch,1104
wafer_105,"tensor([3.364413,-2.198101,-0.452675,-5.767342,0.969883,-4.883164,-1.307433,-1.644131,-7.494930,-2.966048,-3.374158,1.693015,1.496670,-1.519430,1.283910,1.450444,4.508306,3.781908,0.313547,3.036415,1.011258,3.443890,1.347391,2.850922,-7.008388,3.150520,-2.350362,2.066807,0.216858,-0.781700,1.357756,3.096200,0.337698,-3.295187,-1.159973,6.502545,-0.923139,2.602062,-1.483563,2.729483,-1.219018,-1.045866,-0.913234,-5.769050,1.753759,3.648755,-4.087982,0.807528,-2.733754,2.255314,-1.427360,-3.165327,-4.399939,3.915064,-4.135419,-2.433782,-6.082827,0.834812,-1.319539,-0.177610,4.602770,1.955333,-5.678079,-0.555520])",scratch,1105
wafer_106,"tensor([1.889272,-0.416483,-1.170748,-4.011051,0.888260,-6.108437,-1.022781,-1.338073,-4.980110,-1.794386,-1.137471,1.879290,-0.053171,-1.099939,1.552134,1.407199,3.857047,3.252720,1.002562,2.553323,1.742679,2.486239,1.585605,1.339631,-4.885257,1.377927,-1.630389,0.273614,-1.346498,0.365836,1.701925,3.378173,0.097635,-1.874303,-1.516166,3.596367,0.632220,2.414580,-2.628439,2.703438,-0.279823,-0.418384,-0.830760,-4.247887,1.823913,3.208768,-2.704577,-0.158866,-1.461697,2.610451,-0.799705,-2.258551,-3.330315,3.330753,-2.164678,-0.582583,-3.312104,0.880174,-0.854456,0.043715,3.353319,1.165216,-3.230715,0.108558])",scratch,1106
wafer_107,"tensor([8.045575,-5.581953,-0.416042,-7.658719,1.149342,-5.327451,0.135441,-8.847636,-4.015069,-0.946005,-7.228978,5.657848,-0.328074,-2.242308,1.876823,1.595155,6.138887,2.697509,-1.159810,0.622794,4.267186,4.317823,-0.635483,1.107567,-7.770235,6.639535,-1.655551,1.257090,2.831852,-1.029986,-0.257623,2.857079,0.199510,-3.489641,-2.751813,4.286468,-1.156716,-0.582845,-1.100324,2.470500,-1.769481,0.691051,0.311917,-7.358184,0.133362,1.030231,-5.269129,-0.265937,-3.190017,0.074028,-4.761608,-0.111611,-4.493214,4.999743,-3.853292,-3.118423,-3.805888,0.647280,2.439002,1.490106,1.582245,2.084363,-4.816898,-0.823292])",scratch,1107
wafer_108,"tensor([6.169736,-3.447282,-2.342466,-5.773298,1.415136,-5.526447,0.085749,-6.916398,-2.412766,-0.127279,-4.728351,4.101865,-0.930189,-2.596746,2.414296,1.086260,5.612635,4.051178,-0.557657,1.308723,4.700113,2.697279,-0.886807,1.188983,-5.620483,4.932057,-2.317166,0.229185,0.424939,-1.148890,-0.557703,4.408167,0.269298,-2.672009,-1.213778,3.591482,1.347905,-0.403061,-1.901737,3.582469,-0.503893,1.286423,0.156154,-6.349093,-0.214530,0.277304,-4.770964,-2.202246,-3.320653,0.802777,-5.032439,0.419158,-2.348989,3.821640,-3.674695,-2.824815,-3.292818,0.806846,3.880354,2.501042,1.940128,1.685814,-2.950143,-2.307926])",scratch,1108
wafer_109,"tensor([5.168380,-3.673228,-1.665196,-5.700915,1.276567,-4.548604,-0.909699,-5.807403,-3.960792,-0.963074,-4.031103,3.534086,0.540333,-2.556797,2.877201,1.302419,4.797092,2.865016,0.137346,2.624235,2.345070,2.495204,-0.321408,1.339069,-5.299843,3.691493,-1.614410,0.769077,0.695263,-0.929071,-0.008189,3.275850,0.415445,-2.431869,-1.383744,4.608666,-0.132218,0.576909,-1.564911,2.386338,-0.886120,-0.849120,0.302102,-5.629102,1.215344,1.994002,-3.448212,0.009175,-2.942034,-0.180283,-2.618513,0.239239,-4.110619,4.061444,-3.710226,-1.569930,-3.324494,0.769262,1.006049,1.376522,2.714879,1.253126,-2.785193,-1.600945])",scratch,1109
wafer_110,"tensor([5.814190,-4.352131,-1.816874,-5.621407,1.154550,-3.453473,-0.263367,-7.268829,-1.475042,-0.038345,-5.136848,2.616467,-0.947820,-1.584855,1.905068,0.883904,5.382617,3.240722,-0.691415,0.362786,3.413776,2.068492,-2.030996,0.357251,-5.168230,5.132328,-0.826674,-0.266826,0.995999,-0.786373,-1.162106,2.396204,0.533308,-2.011408,-1.052282,3.401248,0.638428,-0.787185,-1.852396,1.568549,-1.050103,0.419626,0.850237,-5.226866,-0.421933,1.109104,-4.079608,-0.865779,-2.741723,-0.396150,-4.413967,1.546345,-4.320239,3.535025,-3.689138,-3.181912,-2.593423,0.515350,2.396755,0.647195,0.911709,2.369056,-2.558439,-1.698274])",scratch,1110
wafer_111,"tensor([4.538148,-2.802023,-0.908042,-5.749986,0.694676,-3.742746,-0.393454,-4.482945,-3.555864,-0.748201,-2.796906,2.357056,0.128096,-1.816798,1.657175,1.151365,3.477770,2.555256,0.035464,1.223879,3.035573,1.314820,-0.055731,0.544372,-4.842666,2.383211,-1.953174,0.279164,0.182155,-0.195578,-0.689005,3.412532,0.669458,-1.577449,-0.590419,3.582998,1.114269,0.656692,-0.939669,1.738378,-0.555823,-0.734056,-0.006855,-5.315284,0.803621,1.579243,-3.021020,-1.191187,-2.565921,0.308272,-2.753541,0.912496,-2.851747,2.943664,-2.356785,-2.335182,-2.579730,0.383924,0.694518,0.224060,1.454201,1.104071,-2.458156,-0.708508])",scratch,1111
wafer_112,"tensor([7.034920,-3.416726,1.844100,-8.391510,2.050467,-4.342316,-2.874025,-5.447820,-8.236919,-3.403995,-6.509146,2.878121,1.202061,-3.481715,4.277712,0.103441,3.289465,-0.921674,-1.078522,-0.385223,0.132972,1.475457,0.357696,0.962427,-7.725882,4.680863,-0.221010,5.691590,2.818794,-2.832401,-2.560328,-1.952941,2.539907,-1.988634,-4.174511,9.353595,-5.096325,2.919244,2.805639,-1.148843,-1.504613,-2.926800,0.105610,-5.665457,-0.504730,2.927988,-5.051944,4.264216,-2.071320,-1.877960,-1.776501,-0.120221,-4.709992,2.249525,-1.679019,-2.381883,-3.822638,0.689610,-2.678844,-2.544944,-2.135741,-3.760151,-4.880662,1.196982])",scratch,1112
wafer_113,"tensor([0.635930,-0.344119,-1.804347,-2.968468,0.557576,-3.587013,-0.991090,-0.443501,-3.184796,-1.535753,-0.458208,0.235087,-0.036067,-0.175250,1.014785,1.529956,3.625053,3.219292,1.117238,2.394108,1.692302,1.145674,1.124515,2.449863,-2.769974,0.836278,-2.060329,0.450076,-1.613436,0.208613,1.976282,2.206415,0.689411,-0.748190,-0.201183,4.195581,1.252983,2.109745,-2.695471,2.239467,0.487600,-0.679433,0.587156,-2.043244,1.246123,3.748476,-0.147542,-1.207930,-1.733817,2.089706,-0.275086,-0.619118,-2.056468,2.034022,-1.909220,-0.427962,-2.798523,-0.424022,-0.744539,0.461356,2.857063,1.753280,-1.536003,-1.914243])",scratch,1113
wafer_114,"tensor([2.935679,-1.865659,-1.356072,-5.107746,0.667748,-3.640552,-0.861597,-2.993372,-4.346123,-1.995331,-3.378163,2.055662,0.621093,-1.747045,3.258962,0.942698,3.650409,2.002008,-0.762538,2.197063,2.061438,2.105036,1.031789,1.360838,-5.004092,2.621923,-1.783735,1.601433,-0.380572,-0.256228,0.649048,2.789063,0.544552,-2.301328,-1.762165,4.959845,-0.363793,1.673879,-1.089377,1.824692,-0.610953,-2.338578,-0.062028,-4.710242,0.573478,2.996462,-3.528226,-0.273397,-2.474779,1.516453,-1.954371,-0.845743,-2.044878,2.789511,-3.130279,-1.510104,-4.477684,0.705612,-1.735031,0.246867,1.940793,0.366267,-3.118448,-0.222823])",scratch,1114
wafer_115,"tensor([4.604335,-3.367956,-1.675041,-4.071777,0.869355,-3.923807,-1.014788,-4.637782,-2.982102,-2.061584,-3.792622,3.519043,-0.453304,-2.442469,1.756650,1.389829,4.327951,3.164355,-0.071183,2.570857,2.365743,3.597456,0.014181,1.602591,-4.946913,4.542142,-2.818921,0.409417,0.244795,-1.262789,0.213171,2.936854,0.273438,-2.169378,-0.864436,3.284191,0.826531,0.601341,-1.087286,3.129428,-1.548456,-0.170494,0.570550,-6.306373,0.002622,2.212723,-3.235299,-1.750015,-3.436560,0.487420,-3.188019,0.527013,-2.829474,3.521401,-3.938073,-2.309806,-3.528197,1.120039,0.979042,1.316816,2.748538,2.549527,-3.355885,-2.622162])",scratch,1115
wafer_116,"tensor([0.290405,0.453608,-2.097227,-3.548759,0.361522,-4.099869,-2.034741,-0.053156,-6.031915,-1.453617,-0.831644,0.427291,0.828708,-1.776299,2.871948,1.907263,3.738178,1.674779,1.457228,3.127031,0.633764,1.752653,2.225584,2.350431,-3.604204,-0.447694,-0.887379,2.226321,-2.923378,0.181633,1.107692,3.076661,0.862973,-1.432432,-1.992325,4.046882,-0.156589,3.157815,-1.367410,1.374620,0.758736,-1.765649,0.220007,-2.364637,1.273419,3.815176,-0.775906,0.111638,-1.070445,1.261179,-0.104393,-1.330106,-1.840703,1.371966,-1.546822,-0.833681,-3.662181,0.358123,-2.107183,-0.273312,2.851235,0.768713,-2.683911,-0.238126])",scratch,1116
wafer_117,"tensor([1.157551,0.163584,-3.908360,-2.038420,-0.393577,-3.488820,-0.738223,-1.472709,-0.496185,-0.017293,0.677004,1.653421,-0.554852,-0.346933,0.610169,1.320174,3.528905,4.197992,0.943389,2.751151,2.121234,1.070982,0.202108,1.238716,-2.102269,1.112049,-2.576565,-0.908489,-2.974937,0.051790,0.780442,4.570666,-0.285986,-0.263460,0.718212,1.228401,3.192425,0.486961,-3.136061,3.598711,0.665965,0.164779,1.342403,-3.077071,0.583529,2.783832,-0.621831,-2.795157,-1.406273,2.284733,-3.012797,0.079992,-0.576132,2.540211,-3.407619,-0.879918,-2.407811,-0.948363,1.095054,1.382010,4.074702,3.089055,0.097807,-2.412669])",scratch,1117
wafer_118,"tensor([-0.448069,-0.152633,-2.156006,-3.290735,0.316759,-4.124503,-1.046940,0.570414,-4.320245,-1.112917,0.815572,0.173572,0.346955,0.012428,0.500588,1.742719,3.057810,3.881355,1.466321,3.233353,0.871964,1.232472,1.912040,1.063136,-1.487269,-1.262878,-2.012466,-0.115338,-1.916453,0.646171,2.466531,3.789424,1.126119,-1.084907,-1.091701,3.181473,1.236234,2.769843,-3.303571,1.430597,0.657713,-2.113163,0.503466,-1.558510,1.515409,4.159896,-1.174892,-1.559712,-0.867249,1.764435,-0.828370,-0.500964,-1.704518,1.484485,-1.814132,0.575375,-3.120854,0.449517,-1.549910,-0.088629,3.813314,2.752789,-1.261732,-1.338247])",scratch,1118
wafer_119,"tensor([4.552039,-1.990725,-2.614693,-3.193443,0.394994,-2.956354,-0.088400,-5.102723,0.632172,0.636523,-3.716537,2.813525,-0.584667,-2.378506,1.667673,0.203139,3.911885,2.912971,1.634344,1.894249,4.202023,0.283523,-0.447622,0.037137,-2.003987,3.358378,-1.409840,-0.113273,-1.940896,-0.009190,0.116266,4.019120,0.870380,0.199691,0.353819,0.623567,3.347158,-0.737794,-1.411771,2.269073,1.490124,1.143285,1.743036,-2.776043,-0.193171,0.498306,-2.252506,-2.437600,-2.636723,0.179458,-5.056836,1.670306,0.411809,2.077940,-2.197939,-1.045656,-2.838808,0.176471,2.071492,3.038925,1.961103,2.405955,-1.067957,-2.597827])",edge,1119
wafer_120,"tensor([1.903560,-1.190318,-3.734278,-1.642132,-0.139769,-3.565993,0.088780,-2.651314,-0.765702,0.265631,-0.353058,0.531677,0.023622,0.110779,0.517763,2.182134,3.269984,4.526395,1.235283,1.833710,2.519763,2.173201,-0.158454,0.796070,-2.471259,1.643541,-2.866216,-1.907395,-2.005307,1.112677,1.978132,3.918383,0.268634,-1.143985,1.175482,1.224717,2.850028,0.967901,-3.891271,3.811004,0.503133,0.671105,1.208853,-2.987415,0.797263,2.509295,-1.329807,-2.788445,-2.198456,2.270614,-2.911316,-0.334572,-1.433685,2.818905,-1.993814,0.573758,-2.108204,-0.136691,2.056442,2.064361,3.695389,3.770870,-1.479115,-2.662261])",edge,1120
wafer_121,"tensor([4.129004,-1.676688,-1.503748,-4.528556,0.650568,-3.633220,-1.232956,-2.918281,-3.421164,-1.489841,-2.621033,1.928946,0.136953,-2.005456,0.726195,1.404750,3.568685,1.828385,0.029361,0.713630,1.411716,1.442799,0.344035,-0.271975,-4.335358,2.785001,-1.136208,1.283574,0.078007,-0.571985,-1.233100,1.677327,1.477528,-2.092724,-1.369684,3.964366,-0.515463,1.497305,-1.905056,1.101754,-0.766987,-1.915676,0.196732,-3.500517,0.558464,2.236785,-3.373848,0.138754,-1.388130,0.127201,-1.542829,0.263497,-2.631235,2.217417,-1.821249,-1.766377,-3.126198,-0.515210,-0.985002,0.537130,1.249762,0.974516,-1.404476,-0.486278])",edge,1121
wafer_122,"tensor([3.743520,-1.924518,-2.989878,-3.709678,1.086809,-2.860185,-0.226667,-5.725254,0.618141,0.976861,-1.362603,2.802123,-0.659035,-1.036391,0.799083,1.243258,4.036275,2.980196,1.066774,1.256093,3.062166,0.288374,-0.209256,-0.974979,-2.232559,2.977291,-1.452187,-1.863260,-1.302493,-0.014645,0.074495,4.111984,0.011819,-0.928162,-0.013995,0.743308,2.564507,0.637538,-2.335759,2.311692,0.349774,-0.035756,1.129089,-3.613486,-0.408472,0.718373,-2.051207,-2.742622,-1.725097,0.970259,-4.217008,2.110334,-1.615141,1.411831,-1.965845,-1.037270,-1.475687,-0.080773,2.205897,2.112091,2.548249,3.178683,0.148195,-2.634015])",edge,1122
wafer_123,"tensor([2.107209,-1.503367,-2.784416,-2.416078,-0.044497,-3.213849,-0.357992,-2.155323,-0.607797,-0.333681,-0.455453,1.801265,-0.339436,-0.054189,1.654965,1.730566,4.223593,3.611380,0.591498,0.695529,1.666138,1.242056,0.376260,0.564951,-1.926289,2.440167,-1.805086,-0.140797,-1.417288,-0.306070,0.702818,2.876398,1.073639,0.129237,0.166956,2.813342,1.427242,1.120072,-3.051156,2.333059,0.478692,-0.151040,1.047676,-1.654193,0.674459,2.116297,-0.570301,-1.304903,-0.937521,0.057548,-1.731089,0.721257,-2.472181,1.360906,-1.712714,-0.514677,-1.510553,0.474436,-0.011186,0.765001,2.309137,3.018123,-1.368568,-1.321166])",edge,1123
wafer_124,"tensor([4.437012,-2.923686,-0.972495,-4.713851,-0.488491,-4.047908,-1.918454,-4.329654,-4.841751,-2.376015,-4.143089,2.068257,-0.028125,-2.080277,3.126833,1.378918,2.747838,2.709459,-0.517035,1.536841,0.747677,3.395900,0.150277,1.965873,-5.191901,2.226310,-1.444104,0.742083,0.451181,0.002123,0.757932,1.210071,1.209503,-2.167652,-2.093605,5.001983,-1.193311,2.403583,-1.592790,2.518171,-1.242370,-1.513711,0.353774,-5.036950,0.401091,3.208885,-2.349516,0.230369,-2.709210,0.071935,-2.073784,-0.806917,-3.257622,3.842378,-3.126848,-1.811477,-5.313702,0.510312,-2.300480,-0.439608,2.703611,1.858625,-4.990559,-1.118375])",edge,1124
wafer_125,"tensor([3.476067,-1.213801,-2.691467,-3.177230,1.268090,-3.120841,-1.112936,-3.263725,-2.399785,-1.931030,-3.264512,1.704413,-0.170434,-2.180992,2.161307,1.379615,3.808289,2.637177,0.610866,2.034729,1.701645,1.617650,0.622144,0.946270,-3.240101,1.373577,-2.149488,0.995353,-0.702569,0.259149,0.207205,3.542786,0.443908,-0.577925,-1.263915,2.913857,1.171918,0.322222,-0.890925,3.288461,0.266470,-1.579840,0.978784,-3.744166,-0.549506,1.785911,-2.474271,-1.848425,-2.438751,-0.274379,-3.224253,0.233154,-1.499130,1.998030,-2.080999,-0.140785,-3.440782,0.696523,-0.732085,1.250093,1.525911,2.150423,-2.846322,-1.667741])",edge,1125
wafer_126,"tensor([2.581054,-1.680734,-1.391044,-3.922318,0.856307,-2.434091,0.154535,-3.585094,-0.819132,0.483071,-1.384338,1.166258,-0.590991,-0.131495,0.949864,0.954552,3.281050,1.711888,0.811772,0.232936,2.007051,-0.287176,-0.165253,-0.516723,-1.785372,1.578064,-0.020816,-0.878543,-1.294113,0.357243,-0.143051,0.924995,0.723179,-0.231237,-1.206320,3.055973,1.044426,-0.222814,-2.343372,0.840998,0.196927,-1.174822,1.708986,-1.566368,-0.004185,1.130542,-1.235680,-1.044541,-1.437901,-0.186424,-2.105518,0.873671,-1.717715,1.520078,-2.055613,-1.050941,-1.810671,0.305337,0.221102,0.714881,0.177279,1.322221,-1.299653,-1.471563])",edge,1126
wafer_127,"tensor([5.568686,-2.319243,-4.113131,-3.158712,1.146164,-2.024183,0.527091,-6.849015,2.731386,1.431552,-1.576188,2.625744,-1.156226,-1.995156,1.509341,0.669599,3.655473,2.480386,1.021573,-0.167042,4.407291,-0.581702,-1.454593,-0.663010,-0.944621,4.085153,-1.282414,-2.224752,-0.403292,-1.282946,-0.367044,3.244246,0.016893,0.089586,0.198017,0.273372,3.335996,-2.373124,-1.990105,1.688419,0.704470,1.616279,2.089110,-2.610983,-1.492160,-1.324138,-1.349341,-3.055588,-1.855599,-0.293723,-5.488525,3.973654,-1.318087,1.790681,-1.159483,-1.162949,-0.024184,-0.375155,3.318764,3.538305,-0.039876,2.312868,1.190622,-2.683172])",edge,1127
wafer_128,"tensor([-0.921995,2.883551,-2.180684,-1.579630,-0.101179,-2.408619,-1.742009,1.349918,-2.772422,-1.131822,1.382396,-1.056455,0.835803,-0.752503,1.617755,1.131535,1.380411,0.424800,2.794632,1.891787,0.397311,-1.405775,1.992085,0.291987,0.138664,-2.458733,0.354633,1.601767,-2.732790,0.974008,-0.235403,1.560803,0.577388,0.328175,0.009687,2.813242,0.781045,1.639541,-1.158658,0.115594,2.245348,-2.156959,0.730941,0.178814,1.294114,3.275096,0.734964,-1.261676,-0.186943,0.361091,-0.167232,0.118029,0.075305,0.445048,0.208797,1.742994,-1.379452,0.087516,-3.096993,-0.762965,0.630996,0.856435,-1.174950,-0.115095])",edge,1128
wafer_129,"tensor([2.192881,-0.318346,-4.598445,-1.129976,-0.015889,-2.222355,-0.170198,-3.469262,2.898653,1.008163,0.891363,1.645193,-0.391691,-0.736951,0.930292,1.393778,3.411031,4.054602,1.090876,1.640931,4.085386,-1.281869,-0.727859,0.420572,0.868490,1.145895,-2.911671,-3.418582,-3.114008,1.300929,1.182961,3.804384,-0.416252,0.148386,1.994594,-1.165506,4.547867,-0.255068,-3.656770,2.014480,1.638811,0.642447,2.324731,-0.915008,-0.575285,0.569231,0.531627,-4.869405,-2.111307,0.841482,-3.995668,2.726658,0.927588,1.321218,-0.655917,1.116007,-0.718727,-0.406451,2.600713,4.020975,2.429095,3.540196,1.685821,-3.330608])",edge,1129
wafer_130,"tensor([-1.283122,1.795708,-4.011298,-0.029946,-0.541045,-2.021904,-1.115404,1.209245,0.175464,-0.020891,2.617736,0.198280,-0.011886,-1.240879,0.864248,2.292638,2.589685,2.398041,1.222095,3.063237,1.666862,-0.567959,0.875375,0.694157,1.423155,-1.077402,-1.171022,-1.958143,-4.287833,1.410236,2.356576,4.382393,0.541571,-0.644829,1.307837,0.195919,3.634316,1.606897,-2.642462,1.882679,1.934796,-0.408273,1.326882,-0.101703,1.239438,3.237260,1.219341,-3.076474,-0.677854,1.065491,-1.421269,0.230954,0.836109,0.312234,-0.458916,1.634904,-0.810109,-0.585785,-1.271296,1.728117,3.258250,2.535387,0.792871,-2.757885])",edge,1130
wafer_131,"tensor([5.628453,-3.253988,1.479184,-6.043621,1.333078,-0.480792,-2.301518,-4.724106,-5.182172,-2.496727,-5.077495,3.588709,1.133559,-3.411944,2.885840,0.420310,2.742995,-0.983423,-1.250483,-1.560689,-0.693287,0.508575,-0.488995,0.711606,-5.156875,4.408012,0.746205,3.918142,2.781225,-0.921305,-2.087469,-2.741437,3.225777,-0.662738,-3.479733,7.069703,-4.615985,1.982321,2.098559,-1.770149,-0.417768,-2.972475,0.313598,-2.985867,-0.627868,1.381713,-3.424666,3.825487,-1.851093,-3.883309,-1.416064,1.014965,-3.484573,1.334819,-0.407375,-3.037658,-1.965093,-0.128736,-3.519879,-1.595485,-3.258401,-1.776542,-4.189778,0.511760])",edge,1131
wafer_132,"tensor([-2.412057,2.501510,-1.161571,-1.218600,-0.905695,-3.461070,-2.706810,3.434360,-4.643616,-1.568558,2.042517,-1.638943,1.308416,-1.412781,1.903691,2.519734,1.788848,0.408094,0.921801,4.083886,-1.310983,0.115128,1.615805,1.330496,-1.631689,-3.284303,-1.754309,1.471460,-2.873382,1.907366,1.183706,0.618156,1.467085,-0.230268,-1.568486,4.214931,-0.491755,3.442127,-1.469064,0.600199,1.723285,-3.089954,-0.315500,0.386460,2.223433,5.489009,1.083947,0.063280,-0.890189,0.097684,1.363584,-2.379358,-0.360759,0.420868,0.130697,1.177011,-3.619563,-0.331162,-5.285227,-1.005459,1.511748,0.446868,-2.231528,0.240666])",edge,1132
wafer_133,"tensor([2.921161,-0.780922,-3.234779,-1.344864,0.883556,-0.320442,-0.789866,-1.744012,1.313493,-0.132903,0.275102,1.199966,-0.133397,-1.040577,1.876594,1.239564,2.510341,2.233986,0.866283,0.884609,2.051203,-0.757314,-0.276494,0.688970,-0.602060,1.171009,-1.548757,-1.276269,-1.507643,0.592287,0.021212,1.434192,-0.790212,0.971630,0.138481,0.328707,1.795667,0.340937,-1.656685,0.215632,0.170070,-0.614170,1.813706,-0.193379,0.137010,1.513605,-1.034616,-2.857170,-0.838451,0.114541,-3.313815,2.716768,0.457506,1.503462,-0.901179,-0.132827,-1.181448,0.039343,-0.161445,2.049639,1.068223,1.973013,-0.451408,-3.619679])",edge,1133
wafer_134,"tensor([1.835137,-0.075836,-0.206068,-2.750433,0.190139,-1.623201,-2.383541,0.724552,-4.177995,-2.370419,-1.587459,-0.181859,1.148408,-1.404415,2.800229,0.756313,2.023178,-1.031981,0.197071,1.061978,-1.332648,-1.051616,1.269336,0.707464,-2.356264,-0.474357,-1.268674,2.186578,-0.216964,0.077177,-0.064322,-0.789325,1.355660,0.571767,-1.738012,4.989253,-1.901391,2.639504,0.307533,-0.452653,0.634512,-3.139917,0.284744,-0.844110,0.688752,4.148143,-1.158139,0.512583,-0.359746,-1.419804,0.559303,0.735656,-0.992357,-0.110098,0.607313,-0.768766,-2.381473,0.115452,-5.383370,-1.296164,0.508203,-1.157166,-2.826467,0.103617])",edge,1134
wafer_135,"tensor([0.293079,1.061687,-2.990195,-0.642713,-0.139084,-1.179102,-1.519092,0.053678,0.044802,0.604645,0.959767,-1.068515,0.072784,-0.338420,1.765240,1.263772,1.982147,0.655310,1.960330,1.391041,1.118093,-2.013889,0.372205,-0.843084,1.679195,-0.511306,-0.671090,-0.753426,-2.642919,1.056387,-0.160732,1.258743,0.856136,1.392732,0.724641,0.455060,2.665370,0.368196,-1.179769,0.623071,1.372439,-1.672585,1.415292,1.120710,-0.029893,2.526643,1.036754,-2.299074,-1.105284,-0.529300,-1.589705,2.381899,1.461314,0.091570,0.314626,0.998578,-0.258129,-0.652128,-1.699594,0.443784,0.147638,1.545415,0.222476,-1.574511])",edge,1135
wafer_136,"tensor([2.932186,-0.550045,-4.368090,-1.398489,-0.730821,0.015435,-0.494131,-4.119230,3.445810,2.379922,1.592702,1.685614,-1.263093,-0.392451,0.469438,1.846215,1.988888,2.015891,-0.748349,-0.596409,2.577606,-1.934579,-1.192229,-1.045852,1.372778,1.726869,-0.248734,-3.160184,-1.066703,-0.740197,0.546027,2.800633,0.499414,1.706362,0.840549,-1.533464,4.136552,-2.418568,-2.748561,1.189968,1.136790,-0.210212,2.768427,-0.530691,-0.483018,0.260746,-0.138955,-3.298625,-1.770353,-0.820428,-4.163507,4.014780,0.104517,0.875920,0.668188,0.419191,-0.033750,-1.103206,1.719579,3.499676,0.139019,2.831908,1.401766,-3.853401])",edge,1136
wafer_137,"tensor([1.290264,-0.067184,-1.505480,-1.729810,0.811762,0.356469,-1.170288,-1.892200,-0.883222,0.026428,-0.009028,0.629652,0.261612,-1.418078,1.036118,0.718439,1.266741,-0.906596,0.890035,-1.681668,0.797069,-2.742243,0.605825,-0.207618,0.898097,0.947188,1.292884,0.057698,-1.216590,-0.077724,-1.156501,-1.177893,1.504893,1.583920,-0.915922,2.376050,0.671922,0.262999,-0.041753,-1.872832,1.452455,-1.812660,1.975745,0.993233,-0.482837,0.767958,-1.023468,-0.195163,-0.941150,-1.098675,-0.903358,2.185826,-0.646977,-1.078281,1.204079,0.561439,-0.115867,-1.532592,-2.319299,0.100350,-2.500588,-0.621275,0.072989,-0.340003])",edge,1137
wafer_138,"tensor([-1.730621,1.674633,-4.440734,1.222854,-1.030836,-0.116362,-1.202777,0.147233,3.291968,1.491406,4.043876,-0.015953,-1.289004,1.292547,-0.305397,1.911651,0.834254,2.648239,2.081333,1.673897,1.522929,-2.027617,0.391005,-0.500983,3.402216,-1.583480,-1.269368,-2.737342,-3.753275,1.283442,1.479422,3.131281,0.173127,1.961874,1.515589,-1.149104,4.160245,-0.339900,-3.437936,1.122788,1.354372,-0.049284,1.955286,2.718932,0.619203,2.140722,2.864278,-4.388943,-0.575841,1.292919,-1.240057,1.658247,2.199727,-0.591791,0.965470,2.025081,0.047333,-1.480152,0.347800,1.953618,2.274282,3.053511,2.508778,-3.748730])",edge,1138
wafer_139,"tensor([1.588303,0.011724,-3.996786,-0.988918,0.928620,-0.491946,-0.312028,-3.045766,3.053406,1.698920,0.831931,0.761993,-1.056953,-0.349986,0.172099,1.224436,2.196647,1.799879,0.404739,-0.203725,3.217127,-1.548969,-1.007922,-1.934563,1.968157,1.139613,-0.689171,-2.374902,-1.625125,0.436814,0.210728,1.974000,1.009497,1.218541,2.057025,-1.593768,3.254436,-2.180666,-2.261613,1.347731,1.509972,-0.181217,2.066846,0.963311,-0.675680,0.545002,0.490944,-3.031847,-0.889490,-1.383986,-3.073974,3.875393,1.017258,-0.314796,1.212121,0.678928,0.413274,-1.038276,1.615720,2.293599,1.282602,1.907388,1.112409,-3.199013])",edge,1139
wafer_140,"tensor([1.623917,-1.088318,-1.732178,-1.613365,-0.732914,1.416956,-0.623099,-2.632740,1.370208,1.126828,0.540748,1.118868,0.201948,0.585796,0.815619,1.569002,2.613749,2.179865,-1.290517,-1.453046,0.115140,-0.923162,-0.969097,-0.743861,-0.770098,1.046134,0.835022,-1.314672,-0.309666,0.695234,-0.099888,-0.445629,1.163875,0.226955,-1.483941,3.009830,-0.805669,-0.031741,-0.920829,-1.284618,0.103088,-1.412541,1.803398,0.466034,-0.067112,1.463278,-0.049783,0.177995,-0.707421,-1.562985,-0.816377,1.649209,-2.121970,0.749183,-0.375006,-0.333403,-1.158026,-1.542531,-0.886827,0.746359,-0.188787,2.021819,-0.342157,-1.262234])",edge,1140
wafer_141,"tensor([-0.830458,0.999106,-2.008176,-0.351684,-0.132490,-0.436388,-1.602977,0.742177,-0.486758,-0.659008,1.241797,0.134819,0.649159,-0.811253,0.964814,0.987450,1.798285,0.547962,0.703809,2.044896,0.481410,-1.573617,-0.176917,-0.088503,0.262068,-1.276361,-0.714451,-0.402404,-3.073252,1.449708,0.578112,0.849923,0.747895,1.843675,0.013406,2.386073,0.684136,0.868778,-1.243795,0.283606,0.825932,-2.117131,0.958097,0.756440,0.481658,2.657174,0.846501,-0.992927,-1.306883,-0.272967,-0.109326,1.416246,0.802246,0.115690,0.902420,1.090460,-1.634598,-0.524006,-2.961003,0.886139,1.434557,0.645340,-0.229321,-2.056398])",edge,1141
wafer_142,"tensor([-3.092508,1.827924,-2.956655,0.596161,-1.473772,-0.337488,-0.306923,2.246349,-0.129767,-0.388379,2.991589,-1.170047,-0.126302,1.102274,0.692279,2.572052,2.221347,1.935794,1.029592,2.657095,-0.728399,-1.174353,1.352445,1.324371,0.922332,-2.374557,-1.447442,-1.231116,-3.179887,2.341160,1.398957,1.306293,0.927509,1.368577,-0.326318,1.126619,2.122741,2.246367,-2.360796,0.740388,0.903203,-2.240826,1.402013,0.990428,1.197958,4.291930,2.057685,-1.599307,0.319160,0.918927,0.449750,-0.021674,0.062917,-0.397838,0.383113,1.920914,-1.271961,-0.591073,-3.367892,0.772086,2.521968,1.941126,-0.084602,-2.074339])",edge,1142
wafer_143,"tensor([3.113562,-1.191173,-3.064191,-1.202291,-0.002262,0.625189,-0.659142,-3.658618,1.860424,1.025333,-0.575139,2.317565,-0.355740,-1.492274,1.996144,0.668016,2.754823,0.316143,-0.476906,-1.048739,1.887860,-2.385654,-0.650246,-1.317308,0.873390,1.396102,0.060731,-1.162971,-0.927274,0.642049,-0.987356,-0.302471,1.532964,2.173450,0.027947,0.662352,1.783624,-1.313540,0.280364,-1.265988,0.605996,-0.939295,1.891143,0.585491,-1.763906,0.093637,-0.050992,-1.693830,-2.400779,-1.793549,-2.030935,3.160754,1.035873,0.133987,0.547276,0.294238,0.005038,-0.760339,-0.208131,2.367442,-0.496814,1.129750,-0.509178,-2.088968])",edge,1143
wafer_144,"tensor([2.553534,-1.090457,0.431380,-3.189176,1.057458,1.021033,-2.484892,-2.219925,-2.293436,-2.074646,-2.591073,2.202550,1.752762,-2.483968,2.783205,0.291461,1.031189,-2.340383,-0.898779,-0.693252,-1.839664,-3.089926,0.305501,0.299487,-1.178016,1.293278,2.434169,2.669990,0.110846,0.007140,-2.209520,-3.564990,2.746666,0.930463,-1.775894,4.726667,-2.546470,0.797977,2.002219,-3.138246,0.578643,-3.620419,1.810900,0.054187,-0.093914,2.169772,-0.669496,2.304330,-0.212884,-3.913727,0.385640,3.140734,-0.875914,-1.329082,1.909118,-1.203530,-1.200029,-0.684138,-4.411389,-1.963499,-3.181584,-1.139920,-1.881801,1.463135])",edge,1144
wafer_145,"tensor([1.186027,-0.034743,-1.841701,-1.272713,0.090213,1.811133,-1.171119,-2.227354,1.922550,0.814373,0.888412,0.856732,-0.088692,0.353605,0.328235,-0.550636,0.636096,-0.991711,0.273818,-0.988831,-0.078586,-3.140885,-0.468408,-1.403237,1.559357,-0.470676,0.714773,-0.051464,-1.362849,-0.109275,-1.068034,-2.360857,2.174316,2.362671,-0.110835,2.407077,0.322517,-0.355897,0.231684,-2.795172,1.998378,-2.427204,2.511326,2.537862,-0.805371,1.116178,0.837505,-0.519870,-0.042934,-2.687545,-1.299886,3.029994,0.119618,-1.009772,2.252144,0.560260,1.584059,-1.260364,-1.910948,0.664457,-2.285227,-0.144600,1.046280,0.225749])",edge,1145
wafer_146,"tensor([-0.631876,0.518968,0.858275,-2.587466,0.000949,-0.053985,-3.443346,1.708803,-3.927172,-1.832088,-0.496124,-1.067933,1.190584,-0.559505,2.390615,1.102988,1.697806,-1.469018,-0.463880,0.812785,-3.289896,-2.385977,1.593468,0.626138,-0.828830,-1.347402,0.203303,2.471896,0.114956,1.178922,-0.487573,-4.148121,1.926582,1.466560,-2.049095,5.559754,-3.726414,2.119640,1.215735,-2.678474,1.273104,-4.425285,0.221269,1.793607,0.659355,3.722541,0.903451,2.004643,0.274658,-1.998729,1.971646,0.865153,-0.514448,-1.037524,1.001616,0.828406,-1.273893,-0.302915,-5.645263,-2.176623,-2.235955,-1.107578,-2.486896,0.851405])",edge,1146
wafer_147,"tensor([3.390377,-1.948638,-1.576583,-2.164827,-0.301912,1.595082,-1.007342,-3.352712,1.501167,0.535821,-0.041027,1.343240,-0.097070,-0.404523,0.708269,0.854456,1.516184,-1.407555,-1.070601,-2.581767,0.499908,-3.118336,-0.806505,-1.972899,0.284269,2.171154,1.224043,0.483131,1.489308,-0.277573,-1.841655,-2.740291,1.862094,2.064864,-0.573747,2.900215,-0.559232,-0.751920,0.918060,-2.597372,0.891307,-2.316769,1.848799,1.230518,-0.577588,0.008449,0.437499,0.253836,-0.934202,-3.899502,-1.165740,3.693773,-1.082163,-0.474977,1.582390,-0.616890,0.559018,-0.650571,-2.169461,0.595781,-3.876088,-0.337338,0.836832,-0.441875])",edge,1147
wafer_148,"tensor([8.379076,-4.889844,-1.004826,-4.412525,2.292852,3.145639,-0.759701,-10.544631,2.306315,1.355510,-6.376881,4.827083,0.212402,-4.071522,1.816924,-1.157976,2.245114,-2.177122,-3.573466,-3.659091,1.892853,-3.068317,-2.677400,-2.115444,-2.020094,5.931681,1.473568,1.741343,3.023131,-1.713348,-4.061317,-3.065906,1.559738,1.090850,-0.947099,2.546178,-1.134313,-3.967057,2.412577,-3.247671,0.442417,-0.777224,4.102533,-2.481735,-3.240118,-3.721167,-2.574803,0.438501,-2.391750,-4.786315,-4.771217,6.050505,-0.040844,-0.905755,1.833348,-2.268067,1.116645,-0.992302,1.163707,2.956584,-4.823526,-0.791430,0.336936,-1.608373])",edge,1148
wafer_149,"tensor([1.223057,-0.059667,1.643968,-2.739705,-0.768302,2.429299,-2.107015,-0.123715,-2.153668,-0.832333,-2.047953,0.477627,1.232855,-1.433176,1.721526,1.563080,-0.001024,-1.674167,-0.973951,0.239602,-4.247432,-1.991672,0.709011,-0.168100,-1.210219,0.050981,1.476775,2.622952,1.064365,-0.526996,-1.692697,-4.427079,2.590010,0.479915,-2.421655,6.086467,-4.028480,1.336066,1.258240,-3.469516,-0.755698,-5.304185,0.967384,1.732752,-0.080015,3.377257,0.286421,2.650519,0.479437,-3.326770,2.614742,0.482670,-2.136619,-1.253680,2.695860,-0.790594,-0.928769,-1.493472,-5.547787,-2.680520,-3.132939,-1.279986,-1.210117,0.825088])",edge,1149
wafer_150,"tensor([0.987883,-0.104598,-0.106408,-1.560599,-0.940377,2.880369,-2.478047,0.207671,-1.036793,-0.411333,-1.358253,0.090242,1.088575,-1.409793,2.158697,0.710373,0.148738,-2.440478,-0.388539,-1.447571,-3.336992,-3.021472,-0.592059,-0.807288,0.801232,0.369359,1.345602,1.819224,0.652264,-0.460947,-2.832696,-3.934984,2.513510,1.848261,-1.603225,3.963551,-2.638705,0.780708,1.339710,-4.129352,0.019862,-4.465260,1.122774,2.990463,-1.062392,1.523159,-0.215687,1.592985,-0.065362,-4.360135,1.057757,1.662029,-1.331736,-1.449791,2.242853,1.049232,-0.227933,-0.976337,-5.621060,-1.308673,-3.312550,-1.112938,-0.767100,0.280512])",edge,1150
wafer_151,"tensor([-2.035725,2.087425,-1.144198,0.688788,-1.341365,2.168625,-1.712782,3.670155,0.714005,0.646413,3.158988,-1.375875,-0.591611,1.669683,0.941133,1.365154,-0.252240,-1.162082,-0.144054,0.128162,-1.616909,-3.262149,1.466775,-0.103501,2.559038,-2.647691,0.988631,0.308634,-2.136043,0.505446,0.382496,-2.594063,0.432749,2.054465,-0.178646,1.905094,-0.263933,0.781993,-1.045606,-3.285258,0.934035,-3.734644,1.626116,4.541601,0.105040,3.921942,2.201682,-1.137122,0.612402,-1.511762,1.880854,0.501335,0.782174,-2.145646,2.560618,1.999524,0.199866,-2.380951,-5.595171,-0.029105,-0.603534,-0.381861,1.936075,-1.238721])",edge,1151
wafer_152,"tensor([-3.836446,2.738548,-5.517067,4.150730,-2.216880,2.262100,0.124279,0.937963,7.378371,3.472954,7.228945,-0.914333,-1.080956,1.937919,-1.171394,2.586685,0.325413,0.690701,1.717051,-0.134339,1.285889,-4.671360,-0.102809,-2.103755,7.396209,-2.315142,-0.707332,-4.397987,-4.627779,1.617413,1.033733,0.905396,0.443092,4.257035,3.958045,-4.992501,5.594833,-2.157213,-2.173083,-0.935239,3.061618,-0.545101,3.532017,6.102914,-0.342006,0.850797,4.000939,-5.746065,0.347597,-0.043945,-0.579982,3.585892,4.186158,-1.871629,3.178693,3.874283,1.903719,-2.629108,0.421049,3.569442,1.096643,2.840203,4.389291,-4.376525])",edge,1152
wafer_153,"tensor([5.783648,-1.120944,0.697517,-2.517681,1.118681,2.982870,-2.370781,-4.479724,0.138858,-1.356101,-4.170632,2.527388,0.741357,-2.249996,2.359920,-0.637092,1.243196,-2.901259,-2.653508,-2.528739,-2.137034,-2.585426,-0.839600,-0.927769,-0.200651,2.684038,1.464973,2.345348,2.307989,-1.006007,-3.207002,-5.290894,3.162569,1.207557,-1.675129,4.130609,-3.547716,-0.861763,2.655953,-4.567144,-0.347071,-3.152457,1.677285,1.021174,-3.190341,0.030082,-0.777132,1.584075,-0.322438,-4.921589,-0.880149,3.655831,-0.825880,-1.426194,2.231227,-1.087102,0.651082,-1.141752,-5.147036,-0.453959,-4.623757,-2.254780,-1.049386,0.095459])",edge,1153
wafer_154,"tensor([4.978750,-0.656943,-2.300672,-2.046174,0.646308,4.561789,-1.484479,-5.968462,3.168940,1.201056,-0.908458,2.453858,-0.020701,-1.371242,1.049820,-0.811769,0.991648,-2.422646,-1.499102,-3.861998,1.017429,-4.698681,-1.870033,-3.562984,1.539881,2.967398,1.979984,-0.637214,1.520258,-1.107250,-4.257318,-4.016051,1.883763,3.020828,0.547531,0.847147,-0.115219,-3.650192,1.328916,-3.976425,2.108933,-1.803475,3.091519,2.382404,-2.455283,-2.352652,-0.238595,-0.750896,-0.018649,-4.660459,-3.437255,5.313484,-0.091020,-2.463321,3.535313,0.342556,3.170721,-2.355919,-0.626188,2.003268,-5.015862,-0.715587,1.176730,-1.459101])",edge,1154
wafer_155,"tensor([-0.879489,2.327321,0.024388,0.662961,-1.359024,3.112144,-2.251530,2.133532,-1.360636,0.404832,1.936911,-1.266076,0.423199,0.603711,1.100247,0.709801,-0.040039,-1.937396,-0.991520,-0.758351,-2.623477,-3.477633,0.280233,-1.099626,2.863540,-1.611526,1.852665,1.363930,-1.036587,0.268902,-0.790434,-4.953275,2.299484,1.646895,-0.973117,3.069690,-1.906829,0.689676,0.477555,-3.424763,1.910357,-4.813843,1.929699,4.226185,0.430905,1.899153,1.058094,0.729611,1.693293,-3.259352,1.542373,2.004852,0.352617,-2.405450,3.406386,2.147244,-0.329888,-2.072787,-6.119152,-1.499280,-2.784490,-0.884666,1.502386,0.012886])",edge,1155
wafer_156,"tensor([-1.879718,2.264332,-1.052391,1.637854,-1.157108,2.561588,-2.285458,2.568962,0.191105,-0.416933,3.755061,-1.909336,0.322069,-0.510211,0.715314,0.525819,-0.137686,-1.840702,0.990333,0.575768,-1.932015,-4.111225,0.724819,-0.380120,3.387307,-2.881079,0.453948,1.051899,-2.140995,0.860688,-1.297591,-2.316986,1.001187,3.037633,-0.354853,1.121291,0.375723,0.234438,-0.023537,-2.784360,1.903806,-3.767046,1.913956,3.499253,-1.173800,2.306277,2.683676,-0.534072,0.471705,-1.526025,0.932767,2.593218,1.224961,-2.600079,3.437535,2.665148,-0.453467,-2.456952,-5.447335,0.358981,-1.513974,-0.716012,0.789259,-0.388509])",edge,1156
wafer_157,"tensor([-4.509584,4.542943,-2.990804,4.085985,-1.601093,3.225493,-1.763113,2.767453,4.551051,1.599361,5.256582,-2.065515,-0.792083,0.454808,-0.218395,0.897207,-0.162306,-2.201630,1.006449,0.303700,0.070980,-5.053747,-0.610200,-1.825694,6.125143,-3.918659,0.020139,-2.470033,-4.547748,1.670622,0.366131,-0.323222,1.612667,4.431057,2.023605,-2.149931,3.237246,-0.911995,-0.400050,-2.930060,3.344317,-1.799952,2.659234,6.334486,-0.402349,1.496545,4.352620,-3.196971,0.377431,-1.159692,-0.133712,3.358203,3.537157,-3.101132,4.634070,4.165673,1.892799,-2.544548,-3.017084,1.868153,-0.685604,-0.102644,3.528102,-1.486407])",edge,1157
wafer_158,"tensor([-3.022917,2.859251,-2.499976,2.153805,-0.586684,3.410713,-1.900120,2.605889,1.840950,0.764317,3.398668,-1.833256,0.575246,-0.393886,0.897152,0.630181,-0.000619,-1.700194,1.370018,0.102069,-0.741181,-4.015503,0.236649,0.205530,5.093080,-3.191393,0.349657,-0.780357,-3.474258,0.836891,-0.630650,-1.967262,0.789221,3.686773,1.091280,-0.794864,1.861046,0.248506,0.015843,-2.171013,2.419898,-2.715236,1.327591,4.911524,-0.718188,1.258455,2.650262,-2.083752,0.421342,-2.087327,-0.496746,2.891442,3.219103,-2.002824,4.699659,2.540057,1.506315,-2.260964,-4.406329,0.968079,0.079001,0.209296,1.232154,-1.283629])",edge,1158
wafer_159,"tensor([-0.883198,2.438465,-1.953297,1.277960,-0.504041,3.063369,-1.441804,0.017636,3.775130,1.776338,3.710710,0.178971,-0.101614,0.105535,0.333569,0.639598,-0.406710,-1.793362,0.023834,-1.260318,-0.593644,-4.438492,-0.899578,-1.729711,4.727693,-1.474904,0.541503,-1.020085,-1.460497,0.909594,-1.418480,-2.552598,1.535747,3.683250,0.368767,-0.902489,1.377155,-0.888063,-0.538838,-3.287528,1.428471,-1.940728,2.725746,5.060450,-1.131351,1.251437,2.137663,-1.620358,1.113744,-2.031679,-0.868028,3.306655,2.898437,-2.932454,3.336554,2.118533,1.596572,-2.251178,-3.356954,0.828843,-2.193512,0.001969,1.468324,-1.580827])",edge,1159
wafer_160,"tensor([-3.915770,3.388490,-2.709008,3.031046,-1.831700,2.397150,-1.242679,4.517299,1.588233,0.202174,4.782454,-3.478160,-0.272437,-0.606822,0.480358,1.322786,0.051382,-1.330616,1.176914,1.270703,-1.722188,-3.739621,0.920361,-0.515010,4.538782,-4.520563,0.535453,-1.164270,-3.811056,1.933079,0.270007,-1.557094,1.634980,3.860088,0.857383,-1.472621,2.830826,-0.235245,-1.050002,-1.740563,3.392486,-3.400595,1.941916,5.535250,-0.118037,2.517311,3.726983,-3.141202,1.227163,-1.074810,1.157531,2.356815,3.306524,-2.019045,3.548733,3.352469,1.301874,-2.307150,-4.572144,1.229681,0.942939,1.169105,2.365491,-2.397275])",edge,1160
wafer_161,"tensor([-1.579099,2.297626,-2.112883,2.416601,-1.861105,3.263500,-1.196762,2.305631,4.359786,2.514397,4.110767,-1.816025,0.266371,1.443005,-0.419537,1.207728,-0.327678,-1.179478,0.285241,-0.709308,-1.629594,-4.440822,-0.443334,-1.707451,5.531917,-1.786388,0.377575,-2.091933,-2.905657,1.524597,0.756522,-2.140264,1.096884,2.985467,1.592247,-0.618517,1.497497,-0.302897,-1.803803,-3.291820,1.832841,-2.254077,1.666748,6.113307,-0.563389,1.146156,2.808376,-2.064427,0.937267,-2.011620,1.194761,2.837638,2.410161,-2.415475,3.809690,3.514052,1.125326,-2.239884,-3.668564,1.194622,-0.924057,2.104196,2.823346,-1.425578])",edge,1161
wafer_162,"tensor([0.995678,0.118394,2.668027,-1.754047,-0.523813,4.629380,-3.263623,-0.625777,-1.540009,-0.060335,-0.868994,0.438494,1.884199,-0.545398,2.231625,-0.096181,-0.549431,-4.751018,-2.177911,-4.183501,-3.841291,-4.519600,0.299932,-1.689339,0.717070,1.243715,3.652261,2.816957,2.818598,-0.538111,-2.595293,-8.486260,2.706239,1.384663,-2.228357,6.036219,-6.301947,0.606612,3.109448,-7.859426,0.623676,-5.757162,0.994074,3.848858,-1.469245,1.611138,0.768806,3.885571,2.380644,-5.291496,2.625425,2.740464,-1.828289,-2.982341,3.319588,0.074705,0.489440,-1.643163,-6.662097,-2.292325,-6.774804,-2.871644,0.026392,2.565051])",edge,1162
wafer_163,"tensor([-1.613689,1.654399,-2.224349,1.815127,-2.162785,3.917319,-0.770630,2.013407,3.290888,1.110150,4.061564,-0.594415,-0.265425,0.891337,-0.461793,1.898178,-0.783632,-0.196380,-0.378513,-1.918277,-0.925307,-4.280346,-0.510814,-0.966984,4.474713,-1.872527,1.583116,-2.323680,-2.035380,0.690770,-0.259965,-3.231073,1.708383,3.055617,0.134081,0.257745,0.294740,-1.026843,-1.072142,-3.787427,1.137570,-2.380367,1.909881,5.435320,-0.460047,0.646614,2.627885,-1.259566,0.529730,-2.509611,1.338649,2.498186,1.283184,-2.078025,3.891425,2.648703,1.047539,-2.908399,-3.137614,1.608446,-1.755779,0.506127,3.063069,-1.009928])",edge,1163
wafer_164,"tensor([-3.090300,2.783405,-1.484419,2.548734,-1.055576,2.729493,-2.089291,3.587482,2.442966,1.245113,4.290254,-2.418282,0.876418,1.409424,0.517284,1.296686,-0.678943,-1.315339,0.784922,-0.521177,-2.458847,-4.865886,0.294427,-0.517990,4.462879,-3.303859,1.345344,-0.700367,-2.608746,0.398288,0.270813,-3.159966,1.625455,3.258087,0.261377,0.624737,0.150169,1.024335,-0.159039,-3.746196,1.970527,-3.313871,1.759823,6.178427,-0.137882,1.458293,2.529380,-0.621274,0.809012,-1.611066,1.576661,1.902694,1.830781,-3.172284,3.641095,2.707485,1.730385,-2.244425,-5.015539,-0.725834,-1.786406,0.040553,1.663131,-0.846057])",edge,1164
wafer_165,"tensor([-3.571597,3.886874,-2.497098,3.175743,-1.470352,3.270413,-1.938674,5.281870,3.498531,0.508805,4.780429,-2.875777,0.399053,0.685282,-0.169005,1.318355,-1.060018,-1.626341,1.501428,0.935252,-1.413905,-4.675852,0.781681,-1.227973,5.385878,-4.421541,0.476566,-1.352053,-4.831993,0.917359,0.524249,-2.520489,1.351063,4.344764,1.535739,-1.599253,2.099199,-0.029042,-0.349713,-2.708696,2.173438,-2.849205,2.868556,6.083820,-1.049093,1.478517,4.131251,-1.691022,0.985461,-1.437203,2.038740,2.421449,3.779225,-3.492047,3.819931,3.960233,1.837272,-2.508475,-4.649523,0.812404,-0.241440,-0.561638,3.007661,-1.649293])",ring,1165
wafer_166,"tensor([2.061996,-0.434560,-1.625678,1.617401,-0.864425,5.222605,-0.581765,-1.536032,5.479868,2.397113,2.665984,1.439749,-1.691110,-0.285171,0.057062,0.279040,-0.004174,-0.936705,-1.304193,-2.987568,0.443933,-4.323203,-1.793527,-2.345760,4.485359,1.113004,2.259342,-2.428479,0.146446,0.602363,-1.550798,-3.233046,0.763137,3.350900,0.980328,-1.412591,1.618750,-3.692746,0.434821,-2.928452,1.289184,-1.632175,2.915161,3.946978,-2.223056,-1.424323,1.427577,-1.476992,0.414960,-3.378367,-1.702790,5.598302,1.247745,-2.738824,3.349962,1.941540,2.219857,-2.839940,-1.739822,0.995582,-3.145007,1.421921,3.265229,-2.130103])",ring,1166
wafer_167,"tensor([-3.938012,3.176819,-2.274539,3.693994,-2.043132,2.911579,-1.177422,4.016505,3.904356,1.265995,6.109254,-2.499123,0.071698,2.047606,-0.119561,1.620515,-1.923194,-0.982087,0.703226,-0.478119,-2.580833,-5.267650,-0.077945,-1.370093,5.874496,-4.133647,1.500521,-1.787466,-4.080959,2.115738,0.261118,-2.821656,0.499557,4.049271,1.500261,-0.540336,1.225803,-0.130345,-0.607216,-3.458053,3.045138,-3.339246,2.224079,6.420213,-0.081172,3.029319,4.553976,-1.952184,2.212376,-1.215451,1.873280,2.935810,2.547483,-3.449199,4.328046,3.472840,2.166402,-3.075025,-5.068903,0.261407,-1.295147,0.431741,2.092604,-1.276881])",ring,1167
wafer_168,"tensor([-1.652180,2.007073,-1.670476,2.376644,-2.320660,3.895994,-0.402928,0.573968,4.417856,1.963720,3.271265,-0.435616,0.415490,2.116059,0.397963,0.774553,-0.545701,-0.722000,-0.656492,-1.461202,-1.163607,-4.052978,-1.404766,-1.203460,5.911542,-1.261360,0.458826,-2.877186,-1.754658,1.278603,0.082241,-3.287976,0.208586,3.444123,1.849543,-0.841244,1.486519,-1.071957,-1.000910,-3.079212,1.952339,-2.560883,2.023729,4.866399,-0.500042,0.307129,3.249627,-2.987583,0.838882,-1.987537,-0.515768,3.685210,1.232127,-2.260269,3.746305,2.153813,1.919639,-2.262974,-3.124670,2.512680,-1.600227,1.323574,2.260654,-1.993420])",ring,1168
wafer_169,"tensor([1.658518,-0.046468,1.122920,-0.120023,-0.828842,3.475892,-1.614934,-0.603539,1.119821,-0.501831,-0.802437,0.400087,1.333264,-0.060842,1.808896,0.530625,-0.858101,-3.143267,-1.084261,-3.730912,-2.270908,-3.636716,-0.056642,-1.522377,1.938880,0.862930,1.768598,1.747661,2.427957,-0.416241,-2.279911,-6.171037,2.760398,1.713829,-1.136795,2.976929,-2.851912,-0.760367,2.592955,-5.142407,1.470949,-4.163355,1.113226,3.236119,-0.980099,0.055903,1.062992,1.457094,0.512135,-4.086330,0.997011,3.286817,-0.184079,-2.500586,4.020698,0.985655,0.865980,-2.193804,-5.010453,-0.443297,-5.506702,-1.179448,0.841949,0.440216])",ring,1169
wafer_170,"tensor([-0.185214,2.104103,-2.692900,1.928201,-0.248667,3.876856,-1.590436,-0.686610,4.773175,1.987396,2.017751,0.842940,-0.995798,-0.910512,1.066079,0.253524,-0.863835,-2.338333,-0.523588,-1.385777,0.764411,-4.461819,-0.180369,-2.258205,5.281012,-0.786784,1.460710,-1.284015,-1.764476,1.019862,-1.744584,-3.775628,1.349535,4.324717,1.046729,-0.689373,1.270669,-2.111083,0.394702,-3.467032,1.783488,-2.161057,2.778984,4.801725,-1.598795,-0.361563,1.730946,-1.946731,1.034741,-3.119970,-2.142982,5.554259,2.998314,-2.389094,4.486157,3.077966,1.809806,-2.606928,-3.297337,1.394847,-2.351113,-0.427650,2.013138,-2.120449])",ring,1170
wafer_171,"tensor([-0.151081,0.841357,-0.955541,1.712193,-1.018703,4.438540,-1.925851,0.766052,2.786882,1.753906,0.971250,-0.052085,0.195993,0.116027,0.555493,0.501415,-0.708251,-2.647500,-1.132467,-1.986797,-1.521902,-4.891724,-0.009605,-1.852731,4.053658,-0.853241,1.326898,-0.258591,-0.488832,-0.054076,-0.937191,-3.531990,2.335145,3.300486,0.014008,0.847140,-0.905433,-1.163903,0.528212,-4.679931,0.888349,-3.172188,1.885609,4.529783,-1.758976,0.248749,1.653775,-1.046175,0.819630,-2.513646,0.920328,3.712157,1.719019,-3.564261,3.687621,1.829312,0.938450,-1.798264,-3.674789,0.072294,-2.879989,-0.375676,2.113304,-1.287762])",ring,1171
wafer_172,"tensor([-0.408086,1.794037,-1.512508,1.202701,-0.216546,3.918524,-2.006697,0.392543,3.157593,0.997442,1.559777,-0.448085,0.402167,-0.235984,0.780209,-0.112177,-0.996463,-3.229835,-0.834640,-1.715479,-1.340672,-4.409212,-0.541075,-1.983373,3.957679,-1.258331,0.617783,-0.106234,-1.099570,0.394986,-1.368590,-4.156754,1.781710,3.337168,0.127352,0.685423,-0.459877,-0.978808,1.318985,-3.871284,1.824760,-3.120306,2.533146,4.007939,-0.844694,0.427313,1.435439,-1.045095,0.392615,-2.986965,0.074200,3.650657,2.423589,-2.442829,3.732266,1.798010,1.488005,-1.966998,-3.562364,0.687211,-2.901319,-0.747609,0.903493,-1.289482])",ring,1172
wafer_173,"tensor([-5.268992,4.071837,-2.837022,5.327408,-2.135092,5.087687,-1.091630,4.855790,7.278470,2.322765,7.533884,-2.626163,0.075145,2.537110,-0.597652,0.606716,-1.605076,-1.728882,1.453843,-1.903993,-1.064656,-7.526172,-1.182054,-2.049093,9.468948,-5.641348,2.508974,-3.382663,-4.542251,1.719026,0.123016,-2.050746,1.152041,4.888759,2.970334,-3.136556,3.211458,-1.249751,-1.271767,-3.874731,3.854029,-2.322380,3.019851,8.408056,-1.003845,0.546795,6.024956,-2.738603,2.688959,-1.277073,2.066717,3.409929,4.195235,-5.063588,5.210783,5.544360,3.656625,-3.246624,-3.647093,0.769664,-1.891898,-0.078685,5.522633,-2.274980])",ring,1173
wafer_174,"tensor([-3.858460,3.424856,-0.150615,3.044054,-2.571829,4.983189,-2.271830,3.898499,1.075320,0.908436,3.896428,-2.635327,0.910888,0.858786,1.444803,0.344750,-1.465542,-3.193062,-0.606777,-1.413047,-4.398951,-5.628108,-0.390998,-1.142308,5.224064,-3.808972,2.066706,0.753934,-2.120620,1.459306,-1.032200,-5.567185,3.156149,4.240038,0.440932,0.599244,-0.984244,0.882072,0.136586,-5.584686,1.820716,-3.999698,1.588502,6.719867,-1.165345,1.877713,3.681958,0.711083,2.428778,-2.669194,2.440696,2.526073,2.150668,-3.900899,4.747897,2.436798,1.770936,-2.824723,-6.903589,-0.589752,-3.832506,-0.798433,2.278804,-0.546135])",ring,1174
wafer_175,"tensor([-3.292512,3.200219,-0.485222,2.523828,-1.645044,4.958115,-1.581099,4.218560,1.267174,-0.132708,4.328803,-2.361976,0.552763,1.451670,0.323953,0.556052,-1.859294,-3.682963,-0.498863,-1.876121,-3.065070,-5.909676,0.521993,-1.648048,4.801461,-3.287063,2.827332,0.286642,-2.591639,0.511324,-1.864357,-5.740959,1.674849,3.781681,-0.099866,1.586667,-2.353471,0.226890,1.960769,-5.060348,1.954325,-5.440616,1.151922,6.650076,-0.770634,0.862344,3.622597,0.260379,2.361208,-3.164145,3.178480,2.328790,2.381905,-3.765385,5.303772,2.265772,1.989803,-3.230912,-7.207781,-1.466649,-4.255485,-0.880561,2.482334,0.597583])",ring,1175
wafer_176,"tensor([-9.398227,6.008927,0.238433,4.244054,-3.717897,3.317439,-3.212703,11.096668,-2.312716,-1.469032,7.206774,-5.641851,1.467421,2.768159,-0.171736,2.115997,-2.753965,-2.543924,1.893918,0.988292,-7.030603,-5.406247,1.770279,0.441373,6.221631,-8.770643,1.687166,1.101406,-4.378130,1.643423,1.737369,-5.432436,1.786160,3.987544,-0.240390,2.052994,-2.242473,3.949232,0.655224,-5.351741,2.672344,-6.696826,-0.168823,8.985845,0.967835,4.892126,5.689689,1.348659,3.578098,-0.969389,6.560888,-0.956459,3.214821,-3.942556,5.171362,5.354174,-0.214194,-2.127873,-10.800643,-3.425597,-0.702843,-1.361816,0.860641,1.915902])",ring,1176
wafer_177,"tensor([-1.155930,3.070683,-0.873556,3.016580,-1.529639,4.143559,-2.320135,3.778295,1.922291,0.068473,3.797405,-2.723038,0.885052,-0.280996,1.056223,0.706450,-2.376168,-2.537819,-0.236085,-0.665056,-2.648426,-5.211786,0.155231,-0.705255,4.505174,-3.578720,1.982934,0.970859,-2.415997,0.871671,-0.870960,-5.035335,1.799258,4.116369,0.791752,0.540192,0.018752,0.132497,1.994247,-4.291084,1.986071,-3.282775,1.705351,5.854233,-1.960274,1.691168,2.771377,0.225302,1.973272,-2.657679,1.955824,2.450172,2.531470,-3.161035,5.334058,2.303092,1.413362,-2.286425,-5.378825,0.248706,-2.296643,-1.023138,2.276059,-0.744834])",ring,1177
wafer_178,"tensor([-2.366279,2.731956,-2.626351,4.005270,-2.083631,4.461004,-0.228699,1.143049,5.674227,2.553871,4.584755,-1.119365,-0.114150,2.175882,-0.737968,1.579253,-1.009427,-0.819820,0.526852,-2.599304,-1.448820,-5.653133,-0.917813,-2.753883,6.181040,-1.981594,1.604942,-2.864389,-2.542834,0.489640,0.384087,-2.958599,0.830686,4.610471,2.565263,-2.390424,2.867304,-1.592672,-0.140640,-4.476039,2.993811,-1.462170,2.864176,6.992174,-1.401235,0.297287,3.881882,-2.419550,1.728892,-2.426608,0.851018,3.583192,4.477455,-3.432299,5.407587,4.097926,2.551167,-3.011440,-3.163470,1.349884,-2.359035,1.487753,3.368980,-1.727551])",ring,1178
wafer_179,"tensor([-1.815488,1.922676,1.532188,0.670472,-0.572896,4.494605,-3.494127,2.971148,-0.510419,-0.144494,1.309169,-1.573812,1.377260,-0.089748,1.504468,-0.235400,-2.661571,-4.507701,-0.891239,-2.564094,-4.736413,-5.031859,1.229139,-0.645415,2.874697,-2.647031,2.382467,3.100732,-0.155620,0.185991,-1.674385,-7.692685,3.634856,3.493814,-1.015503,3.579318,-4.449461,1.099066,3.677586,-6.552669,2.009236,-6.004006,0.511077,5.834431,-0.088415,1.683087,2.639014,1.985251,1.786233,-4.598726,2.856045,3.681109,0.473741,-4.089550,5.467292,1.896060,1.130020,-2.161651,-7.729231,-2.087260,-4.029049,-3.009977,0.561307,0.639729])",ring,1179
wafer_180,"tensor([-2.898552,2.655726,-1.805476,3.531349,-1.465209,5.335187,-1.999346,2.167911,4.869337,1.284729,4.231430,-1.736941,0.278085,0.851088,1.199162,-0.003165,-2.448599,-2.723027,-0.130174,-1.913556,-2.210154,-6.125158,0.030166,-2.201271,5.959692,-2.424460,0.939877,-0.909603,-2.786734,0.908168,-1.175346,-4.629917,1.194492,4.787327,1.172876,-1.495258,0.424853,-1.596804,1.717977,-4.483649,2.204123,-2.641828,3.345609,6.817170,-1.719851,-0.203147,3.106014,-0.934833,1.842269,-3.299597,1.391783,3.720083,3.853610,-5.115810,5.160320,3.453441,2.623980,-2.722453,-5.119298,0.361363,-3.230719,-0.384296,2.965924,-0.968783])",ring,1180
wafer_181,"tensor([-1.012099,1.878553,2.620301,-0.147801,-1.413105,5.518427,-3.384144,3.071039,-1.580227,-2.599575,0.034537,-2.039893,2.087992,-0.503770,1.726678,-0.216681,-2.653810,-6.261553,-2.321793,-3.262976,-5.287676,-5.664787,0.566921,-0.451415,1.934749,-1.838348,3.188976,3.975580,1.739713,0.051332,-3.090629,-9.640261,3.207711,3.396963,-2.455802,5.905535,-7.128404,2.092581,3.511198,-6.840084,1.901445,-6.062217,0.196636,5.161241,-1.258232,2.063910,1.899728,4.375035,2.396475,-5.897180,3.711137,1.317659,0.150041,-4.820576,5.603004,1.098020,1.201135,-1.815140,-10.688944,-3.856547,-5.338340,-4.704804,0.065398,3.039828])",ring,1181
wafer_182,"tensor([-1.317316,0.833707,0.268180,2.238106,-2.288904,5.053686,-1.972810,1.136282,2.250764,1.261107,2.194050,-1.101669,0.695399,0.591974,0.942713,0.950079,-2.073232,-3.294512,-1.568089,-2.833961,-3.639839,-5.036068,-0.494842,-1.507404,4.425606,-0.703708,2.395602,-0.291595,-0.098538,0.799285,-0.696632,-6.459550,1.817580,2.261165,-1.118425,1.862062,-2.849715,-0.762637,1.907440,-6.199714,1.155152,-4.593476,1.416570,5.247554,-2.038977,1.758511,2.403563,0.287251,2.333271,-3.725999,1.861383,2.034024,0.890506,-3.230241,4.407572,1.949558,1.665081,-2.608036,-5.532037,-0.971425,-4.373821,-1.043024,2.502169,0.869119])",ring,1182
wafer_183,"tensor([1.784552,-0.425735,-0.410773,0.899714,-1.515237,5.902905,-0.008022,-2.786066,6.240609,1.918661,0.071765,0.666984,-0.464033,-0.193206,0.499216,0.543584,-2.003247,-3.028873,-1.864950,-3.851036,-0.696480,-5.006082,-1.281102,-2.797115,5.117496,1.751020,3.194576,-0.812742,0.493603,0.505659,-1.999209,-5.533855,1.148373,3.511937,0.246715,-0.560666,-0.797761,-2.147051,1.672666,-4.923590,1.253345,-1.480996,2.756674,5.506661,-2.031386,-2.297040,1.143138,-0.695047,2.112495,-4.544746,-0.988506,6.199735,1.594229,-3.725202,5.066302,1.710026,3.428777,-2.666836,-2.431579,1.679975,-5.400175,-0.999921,3.500001,-1.408411])",ring,1183
wafer_184,"tensor([-2.216559,1.612956,0.025330,2.203184,-0.998459,5.933611,-1.984097,1.823974,3.048108,0.303124,3.729835,-1.143792,0.610300,-0.202616,1.796863,0.304495,-1.412506,-4.563714,-0.369997,-2.857443,-2.846442,-5.651982,-0.283975,-1.320425,5.407040,-2.410862,2.879388,1.101808,-0.674733,0.822617,-1.488850,-5.557641,1.329548,4.366249,0.267050,0.637476,-1.587662,0.410331,2.522200,-5.958371,2.491189,-3.537259,1.933639,5.751081,-1.145256,0.497967,2.791258,0.058927,2.135144,-3.749038,1.869868,4.381082,2.641743,-4.108029,6.069459,2.577634,2.295890,-2.752536,-6.065090,-0.225173,-4.868585,-1.546406,1.713158,-0.483811])",ring,1184
wafer_185,"tensor([-0.751478,1.396504,0.954072,0.326292,-1.232837,6.000224,-2.785965,-0.039201,0.777911,-0.524914,0.709670,0.117312,0.151392,-1.121241,1.290282,-1.316615,-2.768815,-5.177096,-1.403248,-2.999336,-3.400792,-5.893649,0.788762,-1.757350,3.520089,-0.954211,3.405864,1.724246,0.561582,0.170979,-3.165578,-7.353549,2.057788,4.219687,-1.405268,2.418635,-2.838539,-0.769491,3.945917,-6.988109,2.275513,-4.479489,2.276617,5.825179,-2.917526,-0.791935,1.315146,1.776620,1.252861,-5.001397,1.534802,4.021830,1.576895,-4.403373,5.970402,2.149194,2.204117,-1.927833,-6.248637,-1.631587,-5.976247,-2.856117,0.732040,1.145108])",ring,1185
wafer_186,"tensor([-4.494604,3.429461,-1.188176,3.622551,-2.291973,5.274169,-2.149991,4.091783,2.066778,1.367599,4.784423,-3.102349,0.889610,2.260277,0.160485,0.502886,-2.348462,-4.124632,-0.621875,-3.104181,-3.793044,-6.445030,0.458677,-2.361785,6.224117,-3.701376,2.749889,0.496678,-2.335791,0.803349,-0.565198,-5.861247,1.805547,4.938463,0.007557,0.061310,-0.373786,0.058657,1.810592,-5.742761,2.551826,-4.876997,1.874519,7.916534,-0.639916,0.588358,4.455670,1.246460,2.633338,-2.555466,3.123277,2.671521,2.168929,-4.469510,5.952841,3.662933,2.126916,-2.943300,-6.710338,-1.260515,-4.070231,-2.072660,2.621411,1.095090])",ring,1186
wafer_187,"tensor([-2.335148,2.793269,-1.741746,4.794612,-2.912102,6.448751,-0.397914,0.978974,7.934890,2.368469,5.251289,-1.047435,-0.650318,0.793772,-0.720522,0.600473,-1.934023,-3.229553,0.049177,-3.630818,-1.220207,-7.418318,-1.396748,-2.940179,7.632218,-2.393958,2.927796,-1.403015,-1.794798,0.638691,-1.624162,-4.096364,1.081163,5.203472,1.827073,-3.154666,1.149011,-2.342026,1.037421,-5.270185,4.113822,-2.040001,3.099338,7.403392,-2.544907,-1.602489,4.235876,-1.148156,2.433878,-3.008372,0.990411,5.194467,3.714648,-5.196972,7.000829,4.417877,4.061242,-3.289234,-3.535971,1.344872,-3.439424,-0.328920,4.560838,-1.280785])",ring,1187
wafer_188,"tensor([-1.662683,0.899166,-3.368604,4.723628,-1.615379,6.070972,0.017272,0.132149,8.486629,3.581095,4.615869,-0.284294,-1.014643,1.157471,-0.554792,0.667673,-1.222160,-1.016522,-0.349041,-2.074002,-0.671912,-5.210931,-0.694809,-2.420443,7.426719,-1.360633,1.607366,-4.705253,-3.059746,1.505934,0.044195,-2.544776,0.888795,4.557194,2.127185,-4.392893,3.105585,-2.870274,-0.124636,-3.485787,2.012983,-1.427647,2.753665,5.447324,-2.992528,-0.782276,3.820210,-3.815468,1.335233,-0.854298,-0.917689,4.996855,3.770319,-3.248879,3.891679,3.446411,3.363149,-4.289091,-1.695446,2.972549,-1.823388,1.205428,4.670758,-2.669047])",ring,1188
wafer_189,"tensor([-4.898928,3.543009,-4.117852,5.333347,-2.438507,5.250002,-0.163382,1.366069,8.470692,2.591491,6.350339,-1.366731,-0.687285,1.499627,0.538202,0.016225,-1.312166,-1.351572,0.136515,-2.617115,-0.448464,-6.763686,-0.949829,-2.970106,8.690002,-3.965777,1.374771,-2.816244,-4.373675,2.051918,-0.080656,-3.145567,0.607166,5.976910,3.074375,-4.261601,3.033425,-2.488998,0.736338,-3.848444,3.790280,-2.254991,2.636013,7.628114,-1.658093,-0.351215,5.100495,-3.200408,1.742736,-2.606714,-0.001468,5.135471,4.351917,-4.763124,5.166701,5.468589,4.670043,-3.305892,-2.314331,2.206115,-1.935904,0.114702,4.907309,-1.860397])",ring,1189
wafer_190,"tensor([-8.284089,4.889169,-2.956189,6.162401,-2.745154,5.863983,-1.138690,7.273256,4.463036,1.605848,8.298184,-3.637669,0.138440,3.270965,-0.874015,1.631163,-2.534778,-2.022069,0.973273,-0.314187,-3.127213,-7.265426,0.363479,-2.475303,8.200090,-6.904266,0.967830,-2.053841,-4.966031,2.349488,0.050039,-3.634179,0.671855,4.338550,2.735994,-2.568311,2.033548,0.606022,-0.460592,-4.410776,3.203077,-3.204913,1.191530,9.090844,-0.874218,2.581517,5.695082,-2.409056,3.464712,-0.946081,3.064465,2.109619,3.957375,-4.630477,5.158356,5.626465,2.366750,-3.296261,-6.190403,-0.322805,-1.373366,0.336258,4.176200,-0.202987])",ring,1190
wafer_191,"tensor([-6.876975,4.566125,-1.036879,5.346662,-2.963615,5.136865,-1.566319,5.961833,4.892049,0.759891,7.167887,-4.263912,0.178076,2.066882,-0.433254,1.012046,-2.945964,-2.760784,1.567424,-1.911079,-2.835198,-6.834582,0.903673,-1.688239,8.518735,-5.968905,2.061263,-0.446386,-3.420533,1.906157,0.935727,-3.463016,0.961150,5.248492,1.581159,-1.552460,-0.074098,0.498394,0.199729,-5.416615,3.681663,-3.329084,1.585853,8.587982,-0.556703,1.580102,6.116952,-0.881399,4.571139,-1.552949,3.404571,2.681878,3.825253,-5.101661,5.917297,5.888452,2.685887,-3.038331,-6.720653,-0.722117,-2.028335,-1.088725,3.829909,-0.154118])",ring,1191
wafer_192,"tensor([-2.152024,1.635331,-1.492235,4.010652,-3.075491,5.825934,0.767549,0.089874,7.561687,3.377520,3.802002,-0.397317,0.134732,1.692055,-0.230175,0.366908,-1.731998,-0.204776,-1.845791,-3.193520,-1.557330,-4.342995,-1.355942,-3.069543,5.931934,-1.068052,1.539404,-2.643507,-0.767356,2.008638,-0.422712,-4.395200,0.906817,3.468053,1.798259,-1.073270,0.649542,-2.380648,0.675748,-4.081971,1.842775,-1.246274,2.411815,5.425430,-1.351384,-1.184733,2.724730,-1.460584,2.248637,-2.539188,0.634798,4.607169,1.462896,-3.274890,4.049083,2.649250,2.819517,-2.540014,-1.653676,2.108373,-2.240251,1.221618,3.961771,-1.576316])",ring,1192
wafer_193,"tensor([-4.571057,2.514845,1.513665,2.800538,-2.390795,6.012277,-1.697373,3.860181,2.736749,0.865881,4.373352,-2.516468,1.581487,1.857807,-0.090723,-0.328789,-3.140721,-4.388403,1.181814,-4.477140,-4.232747,-7.466909,0.472769,-2.406421,5.527752,-2.760966,4.390102,2.380693,-1.276410,0.450050,-1.373766,-8.260116,2.283148,4.017851,-0.017912,1.666826,-3.588410,1.073548,2.813065,-7.321667,2.261196,-5.457210,0.919752,8.146654,-1.479272,0.534054,3.938381,3.121374,3.509722,-4.024960,5.011725,2.267221,1.108219,-5.808344,7.393786,3.457560,3.791370,-3.408234,-8.677099,-2.094884,-6.015808,-2.626245,2.339298,2.423934])",ring,1193
wafer_194,"tensor([-3.124244,2.388259,0.834848,2.792980,-2.328041,6.196716,-1.730133,3.610712,1.679074,0.781585,4.150921,-2.768486,1.522597,1.519642,0.825753,-0.320784,-2.508779,-4.186094,-0.365354,-3.714513,-4.869587,-6.956254,1.128724,-1.850742,6.126645,-3.773079,3.561191,2.050425,-1.593851,1.122211,-1.920987,-7.261568,2.244884,4.425278,-0.693801,1.835933,-3.010492,0.091993,2.556507,-7.633513,1.834849,-4.949092,0.764203,6.497647,-1.763429,1.023928,4.019505,1.636872,2.994550,-3.598396,4.410797,2.342656,1.845048,-4.593347,6.254621,3.952090,2.943624,-2.779384,-8.416708,-2.156312,-5.269702,-2.647246,2.392004,2.626102])",ring,1194
wafer_195,"tensor([-5.715838,4.250896,-3.482122,5.245120,-2.187888,5.981633,-0.767593,3.971611,7.219110,2.352044,7.306608,-2.224108,-0.263668,2.058548,-0.356414,1.430165,-2.395201,-2.226658,1.218946,-2.262645,-1.452317,-7.403649,-0.809842,-3.549442,9.656519,-5.339222,1.950204,-1.943672,-5.360536,1.435629,-0.546596,-2.733830,0.981589,5.291861,2.513580,-2.924350,2.558372,-1.195130,0.582939,-4.868652,3.619433,-1.881309,2.373910,8.881760,-1.388643,-0.403126,5.654586,-2.772520,2.477500,-2.269825,1.230839,4.604598,4.837412,-4.754497,6.300110,5.724136,4.175618,-3.546752,-4.467230,1.099939,-3.480341,-0.864731,4.563894,-2.314261])",ring,1195
wafer_196,"tensor([-3.680158,2.446933,-1.746321,3.765627,-2.260408,5.636624,-0.397798,1.338325,6.162511,1.492185,4.595797,-1.025638,0.431434,0.993992,0.070795,0.752978,-1.975022,-1.650091,-0.082896,-2.697759,-0.791875,-6.446630,-0.421254,-2.275846,7.249816,-2.865929,1.150331,-1.814693,-2.593633,1.101556,-1.435824,-3.518337,0.981278,5.124913,1.825269,-2.465926,1.326293,-2.482076,0.588558,-4.744181,2.456753,-1.951724,2.455949,5.769221,-1.332667,-0.680004,3.535320,-2.278282,1.823082,-1.747958,0.464995,4.677742,3.945380,-4.049245,4.980488,3.987970,3.472563,-3.282619,-3.617945,1.737419,-3.521512,-0.781318,3.776582,-1.106660])",ring,1196
wafer_197,"tensor([-2.521018,1.570292,-1.997375,3.701103,-1.334617,6.249139,-0.198768,0.727259,7.730576,2.482933,3.830197,-1.669602,-0.090597,1.607968,-0.097977,0.792617,-1.386828,-1.589137,-0.004473,-5.123490,-1.215019,-6.356748,-1.244049,-3.537328,7.246780,-1.279563,2.350058,-2.220812,-1.403204,0.785837,-1.201722,-4.845699,0.468793,4.118643,1.904060,-2.097845,0.651530,-2.054632,1.516916,-5.329869,2.539794,-1.937200,3.055864,6.271821,-1.960225,-0.104212,3.225352,-1.094984,2.031589,-3.882022,0.809992,5.266624,1.553530,-3.752921,5.332989,4.153797,4.489359,-3.188397,-3.064083,1.096940,-3.734855,-0.475753,5.250675,-0.628961])",ring,1197
wafer_198,"tensor([0.581504,0.029095,-0.276087,2.461009,-1.111582,7.117787,0.128021,-2.775985,6.998443,3.160355,1.523672,0.447546,0.522070,0.838308,0.661740,-0.132538,-1.684448,-3.904339,-1.509941,-6.519174,-1.231293,-6.665661,-1.918717,-4.119674,4.613753,1.818053,4.230662,-0.142559,1.025740,-0.211277,-2.815321,-6.402535,2.271439,4.019413,0.862823,0.221114,-1.664540,-3.736909,2.338557,-6.813458,1.272164,-2.472589,2.518251,5.259326,-3.152180,-2.829120,1.420386,0.590168,2.471988,-4.985236,0.380871,5.972698,1.192628,-5.158803,5.615831,2.224608,4.882001,-2.695837,-2.701530,-0.348665,-7.093560,-0.973747,3.650362,0.338926])",ring,1198
wafer_199,"tensor([-4.218335,2.760873,1.160886,2.077469,-2.407595,5.185815,-1.599176,3.253254,3.278295,0.427093,3.338609,-1.876931,1.167085,1.765735,-0.247628,0.778911,-3.268973,-4.742914,0.180242,-4.135077,-4.435947,-6.999862,0.792721,-2.420001,5.634601,-3.152531,3.102372,2.171028,-0.575158,1.194735,-1.233004,-7.093794,1.732059,4.519235,0.008733,1.036260,-3.321339,-0.263556,1.981597,-7.541601,3.783253,-5.273434,0.718243,6.953459,-1.533649,0.896018,3.529308,1.470918,3.930423,-4.410391,3.714770,2.927158,1.542305,-4.896434,5.957672,3.449076,3.492946,-3.160048,-6.918616,-2.594399,-5.813045,-3.563173,2.058485,1.322613])",ring,1199
wafer_200,"tensor([-2.763202,3.706003,0.142316,2.011659,-2.141700,4.439463,-2.794071,3.478095,1.718491,-0.416098,2.558441,-1.771585,2.226232,0.196770,1.611631,0.580356,-2.416628,-4.653820,-0.307600,-1.477323,-3.121748,-5.941508,0.574675,-2.097227,4.868727,-3.552314,2.300840,1.619235,-1.811126,0.668705,-2.171000,-6.672762,2.770363,3.566405,-0.818484,1.853483,-1.864348,1.108381,2.943362,-7.413617,2.631474,-5.062920,1.105443,5.666821,-1.767822,0.923099,3.231669,1.657391,2.504464,-3.646545,3.843754,2.904382,2.717859,-4.109230,6.140179,2.453751,1.751774,-1.910524,-8.021496,-2.112364,-4.894839,-3.414965,2.052962,0.912904])",ring,1200
wafer_201,"tensor([-2.970510,1.794127,-2.205857,4.221384,-2.506080,6.957558,-0.550785,1.118459,6.749974,2.425056,4.652528,-0.605623,-0.367971,0.833591,-0.598449,0.612094,-1.699246,-3.111823,-0.509378,-3.431968,-1.098140,-5.682530,-0.747578,-2.942623,7.080902,-2.506702,2.169516,-1.737673,-2.391976,0.796456,-1.174077,-3.743059,0.292005,4.301323,1.797161,-3.113053,0.944702,-1.498999,0.903530,-4.392343,2.491425,-2.315395,1.893161,6.662739,-2.153108,-0.480844,3.873126,-1.433116,2.002831,-2.821083,1.140571,4.544153,3.411251,-4.258538,4.636654,4.662590,3.999366,-4.016892,-2.344861,0.658530,-3.144963,-0.113323,4.560218,-1.348973])",ring,1201
wafer_202,"tensor([-1.643749,1.347089,-1.299372,3.792195,-2.168020,6.545300,0.118900,-1.208200,9.385214,2.778069,3.586187,0.920963,-0.013901,1.605818,-0.901708,0.213804,-1.585252,-1.734696,-0.958344,-5.273680,-0.506881,-5.787634,-1.381795,-3.497205,7.718473,-0.126760,3.168002,-2.037552,-1.127853,-0.010406,-1.496959,-3.354058,0.942722,3.585543,2.298482,-2.723753,0.904114,-3.762606,1.426711,-5.154614,2.146380,-2.281055,2.325087,5.707966,-2.754807,-2.745591,2.139229,-1.093087,2.322066,-3.416799,0.580359,6.234719,1.847065,-3.699099,4.852116,3.297564,3.306037,-3.868831,-1.972733,1.830318,-4.495874,0.581911,4.885084,-0.518991])",ring,1202
wafer_203,"tensor([1.397029,-0.102517,2.111519,0.282125,-0.238362,7.490032,-1.338388,-2.722377,3.843783,0.380753,-1.074988,0.654124,0.816522,-0.056238,2.022247,-1.214401,-2.426536,-6.400503,-2.489228,-6.894515,-2.400558,-7.968623,-1.788041,-3.924695,3.430073,0.551594,5.062507,3.066269,2.751876,-0.811696,-4.741105,-8.831641,3.033782,3.903816,-1.748654,2.323788,-4.347233,-1.785130,5.454171,-8.703505,2.977832,-3.536628,1.632655,5.046935,-3.549730,-2.623796,0.682474,3.476633,2.360255,-7.523511,1.036786,5.830843,0.739467,-5.586875,7.160314,2.049808,4.808890,-2.844556,-5.402130,-1.358032,-9.771977,-4.274778,2.309848,2.049548])",ring,1203
wafer_204,"tensor([-2.183406,2.376484,0.872444,2.044761,-2.130354,6.047774,-1.350944,1.433306,3.828574,0.532875,3.302101,-1.274429,0.805038,1.436759,-0.287579,-0.099431,-2.788667,-4.513733,-1.014445,-5.553980,-3.665611,-6.996818,-0.550551,-3.551032,6.215489,-1.557275,3.615685,1.867156,0.124171,0.490229,-1.540005,-7.075056,2.485603,3.863150,-0.585415,1.075394,-4.053207,-0.714938,3.246902,-7.896354,2.293801,-4.055290,1.029484,5.888476,-1.706960,-0.697169,3.516160,1.784099,3.444303,-4.856263,2.425794,4.723196,0.319807,-5.075914,6.530562,3.045451,3.737418,-2.442931,-5.552598,-0.879348,-6.509482,-2.999379,2.422355,1.995168])",ring,1204
wafer_205,"tensor([-7.379117,4.455920,0.546263,4.727342,-4.406682,5.033202,-0.685364,6.445042,4.094417,0.630119,8.458952,-3.293131,1.884789,3.689961,-1.002356,1.311664,-2.828511,-2.776443,1.626625,-2.103375,-4.434132,-7.471394,0.961060,-2.219016,8.402032,-6.341486,2.650202,-0.299878,-3.880248,1.983664,0.740297,-5.780683,1.347062,4.465197,1.222226,-0.343267,-0.604505,0.879116,0.541437,-6.057839,3.087277,-4.142917,0.466525,8.630867,-1.179362,1.769438,6.163690,1.460382,4.136358,-2.299777,4.887466,1.961350,1.996196,-5.265818,6.736494,5.186534,4.170535,-3.190573,-6.720397,-2.152528,-3.452975,-1.453874,3.699745,0.867245])",ring,1205
wafer_206,"tensor([-4.050678,3.112466,-1.940933,4.618933,-3.310378,5.743889,0.686383,2.283980,7.719252,3.206718,6.849254,-2.137556,-0.168102,3.648950,-0.919314,-0.054070,-2.990691,-0.873195,0.181531,-4.853973,-1.721119,-6.980196,-0.854468,-4.067684,8.827119,-3.676887,2.672191,-1.963430,-2.611157,1.536543,-0.850241,-3.957312,1.074984,4.261869,1.254462,-1.529432,0.281338,-2.181159,0.784478,-6.546616,3.106430,-2.971094,1.037313,7.734282,-1.975221,-0.906301,4.600890,-0.390079,4.408135,-2.040890,2.653656,4.921740,1.542869,-5.347383,5.730132,4.725835,4.843720,-3.775679,-3.252246,0.121228,-4.788430,0.095895,4.770298,0.172410])",ring,1206
wafer_207,"tensor([-7.310816,4.436649,0.029846,5.462449,-3.420737,4.838765,-1.074891,6.304294,2.395499,0.466469,7.978872,-3.928427,1.700877,3.622814,-1.586274,0.509556,-3.838140,-4.015100,1.502977,-3.461745,-4.740837,-8.134406,0.982274,-3.048546,7.505873,-6.012353,2.818505,0.840142,-3.550598,2.825263,-0.942547,-6.666066,1.438699,4.765689,0.725140,-0.522286,-2.134478,0.583574,1.229555,-7.906543,3.642432,-4.728841,1.515940,9.755882,-0.852400,2.423223,5.593255,1.401475,5.101943,-3.980951,5.131631,3.178452,2.288319,-6.425553,7.114166,6.401090,4.379008,-3.240980,-8.359492,-2.996090,-4.632465,-3.346068,3.983382,2.023146])",ring,1207
wafer_208,"tensor([-6.813620,4.860273,1.087421,3.386959,-2.980362,5.182274,-2.105789,4.857421,1.006670,0.070373,5.873931,-3.610052,2.113856,1.679911,-0.097624,0.668897,-3.456055,-4.319544,1.450707,-3.007053,-4.459435,-7.732450,1.274869,-2.576732,6.937355,-6.319994,3.252285,2.874807,-2.833921,2.247595,-0.916779,-6.869819,2.485759,5.027732,0.252235,1.183543,-2.257721,0.438970,2.748341,-7.097720,3.264574,-4.469360,-0.152089,8.604204,-1.400683,1.551451,4.271349,2.146406,4.227087,-4.420858,6.368981,2.035216,1.978784,-6.267818,6.822141,4.732720,3.950254,-2.087708,-8.708421,-2.834756,-4.833045,-3.645540,2.293079,2.512582])",ring,1208
wafer_209,"tensor([0.287685,-0.159535,-1.270785,2.469328,-2.830727,7.258423,1.229657,-3.256667,8.895390,2.406349,2.381040,0.351704,-0.042279,2.265286,-0.551665,-0.440092,-1.731005,-1.702575,-1.033811,-7.736622,-0.463986,-7.253354,-1.344385,-5.121733,6.630450,1.882813,2.928183,-1.529048,0.678122,1.376676,-1.856263,-4.826106,0.529891,4.140450,0.880714,-1.690513,0.264577,-3.745649,1.750416,-6.024076,2.605619,-1.478656,1.998221,5.569619,-2.960714,-2.931108,2.218092,0.008238,2.904562,-4.822695,-0.184462,6.706122,1.260353,-4.468110,4.674169,2.561189,6.075055,-3.592527,-0.697953,0.914890,-6.868250,0.294228,5.221819,-0.138245])",ring,1209
wafer_210,"tensor([-4.927812,3.125860,-0.680560,4.514310,-2.373557,5.926685,0.993665,3.284547,5.844027,1.989431,6.695187,-3.033990,1.068924,3.496461,-0.814572,0.469135,-2.254483,-1.533994,1.533861,-3.947048,-1.660121,-6.931877,-0.157312,-3.684284,8.169098,-3.622769,2.555261,-0.708881,-3.017248,2.141977,-2.394414,-3.253893,0.450556,4.383316,1.633911,-1.791801,-0.744522,-1.573356,0.773113,-5.419699,3.796411,-2.659068,0.887797,7.134795,-2.581380,-0.225066,4.718027,-0.172024,3.724875,-2.486964,2.241360,3.623830,1.778994,-5.116698,5.278835,5.263590,4.352389,-2.946826,-4.900022,0.265909,-4.364949,-1.295871,3.866182,0.678920])",random,1210
wafer_211,"tensor([-5.419462,3.243452,0.877105,3.909906,-3.817268,5.392092,-0.495467,4.952782,1.938472,0.204435,5.243316,-3.990530,2.124563,2.723290,-0.580754,0.365916,-2.788256,-3.317148,0.640740,-4.237436,-4.534719,-6.779171,0.875426,-2.018306,5.901493,-4.141972,2.768011,1.873022,-2.369605,1.678527,-1.080612,-5.293108,1.408018,2.522482,-0.183346,1.010330,-2.291604,0.157507,2.399139,-6.769497,2.792709,-4.578982,-0.503034,7.032975,-0.804007,1.646070,4.127834,2.969248,4.528234,-2.537908,4.530692,1.543752,0.147555,-5.012504,5.854619,3.885679,3.517743,-2.135172,-7.675672,-2.961334,-4.577216,-2.005190,3.135352,2.078743])",random,1211
wafer_212,"tensor([-2.122335,2.204142,1.144351,1.206643,-2.367563,5.475230,-0.316097,-0.722097,3.782831,1.132570,1.715246,-1.242808,1.936740,0.946380,0.169862,-1.711410,-2.958429,-5.246523,-0.296187,-6.833952,-2.958118,-8.554443,0.022610,-4.447080,5.937709,-0.804581,5.203498,2.886761,0.070209,0.334719,-4.063691,-6.564176,2.580416,4.148782,-0.159837,2.033090,-3.731416,-2.425777,3.483008,-6.816164,3.023442,-2.928368,1.104472,6.607634,-2.638908,-1.642643,2.558711,3.105094,3.713984,-4.956002,2.495862,4.256663,0.474443,-5.518482,7.499185,3.478866,5.035709,-2.326653,-5.139420,-2.188196,-8.546837,-4.126163,2.923464,2.384071])",random,1212
wafer_213,"tensor([-5.776211,1.964528,-1.852308,4.283856,-3.447181,4.503784,1.887459,0.794020,8.000868,1.244243,6.834691,-2.005759,0.441025,2.159928,-1.195068,-0.340701,-1.721319,-2.028342,1.278997,-4.187409,-0.493009,-7.548566,-0.363300,-3.501224,8.253297,-3.255640,2.447117,-0.919887,-2.509543,2.041283,-1.986869,-2.867244,0.752257,4.887968,1.465771,-1.838349,0.522521,-3.094561,0.700546,-5.257504,3.500192,-2.296398,0.741821,7.452168,-2.156646,-0.509413,4.201062,-0.380780,3.317397,-2.387375,1.462871,5.513269,2.514351,-4.855831,5.668961,4.889672,5.923395,-2.702425,-2.437769,-0.240739,-3.773998,-0.719892,5.724099,-0.442775])",random,1213
wafer_214,"tensor([-7.219347,3.545861,1.535003,3.710621,-4.113714,5.077506,-0.027424,5.943099,1.165596,-0.625350,5.679039,-4.204729,2.107367,3.473806,-1.381893,0.154629,-3.116731,-3.764182,1.683309,-3.222380,-5.879281,-7.644369,2.054106,-2.783124,6.211045,-6.236979,4.451383,2.733640,-1.510234,2.261859,-2.049054,-6.544451,0.983707,3.390917,0.225775,3.752318,-4.408202,1.290285,2.251568,-8.351897,2.893754,-5.157861,-1.609162,8.460073,-1.159487,2.823346,5.458944,3.860874,5.517666,-1.961865,7.133951,0.856863,0.038599,-6.752344,5.820669,5.467482,4.489565,-3.509820,-9.908519,-5.255460,-5.281643,-2.991176,2.587397,3.465027])",random,1214
wafer_215,"tensor([-4.915624,1.859485,0.559335,3.432163,-4.071983,5.424145,0.916281,1.402025,3.566058,1.631558,5.572128,-1.688314,0.839852,3.299676,-1.755670,0.052632,-2.470285,-3.039957,0.049269,-5.728334,-2.844438,-7.540773,1.112124,-3.227713,6.620402,-3.178896,4.199480,1.032438,-1.525635,1.700937,-1.252396,-4.635731,1.632993,3.686817,-0.108367,0.989816,-2.916182,-0.817960,1.706080,-7.376477,1.905865,-4.065981,-0.103193,6.689033,-2.066874,-0.214925,3.529284,2.416949,4.562051,-3.693847,4.342331,3.422828,0.242942,-5.348159,5.668546,4.524469,3.665827,-2.633087,-4.890590,-2.252002,-5.194658,-2.830487,3.032772,2.679708])",random,1215
wafer_216,"tensor([-9.868072,4.777122,-1.210033,5.403432,-5.175543,4.004259,0.423029,6.313814,4.943860,1.365739,9.117111,-4.406909,1.301755,3.716005,-2.862815,-0.038444,-2.778852,-2.415937,1.934587,-4.046840,-3.237949,-8.048277,1.111489,-3.113087,9.950093,-5.938694,3.456228,-0.121987,-3.531323,2.682756,0.067839,-3.655578,1.579677,4.291017,2.420882,-0.582398,-0.114900,-0.564831,0.561325,-6.364287,4.836266,-4.516732,-0.313950,8.717872,-0.872923,1.114044,6.508211,0.983607,5.828430,-2.203752,6.104844,1.944092,1.647189,-7.169118,5.925439,6.063283,5.209086,-3.173883,-5.539540,-2.940237,-4.018004,-1.446824,5.323789,2.381275])",random,1216
wafer_217,"tensor([-7.549019,3.675191,-0.449581,3.423897,-4.488190,5.274236,0.698490,3.679172,3.816578,1.199703,6.712326,-3.331756,1.943093,3.285199,-2.179826,-0.321328,-2.596381,-1.483943,1.650545,-2.907441,-3.243725,-7.436394,1.110016,-2.868832,7.916780,-4.852173,2.736624,-0.071988,-4.126441,2.269433,0.301494,-3.974699,0.734629,4.215114,0.855194,-0.787287,-1.423286,-0.678256,1.691092,-5.544968,2.859169,-3.567959,-0.385991,7.722321,-1.704939,1.829881,4.569831,1.336104,4.444538,-2.242711,4.582075,1.970567,-0.412100,-6.170092,5.640520,5.544147,4.999765,-3.706369,-5.064750,-1.559895,-4.998279,-2.030213,5.031316,1.688345])",random,1217
wafer_218,"tensor([-5.539774,2.736825,-1.268976,4.737365,-3.487563,5.347898,1.405533,1.085217,7.466820,1.846576,6.749985,-2.227407,1.225771,3.068034,-1.805627,-0.716050,-2.252864,-2.483390,1.891040,-5.268553,-0.849536,-8.852738,0.196224,-3.551615,9.772673,-4.585978,3.690751,-0.618967,-3.623785,1.596257,-1.252541,-3.344164,1.490313,4.496043,1.966468,-1.187881,0.414193,-2.836647,1.971285,-6.341131,4.830305,-1.923143,1.549317,7.832820,-1.837224,-0.438737,4.908149,0.718269,4.936485,-2.518145,2.763597,5.177497,1.685359,-6.568513,6.783964,5.411854,6.648275,-3.346897,-3.349339,-1.508789,-6.344391,-1.775289,5.372794,1.543185])",random,1218
wafer_219,"tensor([-10.733569,4.597910,2.327407,4.668938,-5.070244,4.341457,-1.455443,10.350266,-1.382756,-1.545651,8.340305,-6.042750,2.753629,4.107504,-1.220367,0.532495,-4.129147,-3.839442,2.305331,-2.619046,-7.498515,-7.660291,3.464192,-0.818574,7.354963,-7.882620,3.830312,3.456006,-3.430277,3.265037,0.880351,-5.631138,1.566380,3.402420,-0.615587,4.684375,-5.242819,2.972347,1.975474,-7.462722,2.996782,-7.104615,-1.947809,9.980779,0.446689,4.911934,5.360388,4.810304,6.559984,-2.268366,8.859414,-2.145383,-1.443471,-5.745237,6.175051,6.419550,2.897340,-3.038210,-11.619996,-6.597555,-3.590013,-3.281763,2.658787,5.306620])",random,1219
wafer_220,"tensor([-4.261652,0.632939,1.044390,3.085208,-4.235832,6.018222,2.070110,0.252688,5.563656,1.882361,5.766177,-1.763455,1.825184,3.729148,-2.262417,-0.484891,-2.110023,-2.566550,0.716701,-6.959875,-2.255276,-7.954575,-0.374092,-3.674882,7.169318,-0.884644,4.220347,-0.243715,0.170192,1.587281,-2.028341,-5.029090,1.361437,2.992035,-0.189983,0.968329,-3.383091,-3.036081,1.639674,-8.002085,3.676925,-3.157608,0.564497,6.334974,-2.612129,-0.543093,2.784532,3.023691,5.270073,-3.957312,4.492548,3.459075,-1.647625,-5.729051,5.231187,4.529857,5.634457,-3.703651,-2.435840,-2.034292,-6.896840,-2.008716,4.648570,2.563697])",random,1220
wafer_221,"tensor([-5.521759,2.435637,-0.042058,2.969213,-3.736633,4.626706,1.528945,1.355345,6.052140,0.738951,5.010899,-1.705825,1.884976,2.574049,-1.099993,-1.457615,-2.801108,-2.720169,1.723838,-5.636262,-1.994263,-7.528759,0.675656,-3.535504,7.849714,-3.166813,3.355138,0.905829,-2.251487,1.972465,-2.641810,-5.180163,0.779709,3.985856,0.504069,-0.379775,-1.801986,-1.820881,2.278665,-6.995647,4.087327,-2.864378,0.801214,6.954234,-2.830346,-0.994496,4.163295,2.289467,4.958147,-3.322823,2.303057,4.280345,-0.234239,-6.397038,6.130151,5.462022,6.130292,-2.530278,-4.481278,-2.674623,-6.083992,-2.785383,4.210918,2.909741])",random,1221
wafer_222,"tensor([-4.203299,0.931648,0.208345,2.607786,-3.729593,4.956802,1.405152,-1.323254,7.061655,1.490954,3.985678,-0.721411,1.493600,1.933296,-1.174471,-0.293922,-2.226707,-2.850764,0.298333,-6.288858,-0.767145,-6.972893,-0.241706,-4.200613,7.098074,-1.562568,3.261338,0.886884,-0.333474,1.069261,-2.580340,-3.400999,1.105139,3.233514,0.404423,-0.042727,-2.084398,-2.851380,2.436518,-6.353303,3.027695,-2.435283,0.041350,5.993038,-2.679856,-1.741558,3.348382,2.727688,4.253380,-3.328003,2.350820,4.695563,-1.068772,-4.579008,4.039013,4.677902,5.498228,-2.614066,-2.933545,-1.592637,-6.724674,-2.074645,4.080463,1.952881])",random,1222
wafer_223,"tensor([-7.920141,3.326687,-0.085704,4.340590,-4.350075,3.958289,2.082924,2.828344,6.354960,1.411964,9.155411,-3.185991,1.736732,4.812064,-2.199899,-0.234262,-2.539560,-2.327338,2.329488,-5.701802,-3.237027,-8.409318,0.645021,-4.087023,10.012520,-3.710910,3.906987,0.053543,-3.700212,3.107611,-1.525795,-3.141775,0.622563,4.963576,2.658991,-0.663692,-0.521957,-1.008886,1.328484,-6.873002,3.527824,-2.911981,0.041098,8.874613,-1.436649,-0.350446,4.408055,1.955593,6.076327,-2.319050,4.596949,3.567494,-0.252161,-6.696992,6.101003,6.747975,6.366513,-3.750579,-4.671264,-2.896716,-5.920634,-2.444660,5.955332,2.579774])",random,1223
wafer_224,"tensor([-4.815744,1.345327,2.291852,1.037209,-4.129346,4.481397,0.629445,0.355339,2.538355,-1.205240,3.955302,-1.884400,2.723152,2.118489,-1.132384,-1.339426,-2.943614,-4.030014,1.751100,-6.883908,-3.202846,-8.690318,0.250022,-3.452240,5.349698,-2.628081,4.899636,3.634453,-1.395198,1.167758,-4.014606,-5.328683,1.632803,2.578913,-1.192593,3.523474,-5.216510,-0.339522,4.398853,-7.034313,2.999552,-4.683777,-0.520004,5.585850,-1.829018,-0.116849,2.524383,5.047727,5.599589,-4.655691,4.598838,3.711286,-1.899320,-6.200618,6.359112,4.137211,5.070879,-3.420658,-7.064836,-5.327791,-7.447758,-4.318475,1.660889,4.833601])",random,1224
wafer_225,"tensor([-8.155185,2.933502,-1.630622,4.596293,-5.970928,3.406289,2.681167,2.858885,7.728898,2.073307,8.838906,-3.334276,0.523716,5.920218,-3.394172,0.581308,-2.445933,0.000193,2.305730,-4.556225,-1.586332,-7.448141,0.811987,-4.072184,10.510412,-4.661038,2.142871,-1.669031,-4.378647,2.519069,0.374049,-1.106782,-0.323479,3.392494,3.770369,-2.393440,1.258496,-2.493892,-0.496044,-5.281003,3.940168,-2.552601,0.351824,8.220577,-1.463018,0.127185,4.211629,0.895090,5.941947,-0.740663,3.981955,3.388155,0.360449,-4.724734,4.954991,7.113041,5.427588,-3.695014,-2.810409,-1.304196,-2.449781,1.398900,5.791365,1.363103])",random,1225
wafer_226,"tensor([-8.949710,2.944542,0.760508,4.008310,-5.208944,4.262128,1.347054,3.147322,5.904994,1.701012,9.721991,-3.685962,2.087237,5.987062,-2.977067,0.224545,-3.792898,-1.349996,3.140788,-5.245469,-3.627032,-8.217044,1.262755,-4.068351,9.175233,-5.111182,3.866174,-0.489779,-2.968283,2.761266,-0.255042,-2.878793,0.746387,3.691985,1.825559,0.608241,-1.189605,-1.436081,0.389999,-6.509024,3.887440,-3.167314,-0.135245,8.752464,-1.296909,-0.152070,5.427933,2.923429,6.521945,-1.312513,6.479511,1.565677,-1.014447,-5.407467,5.461371,5.689377,5.829980,-3.365977,-4.884365,-3.650311,-4.628627,-0.858341,5.523311,3.575292])",random,1226
wafer_227,"tensor([-6.351328,2.608893,-0.184481,4.100048,-5.000127,4.572947,2.552772,0.873114,7.112876,2.084621,8.080496,-2.236005,1.915033,3.735621,-2.664279,0.369682,-2.913203,-1.371725,2.887581,-6.996301,-1.969780,-7.409360,0.300024,-4.784546,8.674932,-3.437544,4.073796,0.321127,-2.343700,0.970661,-1.473740,-3.259587,0.680717,3.639553,1.850670,-0.360149,-1.221074,-1.797672,1.452689,-7.564515,3.647885,-3.236815,0.236607,6.966340,-2.024831,-1.500192,4.185486,2.764187,6.038917,-2.306521,4.434946,4.172168,-0.565342,-6.190566,5.443742,5.483898,6.063156,-3.333426,-3.111809,-2.853111,-6.618071,-1.770072,5.235367,2.764429])",random,1227
wafer_228,"tensor([-5.427640,1.917125,1.818064,1.622030,-4.602145,3.086425,1.368085,0.767990,2.114459,-0.775583,3.495005,-3.106168,2.514752,2.954727,-0.819368,-0.594533,-1.330338,-2.552810,0.227780,-5.553072,-3.169318,-6.868822,1.102266,-3.109045,5.264028,-2.434293,4.214366,2.129288,-1.869394,1.716370,-1.923307,-4.372941,1.912895,2.158944,-0.057552,2.238736,-3.120121,-0.284689,3.007209,-6.077155,2.503929,-3.968394,-0.417488,6.168722,-1.629498,0.048865,2.155055,3.293337,3.827650,-3.065870,4.807225,2.197555,-1.880925,-5.402286,5.414424,4.604754,4.624760,-3.028962,-5.055792,-3.938762,-5.760317,-2.942944,2.312751,3.474111])",random,1228
wafer_229,"tensor([-6.663941,2.405576,-0.062821,2.771874,-4.175692,4.450817,2.524182,0.908437,5.437429,0.686054,5.926242,-1.903202,1.460605,3.243344,-2.565576,-0.744314,-1.818955,-1.756798,1.531570,-5.638017,-2.282174,-8.541810,1.655888,-4.263889,8.177729,-2.976719,3.374756,0.969483,-2.699195,2.444832,-1.944609,-3.410325,1.933702,2.233303,0.766225,0.138701,-3.168505,-1.742254,0.747038,-6.967244,4.236156,-2.750078,-0.666676,6.405085,-1.628631,-0.223197,3.090718,3.181234,5.518664,-3.151819,4.557193,2.743334,-1.067747,-6.092033,6.149970,5.651928,5.569996,-2.886696,-3.069045,-3.125548,-6.086135,-1.472920,3.977640,3.195564])",random,1229
wafer_230,"tensor([-2.972650,-0.420347,-0.619343,2.337168,-4.929648,4.225459,3.526330,-3.112212,9.061941,2.360697,4.369778,0.184394,1.429618,3.267790,-2.348703,-0.523200,-1.942811,-0.258845,0.857946,-6.981950,0.694690,-7.932734,-1.183710,-4.715298,8.421193,-0.544170,3.285755,-0.653094,-0.754517,2.250292,-3.313317,-1.929077,0.189391,3.115330,1.553684,-2.658713,-0.677058,-3.797267,0.876420,-5.420155,3.368938,-1.439083,0.751226,4.993908,-3.141300,-3.475885,2.612089,1.165063,5.126588,-2.727356,0.984736,5.235452,-0.414890,-4.978156,4.960379,4.823507,6.303471,-3.100445,1.017783,0.106605,-6.313261,-0.767922,5.355139,0.762884])",random,1230
wafer_231,"tensor([-7.914492,2.292305,1.170369,2.718942,-5.052966,4.041733,2.374489,2.025288,5.037416,1.758246,7.270341,-2.776859,2.364657,4.484326,-2.966843,-0.517949,-3.003953,-2.441763,1.891553,-6.904402,-2.939266,-8.303924,0.520707,-4.704189,8.277840,-3.382685,4.212176,1.337591,-2.822627,2.467850,-1.578434,-4.334266,1.253500,3.196851,1.158527,0.758418,-3.278754,-1.360597,0.893916,-7.665424,3.676096,-2.510644,-1.364010,7.737365,-2.163119,0.863793,2.749780,4.368065,7.153071,-2.243224,5.609693,3.207969,-2.181134,-6.461237,5.768165,5.557512,5.790677,-3.751165,-5.191900,-4.404147,-6.161997,-2.917392,4.975701,3.744112])",random,1231
wafer_232,"tensor([-5.660516,1.894186,1.175314,2.037135,-3.958213,4.452266,2.308633,0.100021,5.178662,1.173108,6.796509,-2.049575,1.690305,4.647047,-3.331372,-0.586055,-2.609536,-2.056843,1.691311,-7.708055,-1.847790,-8.791462,0.488251,-4.306586,9.097042,-2.521412,5.142511,1.863751,-1.322531,2.491393,-1.766706,-4.246142,1.150477,2.843251,0.929271,1.225946,-3.363408,-2.552962,1.899442,-8.468861,4.883615,-3.388258,-0.539085,7.741022,-2.460678,-1.344121,4.384490,4.108265,7.214468,-2.206075,5.637161,3.453755,-1.676215,-6.885220,5.792861,5.191488,6.994341,-3.057577,-3.476216,-3.045086,-8.431417,-2.982992,5.205739,4.156702])",random,1232
wafer_233,"tensor([-7.034367,2.094970,1.162839,2.241558,-4.982254,4.419772,2.600959,0.779229,6.440124,1.837307,7.850737,-1.881594,2.470509,4.990064,-4.409206,0.058901,-2.899913,-1.738149,3.023538,-7.720902,-2.052406,-9.808667,1.325057,-4.282309,10.674225,-3.282434,5.726569,1.259837,-2.186978,1.806205,-1.658641,-4.071235,1.317257,2.669510,0.922500,-0.205818,-2.794680,-2.527962,1.730595,-8.199257,4.336171,-3.050938,0.144668,8.070404,-1.966293,-1.588174,4.033838,3.528888,7.193001,-3.041318,4.729568,4.052733,-0.795718,-6.952410,6.274818,6.356273,6.898118,-3.381680,-3.040185,-3.880016,-8.412546,-2.417620,5.877303,3.533754])",random,1233
wafer_234,"tensor([-5.522245,0.812135,3.576701,0.859983,-4.942286,3.845667,2.113903,1.490567,0.746313,-0.317510,4.283835,-2.279252,3.246226,4.006785,-2.152746,-0.390666,-2.904568,-4.057332,1.191341,-8.558375,-4.806763,-8.041106,1.759326,-3.512215,5.493305,-2.024880,5.404708,4.916699,-0.276377,1.617220,-2.323770,-6.280277,2.484476,1.872138,-2.287175,4.344366,-6.941458,-0.635935,3.922483,-9.090921,3.531314,-5.395329,-1.584951,6.251154,-1.811737,0.694055,2.438710,6.637971,6.563263,-4.370026,6.838037,1.215018,-5.033856,-5.495035,5.104372,4.909309,5.251711,-3.338360,-6.417552,-7.429490,-8.241560,-3.997451,2.595469,6.222982])",random,1234
wafer_235,"tensor([-5.775331,1.516066,0.925391,1.620387,-4.538066,3.432220,1.318865,-0.182131,4.152372,0.914955,4.731062,-1.602179,2.025757,4.078822,-1.554840,-1.926308,-2.666578,-2.395705,1.820621,-6.447359,-1.436852,-7.388737,0.757870,-4.806776,6.570000,-1.749323,3.903943,2.659148,-0.404772,1.783829,-2.375425,-3.321008,1.721044,3.028284,-0.318837,1.422479,-2.953684,-1.744161,2.396741,-7.587386,2.933325,-3.716645,-1.051345,5.192814,-2.349425,-1.070862,2.637920,4.609506,5.712183,-2.623369,4.536239,3.481991,-3.107846,-5.446465,3.731624,5.075915,5.907145,-3.060334,-2.918331,-4.024760,-6.849944,-2.606013,4.110351,3.659824])",random,1235
wafer_236,"tensor([-11.186027,4.612346,-0.267929,4.276844,-6.570650,1.926527,3.049461,4.954794,5.274710,1.580104,10.676547,-4.468687,2.445700,6.062850,-5.228628,1.147316,-2.837074,0.356290,4.587711,-5.086941,-2.464793,-8.320225,1.495443,-3.649906,10.175363,-5.702227,3.287245,0.665969,-5.502431,3.679604,0.861104,-1.086895,0.961842,2.777856,1.114821,-0.834851,-1.911334,-0.118199,-0.057431,-5.525608,3.815335,-3.222215,-1.142802,8.446175,-0.743496,1.838916,5.456825,3.599842,7.065324,-0.315311,6.688681,0.493483,-1.441224,-6.335348,4.541619,7.730631,6.814479,-3.119305,-4.243854,-4.236010,-2.751455,-1.481289,4.828365,3.682735])",random,1236
wafer_237,"tensor([-8.165967,2.001529,1.872388,2.628713,-6.199053,2.560508,3.210522,1.694484,2.761847,0.186305,6.994390,-3.362666,2.952997,5.406634,-3.545777,0.292050,-2.513165,-0.724556,2.832806,-6.919889,-3.102741,-7.831756,1.962661,-3.941076,7.742423,-3.379729,4.974999,2.661215,-1.760115,2.205317,-0.856911,-3.803008,1.275326,1.534773,0.245005,3.363852,-3.872532,-0.319169,1.545129,-7.234417,3.618050,-4.326279,-1.844480,6.508116,-1.305192,1.033348,4.533248,6.057255,6.398709,-2.554496,6.992500,0.678254,-4.119424,-5.906033,5.152785,5.749733,5.368029,-3.444724,-4.837705,-5.132121,-6.186883,-2.735222,4.291436,5.457562])",random,1237
wafer_238,"tensor([-5.106569,0.743486,1.497469,1.737795,-4.600813,3.329859,3.245024,-1.395709,5.478474,1.749407,5.643867,-0.802162,2.072667,3.925234,-3.696329,-0.736343,-1.695575,-2.027522,1.601252,-8.644799,-1.750166,-10.037300,0.540094,-4.882736,7.368143,-1.112304,5.469282,2.686664,-0.969376,1.650626,-2.989135,-4.070224,2.184367,2.226750,-0.074938,2.365142,-3.463862,-3.257326,1.439079,-7.909861,3.840725,-2.452534,-1.016349,6.682831,-2.614291,-1.596112,2.815411,6.261984,6.544500,-3.105324,3.623279,3.490395,-4.187084,-6.244792,6.358015,5.743762,6.757456,-3.504300,-3.333751,-5.089463,-8.880769,-3.072532,4.931095,4.615532])",random,1238
wafer_239,"tensor([-8.174977,2.323117,1.670207,2.261067,-6.655952,2.529006,3.336505,2.219556,4.671652,0.827760,7.848055,-2.725210,1.860594,5.391793,-4.289656,-0.223008,-2.165430,-1.234570,3.048402,-8.735309,-2.243892,-9.189460,0.762206,-3.774093,9.681898,-4.467636,4.839922,1.212333,-2.851811,2.368850,-1.155151,-2.530389,0.201688,2.035740,1.305587,2.281149,-3.717961,-1.738220,1.656118,-7.596579,4.162979,-3.056766,-2.354213,8.429836,-1.236639,0.563337,4.491715,6.086563,7.976822,-2.197419,7.293666,1.839470,-4.221204,-7.055109,5.754244,5.856491,6.479838,-3.501280,-3.758770,-5.893994,-7.102408,-2.563896,4.823852,5.172915])",random,1239
wafer_240,"tensor([-5.067244,0.463437,3.832803,0.017323,-4.377333,2.801778,2.869976,-1.057070,0.828620,-0.628919,3.693417,-1.129552,2.776651,3.666486,-3.064615,-1.607650,-2.172409,-3.589795,2.313125,-8.733877,-3.215221,-8.160115,1.751613,-4.113367,4.820217,-2.008076,6.520565,4.840581,0.249463,1.085561,-3.904462,-5.259813,1.606077,1.384955,-1.799515,6.259867,-6.809218,-0.994854,3.516798,-8.916239,3.322659,-4.593728,-2.064221,4.739392,-1.958514,-0.127597,1.048306,8.294709,7.613669,-4.512629,6.400957,1.472337,-5.563939,-6.373598,5.061206,4.636564,5.385387,-2.849134,-5.921416,-6.718100,-9.126372,-4.811807,2.090510,7.399093])",random,1240
wafer_241,"tensor([-7.407446,1.664382,0.922390,2.259541,-6.035975,3.274251,4.758718,-2.068952,7.223545,2.587443,7.600122,-1.297454,1.070540,6.307642,-5.894785,0.022135,-2.117896,1.189210,3.791214,-9.663340,-0.332025,-9.588137,0.636506,-5.445337,9.931107,-2.247358,5.998696,0.151579,-2.041986,2.111335,-2.044886,-1.254878,0.365875,2.770371,1.236128,0.738210,-2.945692,-3.533956,0.574839,-7.216642,4.387753,-1.266335,-1.780105,6.540895,-1.653246,-1.266599,4.042755,5.350848,7.738126,-2.181033,5.863355,3.211023,-5.182395,-5.479025,4.212822,5.680965,7.483364,-4.212509,-1.224864,-4.414747,-7.986374,-1.697122,6.013299,4.957625])",random,1241
wafer_242,"tensor([-15.380884,6.145565,2.561570,4.344457,-7.522496,1.249639,2.369778,10.366833,-0.889990,-1.476982,12.789395,-7.377962,3.726859,8.193373,-5.230514,1.170806,-3.870027,-1.152685,5.610454,-6.820298,-7.054285,-9.128094,3.953523,-2.413316,10.369840,-10.221795,5.311945,4.965073,-5.559789,3.034195,0.863800,-4.331853,1.087620,1.789984,-0.131073,4.987350,-6.228531,2.555582,-0.492692,-9.199614,5.218209,-6.549868,-5.193369,10.938419,0.290556,5.990673,7.225737,8.332106,10.455898,-0.402535,13.066644,-2.965002,-4.560988,-7.257193,5.496026,9.319033,5.452580,-3.870321,-10.308915,-9.177806,-5.524895,-4.595701,4.070881,6.974774])",random,1242
wafer_243,"tensor([-11.745635,3.918333,0.667019,3.642998,-6.978250,1.293515,4.866311,3.862673,4.730221,1.514526,10.924852,-4.436217,1.743614,8.121143,-6.345332,0.200997,-2.701218,0.351378,4.432635,-8.251681,-1.752758,-9.584919,2.602845,-4.649275,11.246411,-6.638444,5.189202,1.845345,-4.524634,2.997293,-1.158255,-0.413246,1.036845,3.332325,1.454791,1.498980,-2.301327,-1.327451,0.683688,-7.098027,5.759110,-3.156332,-2.577638,9.143672,-0.020200,2.209951,5.595759,5.663075,9.234983,-0.672158,8.052247,0.469111,-4.287519,-6.379547,5.417047,9.090913,7.624431,-3.855194,-3.212587,-5.514025,-5.195439,-2.104891,5.160696,6.056907])",clean,1243
wafer_244,"tensor([-10.338938,3.212281,3.280332,3.960265,-7.772757,3.059946,4.149217,2.692993,4.413437,1.489475,10.793349,-3.533887,2.625156,8.518759,-6.148949,0.130380,-2.791453,0.084870,5.063361,-10.043036,-3.644366,-10.126119,2.032119,-4.475058,10.887291,-5.905276,7.392077,2.920064,-3.136034,2.276484,-1.504500,-3.223251,1.807529,2.183100,0.681006,3.518840,-4.707747,-1.584591,0.907106,-9.791644,4.931885,-3.695945,-3.163567,9.542944,-1.404599,0.898324,5.306153,7.909718,11.133513,-1.900966,9.879732,1.321654,-6.104235,-7.188740,5.895985,7.887862,7.579218,-4.064890,-4.098671,-7.192917,-8.503773,-2.774768,5.265993,7.818993])",clean,1244
wafer_245,"tensor([-10.567540,3.037835,2.964211,2.343784,-7.850172,2.652897,5.224292,1.895810,3.590530,0.396019,9.761222,-3.031799,2.979584,8.017600,-5.883338,1.115232,-3.293257,0.066244,2.993141,-9.977467,-2.889357,-8.902901,2.929194,-4.666685,9.731680,-3.939207,4.854556,3.771641,-2.197859,2.156868,-0.812575,-2.429326,1.525763,1.405791,0.636249,3.953644,-5.153493,-0.969337,1.243151,-8.803006,4.605809,-3.479163,-2.799283,7.291382,-0.473784,0.658598,4.597401,7.694340,9.451005,-0.352264,9.490376,-0.042623,-6.769100,-6.655289,6.214000,6.833889,7.783736,-4.071062,-4.334786,-7.722115,-7.746473,-3.695167,4.396225,6.961587])",clean,1245
wafer_246,"tensor([-10.597560,3.105247,1.720539,3.134184,-7.277216,2.384136,5.254623,1.533446,5.115055,1.952425,9.543237,-2.745302,2.245609,9.039247,-6.044906,0.087019,-2.269680,-0.053234,4.393519,-9.951071,-2.172617,-9.253402,2.084913,-4.988367,9.355836,-3.773572,5.993949,2.242674,-2.879631,2.314302,-1.257358,-2.194113,0.815167,2.423856,0.015575,2.638013,-3.745185,-1.782044,-0.191510,-8.074985,5.126578,-2.814624,-2.559892,8.764439,-1.178108,0.155304,4.292283,6.445963,10.201739,-1.104163,8.187959,0.834224,-7.061664,-7.164108,4.800958,7.201240,8.383697,-4.356489,-3.171749,-6.014298,-6.799882,-2.933563,5.924946,6.455524])",clean,1246
wafer_247,"tensor([-9.252195,2.529396,1.327275,3.667005,-7.131721,2.466363,5.636553,1.912018,5.599926,2.609517,10.517402,-2.854606,2.332672,8.827577,-5.537951,1.558391,-2.153822,1.092630,4.439415,-9.639165,-1.335312,-9.048774,1.711195,-5.287899,10.634868,-3.911617,6.040224,1.259806,-3.432381,2.675588,0.013806,-1.152296,0.636501,1.227163,1.516217,1.423734,-2.334184,-2.600715,-1.453936,-7.513606,5.007854,-3.224512,-3.078811,8.541814,-1.142773,-0.973651,3.997104,6.337205,9.000973,-1.759303,7.489939,0.432308,-6.215484,-5.745658,5.639465,7.307160,8.554601,-4.043059,-1.942624,-6.098660,-6.592559,-1.322358,6.064475,5.918487])",clean,1247
wafer_248,"tensor([-10.092088,2.560093,1.363383,4.205243,-8.015265,1.830365,5.660167,1.916088,6.144357,2.595957,11.266221,-3.318164,1.560283,7.276841,-6.670708,0.265553,-2.376186,1.590023,4.148881,-8.552572,-1.081779,-8.648687,1.550554,-4.187812,10.300517,-4.170946,5.226827,1.154693,-4.310683,2.643871,-0.379216,-0.650939,1.063756,1.810730,1.868315,0.358367,-2.197324,-2.647514,-0.383770,-7.110312,4.782212,-2.638369,-3.101695,7.511921,-1.162804,-0.143020,4.764615,5.609425,9.283076,0.261671,7.336489,0.716227,-5.442577,-6.850893,5.012098,7.974998,7.400317,-4.016086,-2.754580,-4.480195,-5.612443,-1.524935,6.562022,4.972623])",clean,1248
wafer_249,"tensor([-10.619594,2.381901,2.109692,2.168958,-6.603034,1.496305,4.644816,2.236239,2.305625,0.301663,9.810728,-3.862061,1.926327,7.012648,-5.161776,-0.661288,-2.102057,-0.402265,3.982433,-9.067793,-2.243810,-8.975821,2.417968,-4.415423,8.441303,-4.571549,6.350276,3.961053,-3.434746,2.006291,-1.757467,-2.421919,1.169956,1.097697,0.218078,3.091985,-5.213496,-0.506345,0.936033,-9.136055,5.267854,-3.216543,-3.043850,7.465298,-1.200528,0.975552,3.878707,7.595966,9.829622,-1.741982,9.536699,0.758404,-6.512770,-6.959950,6.382096,7.762710,7.447764,-3.624010,-4.474261,-7.551954,-6.912080,-3.994210,4.289144,7.057399])",clean,1249
wafer_250,"tensor([-13.560808,5.215343,2.314602,3.723896,-7.489183,1.021510,5.221376,5.937821,2.619413,0.885064,12.941035,-5.025859,2.497146,10.025163,-6.873125,0.818826,-3.433196,0.403560,5.428764,-9.378260,-4.007078,-8.293974,2.418742,-4.130424,10.763450,-7.694101,6.145683,2.908809,-5.276154,2.806150,-0.301634,-2.193407,1.395630,1.663512,0.956547,3.147740,-3.869707,-0.015088,0.063817,-8.597916,4.858315,-4.637111,-4.424746,10.602979,-0.449212,2.888443,6.412214,6.860696,11.224658,-0.656338,10.156022,-1.867761,-6.268320,-7.341895,5.765191,8.824031,6.930467,-3.790985,-5.151552,-8.173073,-5.684403,-2.647547,5.325401,7.238514])",clean,1250
wafer_251,"tensor([-3.062602,-1.341672,3.972517,-0.986216,-6.509352,3.355175,5.726609,-4.932420,3.858012,1.617757,3.886400,0.003943,3.159073,6.654506,-4.098758,-0.862781,-1.659442,-1.676173,1.653221,-12.963450,-1.832586,-8.740501,0.288880,-5.867356,5.669399,-0.574871,8.538651,4.443855,1.699784,-0.235941,-3.355726,-3.940105,2.593785,0.712689,-1.183795,4.593888,-7.397525,-3.810955,2.216607,-10.120525,3.929185,-3.893711,-2.548363,6.042281,-2.854433,-2.520069,0.424251,9.957151,8.926548,-3.853528,6.531241,2.585615,-8.867729,-6.145707,4.925344,3.842084,8.096200,-3.945128,-1.787522,-7.412969,-11.265825,-4.467276,3.627492,8.561189])",clean,1251
wafer_252,"tensor([-4.990721,0.019455,4.899708,0.197442,-5.824103,2.825571,4.741874,-3.614075,2.364457,-0.541490,3.790808,0.607368,2.765206,6.866000,-4.359137,-2.026975,-2.058751,-2.838900,2.768694,-12.303742,-2.386600,-8.927503,2.365986,-4.423693,5.452201,-0.270251,7.711107,5.646375,0.854090,0.979410,-4.821149,-4.616869,2.353077,0.816596,-1.929362,6.008296,-9.164810,-1.863114,3.220809,-10.640265,3.856185,-4.336713,-2.930394,5.761306,-3.279972,-2.203913,1.298388,10.707708,9.207494,-4.405001,7.795433,1.280603,-8.726670,-6.346965,5.127141,3.816949,7.054698,-3.645901,-4.107168,-8.332738,-11.667474,-4.633035,3.307141,8.764581])",clean,1252
wafer_253,"tensor([-7.749162,1.490514,1.726878,2.944724,-6.304768,1.871084,6.247048,-3.308825,6.844623,2.868509,7.900366,-0.986274,1.402210,7.785917,-7.303865,-1.112106,-1.900503,1.278671,3.394258,-12.063126,-0.099649,-9.862067,0.219328,-6.319966,10.446041,-1.109183,7.405420,1.492455,-2.676475,2.714903,-3.052601,-1.692818,0.085126,1.024269,2.547057,1.075976,-3.208557,-4.578579,0.376775,-10.155600,5.628356,-2.024041,-2.186553,8.227923,-3.325910,-2.434046,3.433324,6.527415,10.064807,-2.079746,6.568205,3.351363,-6.558883,-6.480344,5.304828,7.543175,9.414010,-4.575037,-0.090073,-4.251739,-8.733908,-1.877841,6.848435,6.004899])",clean,1253
wafer_254,"tensor([-8.804127,1.448400,4.468520,1.300987,-8.099748,2.004445,5.037367,1.160735,0.590014,0.159670,6.341644,-2.931233,2.572732,8.461100,-5.820110,0.562737,-2.366579,-0.983246,3.775195,-10.762499,-3.871559,-8.095787,1.610368,-4.385536,7.324980,-3.662745,7.788631,5.678789,-1.034008,2.165962,-3.070234,-4.270889,1.530014,0.529033,-0.558228,5.184744,-7.494072,-0.914042,1.278029,-10.313818,4.833386,-4.565766,-3.186184,6.652349,-1.409771,1.008952,2.579384,10.720438,9.414796,-3.510590,9.448372,-0.274273,-8.748604,-6.179832,5.118459,5.549994,5.923482,-3.860918,-5.279991,-7.400231,-8.640639,-3.469999,3.119848,9.286119])",clean,1254
wafer_255,"tensor([-11.134142,3.227148,3.501262,3.161487,-8.663981,2.096287,6.027041,3.145210,2.546725,1.682983,10.109360,-3.052496,2.193131,9.959288,-6.645011,0.931078,-3.037635,0.072272,3.809198,-11.602675,-4.147975,-8.597381,2.657216,-4.816772,9.433526,-4.902272,7.413613,3.867616,-3.035861,2.275827,-1.855868,-3.301763,1.232346,0.654754,0.126555,4.683465,-6.595804,-0.757668,0.326363,-9.459724,4.465187,-4.483598,-3.968820,9.073428,-0.806030,1.968681,5.215273,9.382926,11.463952,-2.347826,11.553332,-1.006918,-9.236899,-7.245145,5.992645,7.085550,7.152012,-4.322529,-5.313219,-8.780174,-7.243713,-2.863357,4.322819,8.597347])",clean,1255
wafer_256,"tensor([-3.123539,-1.687630,2.995590,-0.149766,-6.567588,2.658852,6.965832,-7.089576,7.727683,3.080856,4.558877,2.079546,1.089345,6.757585,-5.843165,-0.823366,-1.141165,-0.798801,2.671370,-14.056137,1.259253,-8.819218,-0.480220,-7.388166,6.970491,0.546166,8.247245,3.509221,1.496531,0.479037,-4.501540,-2.696043,1.559601,1.186792,1.167395,2.612632,-5.452067,-5.886640,2.116735,-9.285653,4.570245,-1.135184,-2.041531,6.338906,-3.086154,-4.912325,1.243260,7.823968,8.954112,-3.866966,4.780101,3.640747,-8.435810,-6.139469,5.786557,4.490603,9.643384,-4.197345,1.250554,-5.243669,-10.791026,-2.667736,5.289475,6.290942])",clean,1256
wafer_257,"tensor([-11.442944,3.210239,5.550289,2.005027,-8.089898,2.053550,4.427821,3.252080,0.321042,-0.146283,9.924662,-3.235285,3.682447,8.757093,-6.136854,0.602242,-2.817436,-1.169230,4.270969,-10.540840,-4.562163,-9.479386,2.918568,-3.734520,7.541256,-4.791554,7.575747,6.123232,-2.695371,1.515211,-1.015244,-4.409424,1.781225,0.282801,-0.737604,5.172620,-8.137770,0.555251,1.964459,-12.011871,4.939678,-4.529338,-4.273118,8.970049,-0.938696,0.961605,3.422418,10.633524,10.979791,-2.506914,11.093005,-1.912650,-8.994808,-6.879955,6.304257,7.671582,7.050621,-3.933355,-6.452543,-9.021248,-7.674052,-4.433648,3.389433,9.769698])",clean,1257
wafer_258,"tensor([-5.443119,1.200848,2.637306,0.882665,-7.842483,2.526680,7.045734,-4.068494,7.119172,3.244337,6.987511,0.477860,1.110296,8.590233,-6.480943,-0.280568,-1.762041,1.283620,3.113845,-13.486944,0.028621,-8.082669,0.363572,-6.327451,9.373631,-0.304272,7.844842,1.914683,-0.741378,0.839898,-1.989153,-1.753417,1.617720,0.695027,1.355364,1.938951,-4.913331,-5.030487,0.693794,-9.266904,4.060922,-1.756095,-2.608550,7.063794,-2.569135,-4.088935,2.345564,8.139487,9.698571,-4.037105,6.886432,2.317133,-9.117345,-6.424671,5.466493,5.691533,8.816406,-4.457159,0.476402,-5.240984,-9.586554,-3.665185,6.446989,6.617732])",clean,1258
wafer_259,"tensor([-8.802454,1.718940,4.292147,1.096952,-7.315166,1.242504,5.682132,-0.632953,2.416246,-0.036600,6.063329,-1.666430,2.087658,7.847305,-6.012556,-1.417592,-2.237578,-0.452689,4.262395,-12.266970,-2.549419,-8.539338,1.269520,-5.280556,7.463556,-2.541402,7.708990,5.195037,-1.724593,0.877065,-2.500397,-2.467800,2.326504,1.061485,-0.156130,4.788930,-7.052616,-1.702980,1.665788,-9.095560,4.908172,-3.699691,-3.768584,7.471877,-1.641423,-0.952258,2.196559,9.769302,10.542506,-2.376763,9.064491,0.308594,-9.444481,-6.544142,6.046092,5.930423,7.139096,-4.355486,-3.969061,-8.267648,-8.841729,-4.390273,3.834455,8.056614])",clean,1259
wafer_260,"tensor([-11.338091,3.068190,4.815453,1.696323,-8.469141,1.437498,5.015997,3.455920,1.060529,0.071890,9.868641,-3.384017,3.251653,9.029188,-6.615908,0.132058,-2.634758,-0.247961,4.806658,-11.174393,-4.306048,-8.680206,3.023279,-4.117562,7.867355,-5.209685,8.020730,5.105279,-1.786713,1.615495,-2.066008,-3.442660,1.535466,0.620955,-0.085227,5.284523,-7.990462,-0.731172,0.635263,-9.993984,4.215864,-5.183003,-4.631841,8.935138,-1.041780,0.857727,3.765445,10.017431,11.252384,-1.652761,10.886548,-1.557751,-9.415629,-6.036206,5.967678,6.724010,6.711619,-4.810372,-5.740491,-9.031662,-7.217030,-4.585084,4.053384,9.456440])",clean,1260
wafer_261,"tensor([-11.666852,2.660140,4.312271,2.412999,-9.781163,1.937635,5.658116,2.915984,2.847325,1.941747,11.059757,-2.800142,2.303648,10.613245,-8.020036,2.235119,-3.764101,1.358694,4.093554,-12.128595,-3.517540,-8.629676,2.632396,-4.351263,9.128684,-4.580609,8.553086,3.189105,-1.889278,1.944629,-0.266296,-3.772356,1.557713,0.717517,0.353907,5.030409,-6.770204,-0.745639,-0.412819,-9.614727,4.141785,-4.302808,-2.973558,9.778992,-0.345361,0.655210,4.091254,9.500562,11.614415,-1.249675,11.509392,-2.070521,-9.669747,-6.148101,5.406180,7.354829,6.478857,-4.581629,-3.969704,-8.839226,-8.078343,-2.471327,5.850114,8.794173])",clean,1261
wafer_262,"tensor([-9.852346,2.395913,5.186296,2.013142,-8.347410,1.793712,5.092415,1.167206,2.446902,1.687155,9.575253,-2.897821,2.267983,8.623383,-6.526787,0.651678,-2.708138,-0.132006,3.554233,-12.025093,-3.652144,-8.258629,2.257962,-4.707245,7.773250,-3.642260,8.258558,3.208931,-1.544000,1.715246,-0.932795,-3.406884,1.784175,-0.108565,0.096977,4.220479,-6.844844,-1.318157,0.151281,-9.823715,3.962106,-4.176759,-4.054691,9.056604,-0.082366,0.243198,4.551447,9.572036,10.976417,-2.067555,10.910105,-0.936039,-9.690181,-6.547730,6.011568,6.803007,7.122304,-5.297211,-4.463295,-7.945518,-8.482399,-3.373421,4.423705,8.810181])",clean,1262
wafer_263,"tensor([-11.517035,2.327808,2.562583,3.639545,-9.358318,2.500485,7.367189,1.663002,4.538829,1.986365,11.436273,-2.703714,1.210980,10.697406,-8.012405,1.110008,-2.423858,1.729480,4.786173,-11.495199,-2.253003,-8.868857,1.609569,-5.744587,9.281523,-4.317881,7.826010,2.745940,-2.724550,1.172577,-0.432548,-2.332625,0.707616,0.790741,1.338800,2.617332,-5.722732,-2.643486,-1.590700,-8.956842,4.973444,-3.248545,-2.945511,9.398317,-0.946761,-0.227873,5.347072,8.682800,11.460602,-1.089548,9.473185,-0.620514,-9.359281,-5.335328,4.987827,7.496161,8.577743,-6.007596,-2.252487,-7.833061,-7.376245,-1.114424,6.057317,7.709341])",clean,1263
wafer_264,"tensor([-14.613570,5.656463,0.609652,6.597885,-9.444350,1.560369,7.490517,3.536598,7.178640,3.931517,15.588605,-4.685379,1.598908,11.946859,-8.596191,1.321207,-2.518541,2.746741,6.905283,-11.174408,-1.086227,-9.847049,1.960255,-5.705062,13.729056,-5.882423,6.649021,-0.136270,-5.887339,2.658596,0.690616,-0.238175,0.050596,3.364004,3.387378,-0.718098,-2.052178,-2.563756,-2.509462,-7.969089,6.141051,-1.592097,-2.624461,12.028476,-0.261009,-0.988706,6.611889,5.289659,12.052041,-0.308316,10.281404,-0.816107,-7.039870,-7.572933,6.194409,9.221018,8.412559,-6.214656,-0.414966,-6.334645,-5.295266,-1.512929,8.044774,6.522811])",clean,1264
wafer_265,"tensor([-7.832359,2.361115,2.286229,2.338262,-7.954198,1.590815,6.782390,-1.675303,6.295106,2.888603,9.545397,-1.341598,2.342760,9.330554,-7.138054,0.398220,-1.330179,1.404343,3.659869,-12.051304,-0.139542,-8.864191,0.858442,-5.890687,9.560012,-2.234733,6.510975,2.884823,-2.016976,1.499717,-1.849893,-1.147337,0.822236,0.345644,1.706887,0.419415,-3.919945,-4.942357,-0.438058,-8.411064,5.314824,-1.575708,-3.742782,7.746497,-2.306419,-1.925599,3.873284,7.900231,9.991971,-1.873857,7.100816,1.581411,-7.344146,-6.349172,5.837801,7.166715,8.389675,-4.971710,-0.807396,-5.585641,-7.334898,-1.632952,6.205061,6.991048])",clean,1265
wafer_266,"tensor([-12.315816,3.966604,2.024465,3.860074,-9.982460,1.541408,7.516530,1.858840,5.071801,3.470468,12.385817,-3.937441,1.758864,11.574094,-7.336771,0.348672,-2.802122,1.690001,5.619264,-12.563087,-1.584284,-9.491537,2.580532,-4.970689,11.917050,-5.266745,7.928072,2.205542,-3.697721,2.228171,-0.332772,-1.576132,1.038684,1.168119,2.422444,1.901394,-3.903280,-1.860761,-1.123577,-9.566209,5.847489,-2.433631,-4.041527,10.259532,-0.108807,0.196621,6.306341,7.508731,12.788333,-0.702638,10.603480,-1.096595,-8.569123,-5.905072,6.112899,8.611527,8.669842,-4.975927,-3.691199,-7.004876,-6.495393,-1.567306,6.478492,8.275718])",clean,1266
wafer_267,"tensor([-6.652580,1.116968,4.816302,0.538955,-8.333470,1.649698,6.903647,-2.328221,4.193967,2.492812,6.732875,-0.536796,1.803155,9.337653,-7.156986,0.490700,-2.215717,0.844642,2.254162,-14.246571,-2.082647,-7.386626,1.210266,-5.342758,7.362655,-1.219447,8.192185,3.632644,0.725166,0.246929,-2.098518,-3.518417,1.205222,-0.490362,0.347059,5.116146,-8.728329,-2.060271,1.363334,-10.169689,3.659690,-3.047822,-4.695775,6.271915,-1.589216,-1.561349,1.574268,11.200926,10.648008,-2.434378,8.918495,-0.176103,-11.815225,-4.741705,5.018098,4.975895,7.127640,-4.784145,-2.004499,-7.693772,-8.522412,-2.765722,4.575630,8.000606])",clean,1267
wafer_268,"tensor([-9.749929,2.784229,4.480740,2.609609,-9.173918,3.053815,7.413733,0.712089,3.972885,2.429084,9.912562,-2.040332,2.019119,10.928722,-8.235156,0.857966,-2.382280,1.418718,3.890651,-13.632514,-3.179497,-8.664352,1.270211,-5.143819,8.129572,-3.591494,8.499155,2.783723,-1.802221,0.492811,-0.778765,-3.641350,1.168909,0.550903,1.219600,3.869201,-7.033368,-1.993577,-0.487151,-10.404173,5.082176,-3.510341,-4.264490,9.144332,-0.715719,-0.749723,4.387708,9.286856,12.134888,-1.811766,10.896597,-1.153359,-11.337400,-5.591412,5.059935,6.343020,8.062873,-5.248950,-1.935905,-7.816680,-7.594592,-2.089936,5.391299,8.540684])",clean,1268
wafer_269,"tensor([-8.936830,2.466367,3.101172,3.014446,-8.793963,3.168670,7.363028,-0.086908,5.388561,2.241236,9.869129,-1.335767,2.428080,10.441161,-7.693420,0.769120,-2.766190,2.134628,3.468659,-13.673637,-2.104522,-9.025301,1.437472,-5.490533,9.293682,-2.695737,8.338056,2.718397,-2.124539,0.276371,-1.876435,-2.763180,0.498692,1.659981,1.680322,3.119595,-6.356043,-2.607594,-0.352290,-9.164306,5.407109,-2.007535,-3.533031,8.378044,-1.046782,-1.781123,4.845501,8.259378,11.579676,-1.951103,9.470756,-0.466057,-9.123585,-5.946948,6.321434,7.734797,7.343521,-5.463486,-1.428729,-7.004942,-7.936699,-2.426019,5.920942,8.014008])",clean,1269
wafer_270,"tensor([-9.332154,1.665658,4.179395,2.434922,-8.673272,2.349632,7.555489,-0.775521,4.826469,3.649169,9.316190,-1.572872,0.852332,11.584963,-8.067072,1.070004,-2.612869,1.219054,3.411072,-13.879875,-2.452645,-8.076138,1.341062,-6.270068,7.820524,-2.559945,7.990440,3.239701,-0.890433,0.854823,-1.485304,-3.428881,0.415370,0.283502,1.947834,2.627945,-6.773338,-2.422238,-0.566997,-10.066092,4.249098,-3.627997,-3.639775,8.487841,-1.549309,-0.251546,3.275981,8.983519,11.195710,-2.511920,9.380327,-0.991711,-11.358642,-4.871358,5.658690,6.887459,8.664553,-5.275283,-1.232697,-7.588511,-8.933315,-1.361664,5.091600,7.964336])",clean,1270
wafer_271,"tensor([-11.095113,3.937452,3.733820,3.321991,-8.936169,2.498626,7.299747,1.225610,5.154713,1.785054,11.214955,-2.455579,2.806563,11.294157,-8.667952,0.985864,-3.576425,1.535452,5.340427,-13.928153,-1.638732,-10.032764,2.038435,-5.855381,9.773894,-4.843943,8.073666,3.519338,-3.794210,0.944300,-0.251749,-2.076705,1.450366,1.685411,1.827813,2.102480,-5.940244,-1.200733,-0.517932,-10.368059,6.317624,-2.600650,-4.231166,10.757130,-1.449837,-0.921707,5.068298,9.149270,12.618487,-2.178948,10.529493,-0.616183,-9.073861,-6.485814,6.811575,8.176359,8.330148,-5.687511,-2.473270,-6.967136,-8.165723,-2.664185,6.028727,8.902655])",clean,1271
wafer_272,"tensor([-10.407555,3.523211,5.803645,1.661434,-9.489124,2.431356,6.031118,0.692755,2.429781,1.002715,9.572290,-2.568922,2.491512,10.609483,-7.935632,0.191952,-3.726753,0.044020,4.364327,-13.364910,-3.029175,-8.330160,3.409813,-4.205575,7.127449,-3.214570,9.293351,5.854678,-1.043814,0.644510,-1.520932,-4.565545,2.284138,-0.266762,0.560790,6.293064,-8.889831,-1.697974,1.362274,-12.085713,6.291095,-5.002847,-4.548988,9.419183,-1.338675,-0.326929,4.128322,11.403261,13.075670,-3.254030,10.937257,-1.234477,-11.925610,-5.918695,6.908295,7.559987,7.857605,-4.178571,-4.667175,-9.127402,-9.814419,-3.612321,4.485298,10.403178])",clean,1272
wafer_273,"tensor([-10.203152,2.618787,2.008026,4.749530,-9.753041,2.354708,8.283051,-1.747060,9.995048,4.671025,12.343967,-1.214512,-0.017021,11.601388,-9.030513,2.348311,-2.214095,2.982187,4.273522,-13.130584,0.780750,-9.760456,0.950252,-7.398133,11.525162,-3.609975,8.140677,-0.891935,-2.807048,1.001783,0.034112,-0.121384,0.604943,1.783706,4.494021,-0.262960,-2.556052,-4.508934,-1.935372,-9.135643,6.682541,-0.996653,-2.169851,10.390971,-1.649787,-3.520462,4.254733,6.427026,11.571937,-0.267591,7.365126,0.877780,-8.069752,-6.341123,6.518104,7.773006,10.216319,-6.769390,2.588343,-3.868932,-6.859835,0.073801,8.360845,5.524343])",clean,1273
wafer_274,"tensor([-2.901937,-0.063873,6.520131,-1.956234,-7.325351,3.007274,6.058385,-5.714518,3.370341,1.817597,3.928777,2.362203,2.258666,8.301656,-5.852429,-0.802110,-1.955558,-0.897218,1.466042,-16.975627,-2.085212,-8.344972,1.032930,-6.066758,4.591217,1.783762,10.245963,6.679079,3.297088,-1.942244,-3.969411,-6.331577,2.803545,-0.223363,-0.748154,6.692887,-9.714751,-3.862832,3.680530,-11.976051,3.648797,-4.273040,-3.185311,6.499712,-3.270626,-3.532346,0.189166,11.962894,10.450680,-4.896197,8.449446,1.256514,-12.646856,-5.950903,5.509635,4.007275,8.172653,-4.675382,-2.094328,-7.944844,-11.233203,-5.452946,3.571257,10.206671])",clean,1274
wafer_275,"tensor([-13.824144,4.403574,4.361427,3.849533,-9.942001,1.096949,7.147649,3.588673,3.550543,2.080424,12.097917,-3.597266,1.873906,11.838483,-8.948154,1.574183,-2.951447,2.198854,5.007651,-12.771295,-3.009490,-8.773146,2.878332,-3.827955,9.370144,-6.605108,7.884802,3.595778,-3.243507,1.351491,0.251603,-2.396371,0.605110,0.665750,2.076484,3.615950,-5.853834,-1.312616,-1.752062,-10.582212,5.497210,-2.785720,-3.932598,10.858201,-0.384261,1.117621,5.246648,9.662351,12.264545,-0.156516,12.409243,-1.466392,-10.462475,-5.954920,5.027869,8.660350,7.100363,-5.243401,-3.397074,-8.155476,-5.530420,-1.887551,5.992639,9.713459])",clean,1275
wafer_276,"tensor([-12.362014,4.003478,3.310136,4.503232,-10.883805,2.440934,7.607759,1.553826,7.003030,4.092314,13.866090,-2.803637,0.866515,13.825619,-9.375474,1.563567,-2.424874,3.099487,4.725587,-13.922191,-1.600152,-8.677794,2.640697,-5.348609,10.815104,-4.855163,8.653740,1.043547,-2.318924,1.706485,0.603516,-2.106204,0.769645,1.941768,3.495080,1.333567,-5.490806,-2.445066,-2.929744,-10.121206,5.907878,-2.967124,-3.559680,11.992109,-0.530826,-0.550913,5.784879,7.624413,13.525324,-0.376525,11.444620,-1.508042,-10.508273,-6.976285,6.378833,9.155465,8.520363,-5.263368,-1.540495,-6.001583,-6.846841,-1.334951,7.473671,8.240926])",clean,1276
wafer_277,"tensor([-11.167812,3.289581,5.744336,2.848740,-10.783057,3.535661,6.684517,2.027136,3.395161,3.115844,10.693849,-2.803109,0.597581,13.191017,-9.390928,1.863225,-3.151623,1.063271,3.126588,-14.874844,-3.582134,-9.309006,2.468569,-5.270246,8.339832,-4.072622,10.425078,3.349559,-0.430287,0.486475,0.404217,-5.165964,1.270444,0.116251,1.755230,4.587697,-9.590961,-1.583839,-0.781399,-12.353424,3.898631,-5.436881,-4.206397,10.374867,-0.519031,-0.215347,4.854230,11.758408,13.934363,-2.949895,13.546460,-3.108543,-12.561234,-6.595419,6.630686,7.109158,8.299118,-6.277446,-4.735473,-8.846429,-8.733276,-2.870210,5.424421,9.894783])",clean,1277
wafer_278,"tensor([-13.470173,5.806877,3.195545,5.816572,-10.172681,3.060562,7.492563,3.279688,7.260699,3.675325,15.379834,-2.785721,0.708202,12.863102,-9.873478,1.760332,-1.929031,2.996639,5.852678,-13.352714,-1.738936,-9.715020,2.897363,-5.516403,11.214823,-6.025275,8.583575,1.112819,-4.784515,2.567056,1.129549,-0.540679,-0.060072,2.168319,4.502939,0.473245,-3.862051,-1.798989,-2.406860,-9.324683,5.824040,-3.037166,-3.698565,12.159144,0.142494,-0.928255,6.350697,7.562112,12.896986,-0.740004,10.476592,-1.626244,-9.111625,-6.645861,7.176210,9.154457,8.676029,-6.078733,-1.345182,-6.995031,-5.742869,-0.312727,7.692120,7.918775])",clean,1278
wafer_279,"tensor([-13.579641,5.285486,6.248840,3.840892,-10.105140,2.114353,5.379066,5.422166,0.557221,1.754524,12.852472,-3.724153,2.820971,13.091937,-7.800538,1.601493,-4.213410,0.256531,4.732111,-13.573858,-6.048115,-9.847166,4.114123,-4.914169,8.382036,-6.609736,10.766351,6.534476,-3.286174,0.519813,-0.212815,-5.576066,1.934190,1.065199,1.041355,5.533137,-9.583898,1.034570,-0.474445,-13.449033,6.505242,-5.441864,-5.526600,12.328249,0.919332,0.841416,5.441354,12.694763,13.793523,-2.382715,15.227037,-3.928078,-10.995503,-7.774710,6.865834,8.835159,6.943336,-5.894801,-6.376095,-10.298325,-8.136087,-3.910627,4.730789,11.349381])",clean,1279
wafer_280,"tensor([-14.289458,5.997191,4.954778,4.596568,-11.477947,2.292145,7.033310,5.962305,2.995574,2.251875,13.654064,-3.912253,1.817801,13.229073,-8.962870,1.996668,-4.152533,1.702828,5.942172,-13.899043,-5.057919,-10.000432,3.240596,-4.392853,9.708341,-7.093318,8.908453,4.492988,-3.536637,1.130824,1.500765,-5.568860,0.597515,1.167220,2.435260,4.286610,-7.739400,-0.064113,-1.057986,-11.870758,5.569953,-4.936924,-5.412016,12.990405,1.014537,1.352694,6.302628,11.404023,14.158185,-1.608355,14.841330,-3.869343,-11.918594,-6.363576,7.128318,9.561585,8.065525,-6.318259,-5.822682,-9.654213,-7.468385,-2.731474,5.798393,10.948994])",clean,1280
wafer_281,"tensor([-9.104871,3.514775,7.712728,1.523793,-9.764441,2.675537,5.845521,1.879981,0.264938,-0.623780,7.849234,-2.314212,1.800825,10.211669,-7.224777,0.593282,-2.949296,-1.404871,2.670459,-15.255502,-5.520476,-8.035271,3.493861,-3.634872,6.091807,-3.492252,10.243072,8.334404,0.045610,-0.987512,-2.032536,-7.396399,2.405392,0.080144,0.409381,8.322165,-12.186075,0.354908,2.226731,-13.351842,4.579446,-6.320120,-5.118087,9.537592,-0.657544,0.572248,3.927299,13.006427,13.685150,-4.083258,13.745635,-3.188242,-13.344297,-6.577596,7.601564,6.460084,5.906142,-5.533153,-7.061821,-10.591014,-10.013061,-4.684544,2.748715,12.442358])",clean,1281
wafer_282,"tensor([-10.796865,3.950700,2.951776,4.913055,-10.837011,2.594166,7.485895,1.126484,7.595765,4.736062,12.468349,-2.037841,0.286142,12.594585,-9.474657,1.924843,-1.652301,3.392726,4.561907,-13.308401,-0.374637,-7.692434,1.998406,-5.878288,11.096942,-4.432516,8.433878,1.159027,-3.094969,0.432103,1.082447,-1.689497,0.884909,1.708575,4.027730,0.810238,-3.607990,-2.452715,-3.549098,-10.021712,5.902640,-1.875234,-3.960786,11.225285,-0.438623,-1.902653,5.463092,7.525089,12.006162,-0.511238,10.978227,-0.844614,-10.313099,-5.254533,6.749289,7.701155,8.639179,-7.174455,-0.536812,-5.344982,-5.209032,-0.123985,6.176486,7.593550])",clean,1282
wafer_283,"tensor([-9.775980,2.609672,6.997657,2.518541,-9.801216,3.231199,6.763824,1.371911,2.354862,1.692249,10.118772,-1.891464,1.996014,11.998409,-8.336887,0.553353,-2.465165,-0.282341,2.902393,-16.205794,-3.408716,-9.087926,2.351274,-5.152682,6.835262,-3.497561,11.110671,6.320371,-0.178662,-0.383645,-1.697547,-6.658687,2.029752,0.220762,0.799102,5.124008,-9.900577,-1.406393,0.647907,-13.130945,5.778150,-4.332605,-4.223080,10.255638,-0.404449,-1.163670,4.190760,12.852968,13.954051,-3.219558,12.398445,-1.760107,-12.453111,-6.698320,7.673329,7.384441,8.497218,-6.133471,-3.905243,-8.611908,-9.682753,-3.427965,5.634505,10.697470])",clean,1283
wafer_284,"tensor([-12.741721,4.628823,5.191791,3.976505,-11.709805,2.674960,6.824356,4.524630,2.612381,2.299877,12.958321,-4.265798,0.919342,13.087966,-8.766968,2.640187,-3.218251,2.408114,3.489545,-13.627381,-4.851359,-7.298477,4.084948,-4.436610,6.767554,-5.860143,8.873430,3.620293,-1.993140,1.470517,1.800965,-4.222235,1.442239,0.172923,1.877726,5.190180,-7.340286,0.165544,-1.990870,-11.828348,4.813357,-4.628987,-5.624994,11.411645,-0.037894,0.803671,5.627431,11.720890,13.175632,-0.768892,13.341852,-4.563493,-12.194108,-5.017803,6.244639,7.887665,6.940988,-6.503306,-4.416049,-8.521014,-5.354457,-1.717589,4.678913,9.551987])",clean,1284
