labels,FeatDv3Cls,pattern,seed
wafer_001,"tensor([0.180222,0.494082,4.646672,2.381281,-10.101000,-5.968370,4.917042,8.986574,4.886018,1.244355,-7.383476,7.223185,-4.165684,4.046356,1.655142,11.329425,-5.022844,-0.144916,-0.133145,-3.956404,-2.376542,-0.601846,8.935478,5.051466,4.612447,2.300065,-21.931940,4.711661,-2.847694,-5.231841,-9.315850,-3.335971,14.795118,-1.880464,6.436182,11.933294,-4.682542,1.995548,-0.373260,6.081047,-0.981086,7.850364,-7.081851,-5.209169,-7.651457,-4.799242,-4.785602,-7.575033,-0.725459,-2.371647,3.300362,-10.400560,-5.637525,-2.895515,11.568403,5.809983,4.881224,4.734750,6.549672,-4.463975,2.792124,-1.661877,2.618792,9.773226])",center,1001
wafer_002,"tensor([0.771207,1.072508,4.743838,2.197962,-8.716280,-4.886429,4.466575,7.953965,6.020891,0.925492,-7.491356,8.224434,-5.522946,4.032386,0.561491,12.266915,-3.620601,-1.864196,-1.497958,-5.352821,-2.743477,-0.674421,8.780877,4.444643,5.797846,1.667374,-19.854907,3.237927,-4.025444,-4.294196,-10.060998,-5.170396,14.987997,-1.131212,7.066866,12.400935,-4.142680,0.720556,0.354073,5.906737,-1.246836,8.780005,-6.371132,-5.730351,-6.902800,-5.887491,-4.261219,-7.521958,-0.438543,-1.900760,3.111168,-10.172239,-3.915724,-3.073305,10.937225,6.936679,4.407022,4.967885,5.159098,-3.438910,2.843365,-2.771743,2.678242,9.459990])",center,1002
wafer_003,"tensor([0.853010,1.091843,5.522816,1.921319,-8.984807,-5.033902,3.520876,8.858253,5.562132,-0.045910,-7.751697,6.526678,-4.564482,3.595027,0.801158,11.377779,-3.603682,-1.448199,-1.783587,-4.365223,-2.158715,-1.522150,7.857828,5.306680,5.740617,1.330724,-20.286034,3.023336,-2.554875,-4.912690,-10.261506,-3.466010,13.949390,-1.562251,7.949754,10.959826,-3.337077,1.933347,1.284717,6.347345,-1.219153,8.622604,-7.274026,-6.344100,-7.189230,-6.371598,-4.558588,-6.743189,-0.706057,-2.992176,2.632332,-10.231498,-5.503145,-3.080907,10.513605,7.956426,4.685480,5.263328,4.317732,-3.118931,2.760620,-1.257847,1.156249,9.154274])",center,1003
wafer_004,"tensor([-0.409699,0.833626,4.685981,0.125980,-8.067249,-4.807794,3.382490,7.446242,5.741786,0.463626,-7.785293,7.441794,-4.842353,1.762829,-1.385665,11.322137,-2.661234,-2.635352,-2.510982,-5.866993,-1.726168,-1.511099,5.909082,3.898143,5.943596,0.851990,-19.085444,2.055709,-3.764140,-4.394861,-9.069648,-5.108949,13.564809,-1.052974,7.961719,10.109500,-3.038512,1.797273,2.100071,4.507791,-1.496276,7.714627,-7.192046,-5.087910,-6.614338,-6.807589,-5.198231,-5.781765,-0.052362,-2.953661,2.900958,-9.808422,-5.236983,-2.408453,10.208675,7.140076,3.395852,5.785829,2.875849,-3.926110,1.988732,-1.720854,2.032887,9.821582])",center,1004
wafer_005,"tensor([0.110202,1.789299,4.884524,0.230652,-9.157176,-5.382339,3.583432,8.765317,5.796404,0.890331,-8.442420,7.196241,-3.921901,2.904852,-0.709207,11.500147,-3.835593,-1.230367,-2.114630,-4.725043,-2.533927,-1.207328,7.302933,5.492001,5.444319,2.257730,-20.917183,3.355382,-3.222248,-5.270495,-9.341074,-5.068687,15.528025,-1.195494,7.644291,10.571254,-3.502369,2.110217,1.609104,4.834377,-2.068854,8.964003,-7.063660,-4.494985,-8.261309,-6.800185,-4.886789,-7.343262,0.274515,-2.655783,2.409452,-10.904430,-6.048583,-3.142121,10.823647,6.737164,4.314712,5.997483,3.459430,-4.164867,2.405666,-1.745487,0.770015,10.343721])",center,1005
wafer_006,"tensor([0.436961,2.130679,3.045214,-0.428760,-8.901642,-4.905640,3.672225,6.522232,5.732576,1.072326,-7.577789,9.055912,-4.351690,2.739246,-1.287341,12.162795,-1.612440,-4.956278,-0.784440,-5.157375,-2.830159,0.337365,7.236727,3.296081,5.739734,1.775527,-18.695703,2.634592,-6.487505,-2.820437,-9.652145,-6.472787,15.479030,-0.294859,8.098150,10.012965,-2.111047,-0.776777,1.808790,3.643059,-1.260188,5.966358,-5.948968,-2.758482,-6.754081,-5.752648,-4.231103,-7.224083,-0.223568,-1.613543,4.452455,-10.080894,-4.163762,-2.548669,10.524489,5.665265,2.613237,6.569404,3.607352,-4.376560,2.278306,-3.030278,3.642751,9.404736])",center,1006
wafer_007,"tensor([-0.877486,2.306382,3.618370,-2.249160,-8.111736,-5.729020,3.316296,6.567571,7.833253,0.387468,-8.357958,9.443226,-4.931047,1.616958,-3.598016,11.820946,0.033823,-6.210274,-4.119397,-6.569348,-2.746332,-0.557244,5.919993,2.893252,6.626595,-0.068362,-18.166529,1.021459,-6.704200,-3.556284,-10.321306,-8.231130,16.088975,0.046180,9.206167,8.234838,-1.054718,0.099716,5.627300,3.058405,-1.993960,6.888642,-7.089588,-4.268401,-6.310772,-8.620743,-5.369678,-6.311926,-0.033822,-2.738742,3.765177,-10.479555,-4.585849,-2.400055,8.918870,7.292211,2.288488,7.369188,0.554015,-4.510995,2.267023,-2.931298,1.790079,10.037943])",center,1007
wafer_008,"tensor([-1.136066,2.227196,4.255716,-2.373467,-8.346730,-6.722185,3.081958,7.946497,7.527532,0.229887,-8.788458,8.249438,-4.527592,0.757198,-4.558366,11.857667,-0.858808,-5.873430,-4.565644,-6.903086,-1.937840,-0.977497,4.500910,3.687835,7.570485,0.206152,-19.993000,0.133735,-4.701161,-4.421018,-9.900213,-7.995618,16.069100,-0.766603,9.965843,8.545196,-1.896095,1.472212,5.554818,2.536144,-2.661166,8.227800,-9.566923,-4.452385,-6.508297,-10.108675,-5.470105,-6.269835,0.252082,-4.315237,3.491944,-10.856018,-5.998935,-2.882722,8.849254,8.086746,2.703496,7.197342,-0.238909,-4.482177,3.032878,-2.006973,-0.271109,10.650111])",center,1008
wafer_009,"tensor([-0.663793,2.971481,4.683064,-2.024988,-9.155992,-7.117577,1.995728,9.156039,6.937941,1.786943,-9.060914,7.102846,-2.166509,0.102512,-3.081145,10.489683,-2.821051,-3.586566,-2.312231,-5.239154,-1.451192,-0.923320,4.805495,4.843352,4.785708,2.401873,-21.011905,2.324459,-3.387060,-5.580345,-7.011983,-7.288285,17.336970,-0.957089,9.250811,8.069084,-3.011852,1.686035,2.545278,3.414572,-3.206638,8.183946,-8.714347,-1.974393,-7.508409,-7.962440,-4.760252,-6.545760,0.572558,-4.739210,3.012221,-12.244371,-7.293716,-1.607566,9.221821,5.005957,2.630281,8.003372,0.930110,-3.686190,2.504508,-1.366318,-0.028496,9.424774])",center,1009
wafer_010,"tensor([-0.946229,2.574762,4.688770,-2.030661,-7.426380,-6.662464,2.756640,8.063727,7.481017,-0.003244,-8.511449,7.036722,-3.696042,1.144287,-4.509794,10.416450,-1.718516,-4.975816,-4.713418,-6.817100,-1.789918,-1.511421,4.403698,3.650599,6.046321,-0.562835,-18.269920,1.139691,-4.376232,-3.279555,-8.791413,-7.212703,15.666560,-0.625263,8.793555,7.881817,-1.102997,1.627547,4.656327,2.725102,-2.860607,8.105517,-9.057743,-4.157652,-6.502129,-8.855490,-6.139769,-5.907144,0.896362,-4.340613,2.065344,-10.198944,-6.242923,-2.543392,8.389882,8.411089,2.749531,7.235678,-0.403955,-3.361204,1.684229,-1.067402,-0.211908,9.927455])",center,1010
wafer_011,"tensor([-1.029447,2.985021,2.593110,-3.336805,-7.085574,-5.333845,3.691031,5.951192,7.531355,0.807506,-8.994076,11.727724,-5.435758,1.094938,-5.635516,13.040508,0.518002,-8.335701,-4.203798,-7.841091,-2.640345,0.033167,5.440202,2.298570,7.726842,-0.770549,-15.804064,0.669628,-8.809055,-2.564380,-10.569249,-10.086100,16.481541,0.544724,10.424313,8.669538,0.223949,-1.218638,6.557433,2.856514,-2.254569,5.767505,-6.405811,-2.751824,-5.100893,-9.146409,-5.815237,-5.583730,0.486769,-2.784098,4.482562,-10.458861,-3.333866,-2.063872,7.350033,7.271286,1.636505,7.594077,-0.519274,-5.154544,1.554785,-3.534214,3.413001,10.699522])",center,1011
wafer_012,"tensor([0.621376,2.350503,2.974439,-2.048159,-7.898477,-4.511799,3.784925,5.964013,5.948113,2.545109,-7.615384,9.777495,-3.645002,2.302578,-2.187866,10.923910,-1.283217,-6.164419,-0.872570,-4.764045,-2.703740,0.486744,5.584423,2.053674,5.488217,1.798996,-16.086758,2.708059,-7.696420,-2.923439,-7.919295,-7.568608,15.420565,0.625384,7.380510,7.803456,-1.026872,-2.314217,2.123820,1.860461,-1.088150,4.734310,-4.314594,-2.542648,-5.856065,-4.695414,-4.711246,-5.775970,-0.179030,-0.846177,3.738865,-10.362901,-1.903810,-1.789924,8.446114,4.161787,2.097542,5.831706,2.106119,-3.194022,0.665065,-3.825354,4.640966,7.769909])",center,1012
wafer_013,"tensor([1.135728,1.074304,3.744154,0.728927,-9.543802,-3.840029,4.404681,7.797529,3.976096,5.006215,-8.088752,8.698703,-1.436675,3.865910,2.869211,9.908693,-3.521651,-2.539794,3.524604,-1.624376,-4.287936,1.284128,8.352344,3.742092,2.110726,4.531805,-18.386141,5.680145,-7.246808,-4.538564,-5.792977,-4.139310,15.229393,-0.739019,5.209798,8.656446,-3.392128,-2.406218,-2.367318,2.804680,-0.910727,3.514112,-1.671152,-1.028043,-6.868233,-0.871547,-3.070714,-6.232164,-0.201868,0.413403,2.675722,-10.838215,-2.445544,-0.771977,9.738060,0.374107,2.465031,5.161287,6.874190,-2.357935,1.426417,-4.455149,6.062982,6.569836])",center,1013
wafer_014,"tensor([-0.533805,3.040441,3.866902,-3.285554,-7.918072,-5.169355,3.436607,6.623791,6.248794,2.424648,-7.427785,9.624522,-3.958093,2.566872,-2.914686,11.033768,-0.967149,-6.325372,-2.417410,-6.261951,-2.402752,0.467295,5.218150,2.349324,4.864100,0.832819,-15.749495,1.694379,-7.666658,-2.736177,-8.886745,-7.401554,14.883257,0.702331,8.704885,7.631762,-0.769563,-0.138488,4.315439,1.919733,-1.293788,6.183166,-6.359779,-2.802378,-5.285756,-6.684928,-4.515910,-5.447822,0.316815,-1.985122,3.527247,-9.934382,-3.415101,-1.898224,7.426677,6.225683,2.112041,6.246490,0.566748,-3.854556,1.643657,-3.486122,2.710890,9.193325])",center,1014
wafer_015,"tensor([0.083037,0.706323,4.576497,1.234051,-8.637151,-4.617706,3.732519,8.071745,3.942400,2.920129,-6.287759,8.089518,-2.029471,4.740976,1.561262,10.483816,-3.799061,-1.660325,1.258900,-3.545619,-2.400455,0.406444,8.194066,3.627602,3.273921,3.245244,-17.392808,4.228260,-4.933797,-4.364105,-7.622760,-3.930950,12.648247,-0.600961,5.264148,9.535716,-3.985495,-0.104389,-0.605819,3.805389,-0.459711,6.472048,-4.190783,-4.586456,-6.399574,-2.586216,-3.701078,-6.415755,0.318658,-0.870302,2.710886,-9.853941,-3.203530,-2.002653,8.619107,3.556580,4.099166,4.043261,5.832811,-2.606980,1.938019,-3.616360,3.076154,7.334677])",center,1015
wafer_016,"tensor([-1.602834,4.085819,2.433741,-5.304693,-7.307793,-5.438014,3.593842,6.147345,6.940675,3.010473,-8.415789,11.788179,-2.999181,0.666252,-6.216401,11.501235,1.311121,-9.074315,-3.565018,-7.039257,-2.987860,0.556986,3.499678,1.186343,5.888682,0.213980,-14.861861,0.879759,-9.856703,-2.330735,-8.459555,-10.419038,16.750372,1.774534,9.970390,6.646576,0.769381,-1.943454,6.392375,0.781616,-1.905726,4.679425,-5.928067,-0.522485,-5.166697,-8.932697,-4.836807,-4.098066,0.953884,-2.686108,3.845902,-10.676210,-2.751229,-1.369508,5.653478,4.547020,0.000205,7.770654,-1.016639,-4.351406,1.527882,-3.976748,3.391329,9.162584])",center,1016
wafer_017,"tensor([-0.916437,3.469198,2.882495,-3.821167,-6.095065,-5.769265,2.253356,6.072054,6.840196,1.179125,-7.539754,8.530702,-2.702064,0.538118,-5.075252,9.546573,0.467866,-7.302815,-4.591913,-5.803893,-1.555467,-0.437613,3.130195,2.126034,5.101475,-0.076094,-13.089036,0.850091,-6.282678,-2.859787,-7.202084,-8.256912,12.994970,0.965512,8.266272,5.558178,1.269768,-0.501255,5.377296,0.135760,-1.927383,4.757026,-5.953554,-1.946093,-4.583760,-7.739996,-4.700807,-4.234219,0.586063,-3.287642,2.632101,-9.183143,-3.934275,-0.839663,5.563936,5.727263,2.189951,6.725851,-2.415027,-3.219409,1.194195,-3.232445,1.623105,9.366298])",center,1017
wafer_018,"tensor([0.024988,0.937259,4.609036,1.578628,-7.783392,-4.370308,4.018767,8.122834,5.242325,1.727229,-6.926869,6.280718,-2.769480,4.078669,1.141885,9.692954,-4.074856,-1.097052,-1.409266,-4.332662,-1.510435,-0.738688,6.950135,3.269805,3.835735,2.223119,-16.699702,3.171756,-3.592302,-4.731855,-8.041377,-2.929460,11.344255,-0.740816,5.133201,8.688249,-2.668084,1.628275,0.374940,3.615326,-0.779660,6.970257,-5.237159,-4.994147,-5.901070,-3.803984,-3.339452,-6.086582,-0.037356,-1.722301,2.106069,-9.851101,-2.895262,-1.824924,8.519614,6.109225,3.814927,4.077257,3.423558,-2.418903,1.322446,-2.894835,1.280033,8.677524])",center,1018
wafer_019,"tensor([0.455087,0.255382,5.194602,3.152310,-7.213114,-3.937540,4.112138,8.256223,4.162448,1.186565,-5.957968,6.010306,-2.567093,5.261970,2.613997,9.678668,-4.629967,0.969262,-0.775382,-4.147033,-1.430637,-0.742252,7.561144,4.245491,4.091414,2.039832,-17.139481,2.689358,-2.800369,-5.326611,-9.251865,-1.452312,9.887572,-1.013596,3.864326,9.974635,-3.788198,1.866052,0.512408,4.885852,0.527385,8.546989,-4.545682,-7.059410,-5.996738,-3.375788,-3.611791,-5.754023,0.118358,-1.880568,2.657760,-9.364231,-3.888708,-2.032346,8.728288,6.546678,4.427622,3.118674,5.126110,-1.777352,2.098654,-1.619089,1.858032,8.868299])",center,1019
wafer_020,"tensor([0.512222,0.797546,3.663382,0.784036,-7.553410,-3.982932,3.987581,7.036721,4.147745,2.862493,-6.324774,9.246824,-3.415283,5.125772,1.878506,10.658547,-3.045142,-3.011730,0.455668,-4.039545,-2.372019,0.331137,8.179513,2.822465,4.026670,2.148622,-15.225883,3.324690,-6.237341,-3.907495,-7.972780,-3.802784,11.281896,0.267056,5.719621,9.322666,-1.636599,-1.604735,1.013141,3.568061,0.854478,6.188685,-3.065440,-3.876585,-5.539513,-2.348593,-3.893539,-5.169462,-0.072118,0.206312,3.141426,-9.834484,-1.333475,-1.786558,8.074726,4.579918,2.145355,4.709647,4.937676,-2.384129,1.016764,-3.840369,4.901331,7.216539])",center,1020
wafer_021,"tensor([-0.017416,0.822344,3.864373,-0.152746,-6.131736,-4.202259,3.503958,7.464573,5.097743,0.641100,-6.181644,6.884994,-3.558584,3.553376,0.309318,9.685745,-2.925652,-1.765409,-2.246287,-4.716913,-1.115644,-0.065167,5.324799,3.244185,5.109164,0.764545,-14.675944,2.150739,-3.254345,-4.027234,-8.798286,-3.822006,9.812584,-0.305496,5.589227,8.595079,-1.391099,1.251642,2.514082,3.168707,-0.216735,7.241204,-5.055847,-6.074403,-5.280199,-4.784683,-4.464862,-5.705497,0.275652,-2.023727,2.852891,-8.592987,-2.958951,-2.264964,7.483936,6.751446,4.011701,4.152248,2.401974,-1.654225,1.010492,-1.504511,1.428865,9.087515])",center,1021
wafer_022,"tensor([-1.101708,3.072045,3.045985,-3.461349,-6.165475,-4.250089,3.473693,5.562422,5.526039,2.815471,-7.961201,11.040009,-3.889061,2.060079,-3.845321,10.260069,0.881256,-7.595141,-1.978805,-6.666517,-1.573556,0.678475,4.191981,0.866031,6.397871,-0.566675,-13.824002,1.476153,-9.232702,-2.364610,-8.620414,-9.203874,13.319307,1.167859,8.094070,6.992855,1.633339,-2.289240,4.973241,1.191296,-0.938056,4.782143,-4.475501,-2.473838,-4.015912,-6.610390,-4.448546,-3.920526,0.350330,-1.304459,4.245675,-10.006043,-1.294877,-1.569717,5.603973,4.537364,1.669805,6.980327,0.146204,-3.739113,1.093454,-4.189983,3.651981,7.914020])",center,1022
wafer_023,"tensor([0.923209,-0.062733,4.305420,1.891270,-7.308211,-3.444154,4.060379,7.214978,3.364344,2.711270,-5.900877,8.340688,-2.659524,5.448347,2.751273,9.924968,-3.404885,-1.467600,1.737006,-2.603971,-1.634604,1.083242,8.165350,2.805167,2.940440,2.620540,-15.673854,4.398543,-5.988342,-3.542409,-7.326301,-2.211579,9.508896,0.458657,4.479041,9.477129,-3.230242,-1.620905,-0.266422,3.234790,0.923920,5.665034,-1.579517,-4.415992,-4.676270,-1.481400,-3.376573,-5.946333,0.416644,0.135846,2.830364,-9.424005,-0.318493,-1.515013,7.820470,2.995459,3.165486,2.590924,5.871541,-1.952988,1.149231,-4.231240,4.930508,6.612481])",center,1023
wafer_024,"tensor([-0.800820,1.525928,3.954037,-0.735469,-6.161225,-4.405104,3.109719,6.050933,5.921492,0.544734,-6.313556,8.983225,-4.473426,2.919721,-2.074979,10.908567,-1.128269,-4.484586,-3.866909,-6.200676,-0.968503,0.003668,5.049201,2.260008,5.916042,-1.905674,-13.987077,0.947213,-5.833914,-2.908927,-8.995364,-5.327479,10.675214,1.091314,7.694210,8.088083,-0.517932,0.118688,5.246513,3.205314,-0.341429,6.685368,-5.756397,-5.281857,-4.462492,-7.525240,-5.012032,-4.472891,1.344324,-1.504164,3.397479,-8.718038,-2.275045,-3.014827,6.188347,7.983443,2.824602,4.783264,0.879543,-2.616924,1.058867,-3.538419,2.110823,9.049862])",center,1024
wafer_025,"tensor([1.508383,-0.988661,3.886591,4.080131,-7.425353,-2.921199,3.923453,7.022673,2.469361,3.497180,-5.114733,7.504387,-2.836562,7.005630,5.650926,10.706517,-4.776449,0.896340,3.270743,-2.269375,-2.340921,0.715570,8.846458,3.150806,2.329540,3.299764,-14.672596,5.065341,-5.532010,-3.441023,-7.915741,-0.493384,8.493922,0.450149,2.271497,10.957181,-3.021001,-1.230514,-2.496858,4.309705,2.005434,5.305976,-1.187965,-5.615806,-5.869848,0.375083,-2.687768,-5.843612,-0.406887,2.362965,2.697479,-8.181360,0.189756,-1.403508,8.891476,3.127701,3.855907,1.084127,8.513902,-1.649603,1.261621,-4.073505,5.792553,6.132218])",center,1025
wafer_026,"tensor([-1.277451,2.338568,2.593216,-2.414847,-5.537519,-4.491071,3.125392,5.002447,6.638394,2.042108,-7.380401,11.144068,-3.976913,1.935528,-2.607334,10.674130,0.013169,-7.144593,-3.239922,-6.141127,-1.637851,1.351568,4.382476,0.605299,5.946731,-0.059461,-12.604236,1.502259,-7.486514,-2.308876,-8.339298,-7.658428,12.340565,1.310181,7.852790,6.633969,0.892479,-2.029906,5.116410,1.307894,-1.175965,5.452840,-5.369481,-2.222661,-3.881526,-6.474331,-4.924643,-4.972109,0.693545,-1.278536,3.723651,-8.950029,-0.623717,-1.680882,5.744182,5.837237,1.036451,5.187629,0.437147,-2.699386,1.054112,-3.865521,3.007085,8.007984])",center,1026
wafer_027,"tensor([-0.211213,0.565132,3.638858,0.831805,-5.752217,-4.035698,3.516331,5.881265,4.204700,-0.021258,-5.395817,7.305257,-2.877485,4.000227,-0.225945,8.941761,-2.464647,-2.190615,-1.133720,-4.366311,-0.787900,0.606453,5.857371,2.859015,3.978268,0.687988,-13.296702,1.776246,-4.788286,-4.170501,-8.004729,-3.859839,8.951272,0.226640,4.983762,8.086133,-0.857016,0.743810,3.254168,3.181442,-0.045973,6.094427,-4.335771,-5.108339,-4.831566,-4.313396,-4.008707,-4.809059,0.579111,-1.436527,2.807463,-7.747027,-1.939305,-1.251970,7.109722,6.693903,3.409888,3.585777,3.188604,-1.705718,1.012550,-2.226724,2.118241,7.725849])",center,1027
wafer_028,"tensor([-0.516049,1.604334,3.310238,-0.938751,-6.122793,-3.841577,3.141936,5.057729,4.733333,1.960181,-6.457533,10.220237,-3.586130,3.935268,-0.332613,10.287634,-1.283230,-5.378788,-0.143411,-5.010148,-1.114262,0.936927,5.420770,0.754467,5.519810,0.627740,-12.317060,2.769530,-7.869668,-2.461765,-8.057914,-6.004296,10.240435,1.346897,5.671284,8.104751,0.534728,-1.983844,3.141227,2.601585,0.737898,3.606060,-2.713710,-3.719373,-4.874743,-4.005107,-4.351054,-4.623103,0.604575,-0.083491,3.705375,-8.528581,-0.224302,-1.364422,6.754505,4.054112,1.926764,3.878352,3.085030,-2.684027,0.804811,-4.382584,4.605807,7.324013])",center,1028
wafer_029,"tensor([-0.646607,0.330021,4.250799,-0.538501,-6.392349,-3.984457,3.295102,6.280718,4.266361,1.465339,-5.536935,7.569357,-2.721086,4.045894,0.085070,8.933912,-3.016846,-2.900555,-1.205124,-4.813144,-0.911712,0.027060,5.398634,2.265366,3.884221,0.454644,-13.856725,2.571198,-4.407292,-3.363404,-7.873349,-3.880754,9.758841,0.977738,4.939910,8.193685,-0.716165,0.670930,2.368755,3.031703,0.468588,6.010768,-4.385067,-4.285238,-4.968387,-4.067929,-3.766586,-5.389320,0.556891,-0.892134,2.559460,-8.059848,-1.541667,-1.392476,6.694101,5.358532,2.670313,3.941697,3.246249,-1.844300,1.149748,-2.568567,2.595438,8.147201])",center,1029
wafer_030,"tensor([-0.784932,1.597940,2.647477,-1.686550,-4.662157,-4.187644,2.488008,5.096331,4.464202,0.388469,-5.146423,7.576406,-3.433647,2.654242,-3.017342,8.744202,-1.063544,-4.512688,-3.586660,-5.151175,-0.591839,0.627009,3.543853,1.780554,4.714383,-1.063203,-9.837188,0.691109,-5.715008,-2.601807,-7.060585,-4.804621,8.571904,0.646966,4.689298,6.779773,1.244585,0.644468,4.359035,0.745605,-0.210936,4.814568,-3.837195,-4.060567,-3.727645,-5.260927,-3.237866,-3.783013,0.451395,-1.760661,3.016131,-7.113065,-0.643214,-0.921962,5.486734,7.099567,2.010138,3.880483,-0.494437,-2.089985,0.704507,-3.196840,2.014381,8.025481])",center,1030
wafer_031,"tensor([-0.514043,0.743468,4.476116,0.030808,-4.894917,-4.716638,2.895797,5.981979,4.795804,0.972953,-5.776035,6.730599,-3.644742,3.871408,-0.616234,9.483860,-1.810828,-2.133889,-3.023986,-5.592989,-0.353441,0.269351,4.750049,2.004668,4.762104,-1.064864,-12.125448,1.727716,-3.948816,-2.676388,-8.779272,-3.714648,8.381751,0.034001,5.092316,7.932879,-0.837799,1.219131,3.761808,2.010351,-0.121023,6.390524,-4.785272,-5.293752,-4.970775,-5.351956,-4.056637,-4.719222,0.605701,-1.348512,3.339364,-7.375834,-2.376868,-1.543687,6.478611,7.537076,3.071956,3.565609,1.550518,-2.222069,1.067039,-2.242101,0.967544,9.133680])",center,1031
wafer_032,"tensor([-1.005946,1.535965,3.425083,-2.410711,-4.042468,-4.379722,2.352186,5.058255,6.062855,-1.282409,-5.367487,8.318876,-4.758664,1.998749,-4.224229,9.517860,-0.239378,-5.144521,-6.117720,-8.045488,0.482166,-0.315719,3.376000,1.956656,6.374033,-2.345238,-10.482721,-0.134153,-4.501306,-2.608229,-9.048773,-6.080445,8.589421,1.216453,6.731568,7.136011,1.317497,0.750200,7.407094,2.256187,-0.419042,6.938846,-6.193293,-5.707215,-3.050414,-8.526724,-4.422342,-4.022541,0.975632,-2.625236,2.959296,-7.230340,-2.456727,-1.573189,4.841320,10.216353,2.373378,4.507383,-1.845197,-2.209625,0.985078,-2.087616,0.410569,10.215675])",center,1032
wafer_033,"tensor([0.815659,-1.052105,4.409736,4.082667,-6.698401,-3.012653,4.275617,6.595547,2.492638,0.842471,-4.222840,7.258949,-3.700998,7.005176,5.066961,9.637016,-4.411248,0.798055,1.082606,-3.267609,-1.482057,0.516165,8.833426,3.166643,3.113284,1.622248,-13.878558,4.225314,-4.032444,-3.588158,-8.643890,0.280902,6.902686,-0.699956,2.537400,11.469850,-2.425793,-0.035473,-0.512453,5.420677,2.351017,6.926276,-1.991330,-6.979582,-5.149103,0.181456,-3.138299,-6.170501,1.061967,0.795680,3.149178,-8.103263,0.566525,-2.700904,8.282927,5.961342,4.470611,0.792496,7.523439,-1.844823,0.659277,-3.261550,4.744136,6.529505])",center,1033
wafer_034,"tensor([0.060928,0.834324,3.843666,2.033245,-6.474333,-3.137110,2.832587,6.852563,3.350271,2.246956,-5.477324,9.196261,-3.801501,5.840897,1.758976,10.095161,-3.207774,-1.061378,0.686582,-3.804116,-1.677725,0.906822,7.412312,2.069292,3.919135,1.194548,-14.167706,3.172404,-5.453025,-3.371434,-7.572679,-2.447220,8.148058,-0.393970,4.267010,9.173294,-1.313553,-1.034830,1.224048,4.775114,1.159428,5.974950,-3.555995,-4.855660,-4.774794,-2.581390,-3.605285,-5.125162,0.694415,0.760259,3.615619,-8.112227,0.071236,-1.717625,7.216739,4.213152,2.609187,3.288743,5.862942,-2.010799,0.432643,-3.730383,3.924425,6.323058])",center,1034
wafer_035,"tensor([0.319567,-0.524860,4.708670,3.629155,-5.650667,-3.388883,3.597245,7.102361,2.839671,0.107137,-3.695874,5.988927,-3.629314,6.341861,3.884048,8.690561,-4.290793,2.025604,-0.327368,-3.370609,-0.301377,-0.095170,7.101359,3.197706,3.554254,0.962818,-13.762673,3.299864,-2.074946,-4.504302,-7.899924,0.503626,4.622993,-0.531348,3.023658,10.461299,-2.459962,2.069246,0.070618,4.605340,1.757807,8.213709,-3.218941,-7.539175,-5.416487,-1.421169,-3.613486,-5.353436,0.315608,-0.900631,2.362244,-6.364474,-1.189086,-1.862097,7.511190,6.691675,4.144459,0.484178,5.533098,-0.590914,0.566322,-1.886545,1.393123,6.994173])",center,1035
wafer_036,"tensor([-0.910653,0.182448,3.323736,-0.011016,-3.263605,-2.908946,2.925971,3.664884,4.221542,-1.021278,-4.264290,8.654219,-5.669665,3.852609,-1.092339,8.475840,-0.346722,-3.791674,-3.747985,-6.112692,0.280215,0.799590,3.630449,1.140446,5.287287,-3.408391,-7.947335,0.838352,-3.492518,-1.303375,-8.650801,-3.944086,5.204459,1.249700,4.583330,9.085538,1.254140,0.615554,5.165737,2.579292,1.553100,5.568190,-3.174456,-5.893671,-2.683642,-5.193180,-4.308030,-3.058606,1.487572,-0.359001,3.299492,-5.501563,0.462308,-2.016283,4.739812,8.386223,1.877623,2.422810,1.407840,-1.649896,0.304558,-2.970065,1.636185,7.689647])",local,1036
wafer_037,"tensor([0.849279,-0.073680,4.812027,3.451785,-6.128039,-2.151717,3.111888,5.641407,0.986030,2.673593,-4.489183,8.511183,-3.307806,6.130737,4.433636,9.034429,-2.887064,-0.376719,3.083524,-1.942603,-0.759953,1.642727,8.117297,2.359476,1.563453,1.898261,-11.656489,4.440689,-5.493341,-3.656903,-7.416522,-0.641983,6.662837,-0.014572,1.682052,9.921974,-1.500979,-1.612398,-1.147026,4.133988,1.902407,4.468531,-0.903424,-4.141108,-5.358129,0.693066,-3.315388,-4.940393,0.961147,1.729498,2.716514,-7.490030,1.253395,-1.996951,6.709922,2.518468,2.980972,1.303277,8.210218,-1.137997,0.346666,-4.419934,5.319637,4.680329])",local,1037
wafer_038,"tensor([-1.547241,1.966971,2.884697,-3.653261,-2.362146,-4.553617,1.938559,2.643089,6.304879,-1.187845,-4.512652,9.504398,-5.044116,0.996530,-5.789559,8.201941,1.899560,-6.458746,-6.364469,-7.466689,1.052952,0.274348,0.718718,0.044514,6.665335,-3.805152,-7.088008,-0.178574,-5.279588,-1.407409,-8.763737,-7.991089,7.399295,1.607130,6.806565,5.483844,3.499776,0.415107,9.053202,0.501843,-0.710327,4.662485,-6.283692,-3.678704,-3.043198,-8.152653,-5.137190,-2.540557,2.014277,-2.404887,3.556629,-5.449653,-0.798359,-1.544624,3.841080,9.145060,0.983868,4.559405,-3.576891,-2.315602,0.458846,-2.506784,-0.078633,9.245471])",local,1038
wafer_039,"tensor([0.045777,-0.210885,2.882659,0.409266,-3.892434,-2.732279,2.571829,4.246984,3.624456,0.450116,-4.257877,10.038810,-5.399711,4.270583,-0.695402,9.034549,-0.678880,-3.954282,-1.426106,-3.821576,0.157294,1.137842,5.297779,1.369288,4.181939,-0.812442,-9.286165,2.551474,-5.077828,-1.934567,-8.492364,-3.528082,6.772338,0.906975,4.428951,8.784567,1.164805,-0.882175,3.947907,2.869998,1.046931,4.339862,-3.168621,-5.063006,-4.856026,-3.481847,-4.475716,-3.706217,1.277814,0.627617,4.506904,-6.192509,1.168915,-2.406401,5.384008,5.811646,1.747148,2.771040,3.590813,-1.807201,0.033220,-4.299972,4.057389,6.406757])",local,1039
wafer_040,"tensor([-0.508965,3.549812,1.533924,-3.965769,-4.983204,-3.266398,2.279195,3.806151,3.884609,3.539361,-6.167287,14.433207,-3.476971,2.738953,-3.961976,10.962832,2.279105,-9.781814,0.265301,-5.410092,-1.775802,2.966255,4.000560,-0.396903,4.443591,-0.440517,-9.225503,2.332155,-11.252257,-0.665797,-7.189603,-8.829885,11.578513,2.114676,7.554805,6.384593,2.683494,-4.617501,6.555988,0.450460,-0.770161,2.217401,-1.806175,0.373782,-4.006566,-4.829114,-4.532612,-3.136500,2.338674,0.823879,4.628501,-7.785947,2.133780,-1.508417,3.362432,2.814094,-0.233725,5.405401,1.552663,-2.513750,-0.529812,-6.314366,5.449676,4.983359])",local,1040
wafer_041,"tensor([0.434265,0.067013,3.335924,1.697938,-5.171771,-1.781099,2.646838,4.448351,1.746079,2.462610,-3.290178,9.669839,-3.411376,5.741212,1.892546,9.178087,-1.726672,-1.964227,2.352205,-2.649165,-0.348181,1.538536,5.911710,1.540475,3.017151,0.761426,-11.759289,3.969668,-5.793538,-2.675432,-6.487466,-2.553009,6.756496,0.803868,3.724109,8.916288,-0.336469,-1.507835,1.179691,3.683295,0.902187,4.618219,-1.646417,-4.351591,-5.576573,-1.193738,-3.509314,-4.931677,0.916315,1.091742,3.113216,-6.919116,1.517178,-1.505330,6.077921,3.161564,1.631289,1.869357,6.390242,-2.232672,0.568668,-3.932347,4.797020,5.277034])",local,1041
wafer_042,"tensor([-0.813316,0.283332,3.570109,0.878681,-3.887238,-2.931681,2.517579,3.793294,3.109549,0.111509,-4.300328,9.863308,-4.992498,4.052197,-0.349223,9.480466,-0.441944,-3.058960,-1.929626,-5.801965,0.443681,0.839177,5.115519,0.925859,4.503496,-1.385915,-9.509175,1.612055,-5.180237,-2.419549,-8.239459,-3.486471,6.441743,0.969147,5.258053,9.106296,0.414816,-0.562596,4.225572,3.381586,1.398412,5.503834,-3.494625,-5.582661,-4.767771,-4.756933,-4.631065,-4.264752,1.484058,0.505258,4.242879,-6.267403,1.453147,-2.143237,5.153100,6.830473,1.366843,1.468620,3.494636,-2.354533,0.308564,-3.650489,2.324624,6.898393])",local,1042
wafer_043,"tensor([0.235288,1.189415,2.407792,-0.119808,-4.536201,-3.316183,2.303102,3.751949,3.808255,0.559094,-4.629509,10.667511,-4.911207,3.800190,-1.106132,8.513979,0.503981,-4.428729,-2.007960,-5.693150,0.604721,1.275898,3.249066,0.752088,4.875725,-2.478524,-8.576329,1.588416,-5.252716,-2.586905,-7.840792,-4.413309,6.644921,0.854232,5.149773,7.652909,0.955591,-1.113126,5.442111,2.234988,1.141045,5.416970,-4.217167,-4.315326,-4.038204,-4.781163,-4.432997,-3.514408,1.578992,0.413690,3.893684,-6.080076,0.884471,-1.707936,4.365843,6.271740,1.558767,2.992757,2.235249,-1.406932,0.020228,-4.162774,2.649106,6.712487])",local,1043
wafer_044,"tensor([1.056524,-0.809898,2.688884,1.642771,-4.026540,-1.679049,2.826470,3.073418,1.972125,1.240005,-3.312251,10.785659,-5.509558,5.911809,1.836862,9.400519,-0.921064,-2.905404,1.767528,-3.479276,-0.743128,1.752920,6.748817,0.279416,3.292607,-0.394953,-7.799638,3.479523,-6.297594,-0.975892,-8.637030,-3.348913,4.663913,1.226784,3.130203,10.262775,0.371480,-2.649611,1.578250,2.963490,2.269619,3.036813,-0.996481,-3.642621,-4.283782,-0.421976,-3.887037,-4.488048,0.798287,2.489086,4.379931,-5.702367,3.256238,-2.066962,5.808360,3.853157,1.670579,1.917257,6.024410,-2.140538,-0.770930,-5.207307,5.809673,5.246745])",local,1044
wafer_045,"tensor([-0.018388,0.838441,3.702212,1.561939,-3.977455,-1.900789,1.612379,4.671982,2.055387,0.567740,-3.970372,9.894570,-4.508184,4.203433,0.310242,8.246450,-1.354945,-2.381021,-0.569946,-3.959417,0.441407,1.529292,4.955815,1.784250,3.680498,-0.588098,-10.472286,3.077269,-4.441127,-2.858918,-7.440169,-3.403766,6.444045,0.293479,4.406277,8.385484,0.177784,-0.501719,4.001174,3.549774,1.624805,5.844560,-2.852493,-4.596190,-5.139841,-3.142706,-4.438935,-4.714741,0.933071,0.365852,3.498760,-6.431775,0.527709,-2.056761,5.155193,4.322566,2.059575,2.118834,4.889742,-1.537547,0.375529,-3.360642,3.233625,6.079590])",local,1045
wafer_046,"tensor([-1.400110,1.853692,3.541444,-1.300462,-2.812392,-2.895368,0.705113,4.213557,4.486560,-0.633435,-4.213849,9.486742,-5.046686,1.682176,-4.316854,8.297131,0.622129,-4.212309,-4.790747,-5.782214,0.982482,0.459247,1.211652,1.370719,6.053448,-3.461577,-8.590764,-0.374418,-3.244197,-1.645439,-7.712038,-4.808194,7.240949,0.355699,5.409733,6.999484,2.017345,1.531996,7.662270,1.417727,-0.640559,6.250299,-6.778718,-3.976906,-4.618241,-7.328512,-4.607744,-3.126943,2.740420,-2.778232,3.503623,-5.398484,-0.430011,-1.990804,4.017172,7.583943,1.514501,3.399954,-0.417455,-2.252436,0.813658,-2.161449,-0.052613,6.460167])",local,1046
wafer_047,"tensor([-0.514990,1.387654,2.043859,-1.533772,-2.364507,-2.554434,1.855945,2.393536,3.758876,0.298117,-4.168733,11.637874,-5.491697,2.892459,-3.237078,8.791552,1.603888,-6.531702,-1.891272,-5.776499,-0.120928,1.402643,2.177952,-0.210244,5.589374,-3.391111,-6.839532,1.288953,-6.943080,-0.409010,-8.535676,-7.196469,6.505275,1.896191,6.224343,7.348917,2.271617,-2.448908,5.930502,1.576662,0.434603,2.967067,-2.924193,-3.264955,-3.299347,-5.457657,-3.954738,-3.061627,1.393422,-0.231155,4.274933,-5.742241,1.969263,-2.085400,3.792359,5.144173,0.611139,4.344649,0.595237,-2.546711,-0.668867,-4.240490,3.505497,5.684284])",local,1047
wafer_048,"tensor([-0.596388,0.900798,3.439541,0.570661,-3.380313,-3.188006,1.070033,4.065618,2.819631,-0.095147,-3.526298,9.494877,-4.382944,3.042027,-1.894864,8.272827,-0.173709,-2.707735,-1.697609,-5.062055,1.002080,1.025094,2.752103,1.762063,4.502023,-1.709991,-9.521250,1.565985,-3.447448,-2.493207,-7.204469,-3.781586,6.085139,1.210164,4.570901,7.838949,0.791144,0.703613,5.526847,3.417317,0.836720,5.663665,-4.551661,-4.525618,-5.007116,-5.486713,-4.989473,-3.761373,2.330509,-1.286107,3.325144,-5.320685,-0.488126,-2.234314,4.317533,5.711973,1.841823,2.523105,2.162054,-1.378774,1.033346,-2.143719,1.269738,6.679007])",local,1048
wafer_049,"tensor([-0.934233,2.427718,0.735825,-3.983175,-2.546136,-3.174872,0.919831,2.325866,3.863216,1.390542,-5.423900,13.723954,-5.582434,1.294272,-4.850624,9.392056,2.921030,-10.173403,-1.342833,-5.809646,0.107077,2.249601,1.497694,-0.755092,5.695577,-3.092118,-6.915718,1.969599,-9.340838,0.558768,-7.199691,-9.273513,9.356854,1.820187,7.007776,5.749071,3.819405,-3.803033,8.122727,0.536372,-0.607160,1.813639,-3.771365,-0.031946,-3.870646,-6.910565,-5.348651,-2.448036,2.241100,0.345451,4.122351,-6.215499,2.603127,-1.749306,2.107774,3.297594,-1.405279,4.488971,-0.939968,-2.841793,-0.207119,-5.532528,4.049134,5.369171])",local,1049
wafer_050,"tensor([1.285188,-1.889377,5.107981,5.568649,-4.253314,-0.566810,2.768799,5.472183,-0.068221,-0.459334,-1.726278,7.390925,-4.803569,6.974303,5.285868,8.078724,-3.739963,3.188577,2.042846,-1.923610,1.422247,0.855179,6.930791,2.745312,2.128517,-0.096298,-10.522093,4.266252,-0.750084,-4.010422,-8.386713,2.199936,1.496421,-0.448123,0.864603,11.908200,-1.909222,0.935664,0.088026,6.554710,2.680148,6.931068,-2.071030,-7.667583,-5.422710,-0.158145,-3.431337,-4.928594,1.162841,1.279966,3.502245,-4.967800,1.157016,-2.366955,6.889084,4.950868,3.914268,-1.274118,8.922620,-0.006685,0.925340,-3.222320,2.879640,3.895547])",local,1050
wafer_051,"tensor([-0.164618,0.628337,2.718427,0.976600,-3.295079,-2.412752,1.721663,2.686826,1.577714,0.366925,-3.435043,9.604660,-5.159413,3.859554,-0.303880,7.837624,0.673430,-3.429687,-0.055846,-3.734961,0.335119,1.396746,3.094712,1.052952,3.432446,-2.426023,-7.176404,2.072761,-3.937419,-1.629116,-6.610386,-3.921868,4.723851,1.035065,3.513143,7.434667,1.066907,-1.129422,5.029836,2.413289,0.684242,3.851084,-3.661752,-3.108590,-3.849498,-3.191611,-4.581355,-3.541602,1.839430,-0.109779,2.927848,-5.061006,1.594291,-2.034993,4.322181,4.654297,1.139314,1.958050,2.644394,-1.317360,-0.100255,-3.906590,2.678595,5.100451])",local,1051
wafer_052,"tensor([0.721360,-0.531339,2.085632,1.805506,-3.186948,-1.135336,2.452238,2.312082,1.715275,0.718465,-2.597435,11.384273,-6.272249,5.684361,1.129851,9.959494,-0.198240,-3.819144,1.421614,-4.664507,0.466492,1.826724,6.373180,0.152111,4.751915,-2.019323,-7.474851,3.080690,-6.398312,-1.266577,-9.629620,-3.320758,4.129622,0.584694,3.573961,9.830319,0.790264,-2.337288,4.022635,4.089336,2.553934,3.152398,-1.371184,-4.845977,-4.368582,-1.657668,-4.319337,-4.196058,1.209157,2.681628,4.468745,-4.030220,4.154259,-2.766998,4.612858,4.859007,1.238817,1.136217,5.665586,-2.603882,-0.352162,-5.075070,5.443806,4.407578])",local,1052
wafer_053,"tensor([-1.322376,0.611327,3.090515,0.006578,-1.855441,-2.912081,0.929369,3.326765,3.652619,-2.081736,-3.818467,9.280463,-6.411487,2.478202,-3.500041,8.417516,0.460887,-2.225981,-5.007554,-5.968402,2.108928,-0.192691,2.114042,2.276868,5.713740,-4.674557,-8.077516,0.488010,-1.831528,-2.464231,-8.321454,-4.436490,3.942466,0.107025,5.321357,8.146839,1.512642,2.384727,8.401791,3.446181,-0.064601,7.315849,-7.207286,-5.711534,-4.559092,-8.049293,-4.624010,-3.271352,2.418940,-2.673542,4.433302,-5.056389,-0.972699,-2.402022,3.781130,9.205427,2.642910,3.104872,-0.025992,-2.346368,0.285026,-1.842282,-2.254685,7.865338])",local,1053
wafer_054,"tensor([-0.671569,0.660850,3.172244,0.098353,-2.340695,-3.090875,0.808681,3.294947,3.888509,-1.383844,-3.025839,8.681668,-5.771844,2.851109,-2.496293,8.289281,0.757704,-3.386187,-3.456253,-4.783473,2.463697,0.524114,2.219747,2.034350,4.940294,-3.848760,-7.849227,1.212217,-3.099003,-2.004589,-8.564773,-3.438826,3.879977,0.905769,4.597816,7.957477,1.623340,0.889119,7.361430,2.696603,0.120128,6.394057,-6.000288,-4.647223,-4.156499,-6.161157,-5.124475,-3.460427,2.010751,-0.885622,3.558619,-4.687122,0.376622,-2.499548,3.728742,7.802012,1.662018,2.647580,0.681108,-1.666935,0.472604,-2.267319,0.265092,6.701660])",local,1054
wafer_055,"tensor([-0.820131,0.711110,3.740143,0.637318,-1.728524,-3.430728,1.272419,2.677503,2.881391,-2.226776,-2.411754,8.221186,-5.668333,2.140253,-2.782566,7.506600,-0.003872,-1.642583,-4.083089,-5.687899,2.722402,0.961491,2.178929,1.921458,6.462333,-3.799042,-6.792000,0.313435,-2.316039,-2.352223,-8.153385,-3.779887,4.136745,0.379955,4.790417,7.929705,1.913880,1.203347,7.473259,3.407542,-0.010987,6.341765,-6.191357,-6.315200,-4.241187,-6.595628,-4.947096,-3.751938,1.936969,-2.031971,2.426332,-4.515142,-0.197410,-2.335876,4.056143,9.492457,2.239621,2.681176,-0.059644,-1.510617,0.002409,-1.916776,-0.841057,6.866126])",local,1055
wafer_056,"tensor([0.212872,-0.241381,3.593354,2.495793,-3.221001,-1.773679,0.829935,4.951938,1.265153,0.808595,-2.819700,8.289503,-4.396154,4.567388,1.694576,7.212238,-1.844560,0.478451,0.527835,-3.493778,1.328493,0.889778,4.112498,3.250139,2.443122,-1.050037,-10.121794,3.680279,-2.377154,-2.621812,-7.521747,-0.989873,3.857800,0.405679,2.828585,8.338046,-0.595758,0.136925,2.947709,4.100138,1.463361,6.270109,-4.079615,-4.414126,-5.823249,-2.204400,-4.298865,-5.041792,2.074561,0.463018,2.362584,-5.349519,0.368966,-2.155358,5.186739,4.685625,2.529442,0.988078,5.061104,-1.112218,-0.038646,-2.995339,1.510667,4.807123])",local,1056
wafer_057,"tensor([-0.043348,0.203772,3.539749,1.338664,-3.010353,-2.304758,1.145790,3.971027,2.309811,-0.423299,-3.197508,9.305965,-5.287673,3.830329,-1.235591,8.235334,0.028514,-1.873031,-2.294032,-5.187751,1.722600,0.754173,2.865154,1.147404,4.554222,-2.683114,-7.770977,1.302199,-3.313242,-2.900453,-7.784140,-3.626196,5.062564,0.725289,4.387688,8.479480,0.875975,0.467566,5.900963,3.208086,0.072415,5.668854,-5.305431,-5.422610,-4.267759,-5.179668,-4.083364,-3.616982,2.163898,-0.640343,3.328188,-4.845670,0.501936,-2.002629,4.661263,7.253841,1.912312,1.983128,2.058984,-1.356701,0.014330,-2.915316,1.054231,5.905243])",local,1057
wafer_058,"tensor([-0.831618,1.493922,2.404861,-0.067439,-2.035056,-2.306094,1.036078,2.433403,2.607729,-0.826644,-2.571548,10.733326,-5.620996,2.165044,-3.007580,8.287158,1.474510,-3.515903,-1.820270,-5.186113,1.353141,1.219623,1.920050,1.384522,5.802443,-3.537827,-6.639020,0.909002,-4.675216,-0.950115,-8.068079,-5.002294,4.699077,0.583398,4.754695,7.607053,2.174685,-0.288312,7.071387,1.997748,0.423554,4.269577,-3.823651,-4.080987,-4.225544,-5.463619,-5.504284,-2.457643,2.663744,0.053559,3.312898,-4.563707,2.155163,-2.759933,3.217751,5.431952,1.170017,2.534357,1.441405,-2.019656,-0.416993,-3.753644,1.461516,5.187364])",local,1058
wafer_059,"tensor([0.287349,-0.461067,2.690123,-0.004797,-0.870853,-1.934062,0.991652,2.048110,2.790365,-1.839696,-2.768206,9.948948,-7.535279,3.119894,-2.947608,8.137958,1.387655,-3.992119,-3.844127,-7.007884,3.098450,0.615291,2.146423,1.097033,6.953032,-4.912236,-5.952075,0.015573,-2.750542,-1.215805,-9.042210,-4.657157,3.642207,0.793439,5.318653,8.326262,2.225687,1.004701,8.233174,3.635197,0.707651,6.169264,-5.370796,-5.665751,-4.152640,-7.428763,-5.121793,-3.224411,2.551886,-0.393969,3.590857,-4.124084,1.598909,-3.012826,3.932944,9.404656,1.625533,1.547257,0.911740,-1.820614,-0.449087,-2.389712,0.054005,6.305454])",local,1059
wafer_060,"tensor([0.635945,-0.550679,3.084371,3.387550,-2.799102,-1.268468,1.883366,3.259137,-0.039592,-0.084370,-1.272482,8.844074,-5.972214,6.176001,2.567917,8.050429,-0.958862,0.963658,1.549472,-3.438113,1.949732,0.724426,4.732135,1.851524,3.510881,-2.079401,-7.481094,3.671559,-1.949573,-2.131302,-7.835845,-0.976940,1.318039,0.571326,2.075099,10.964666,-0.602421,-0.011983,2.739526,5.062961,0.960090,5.613509,-2.585048,-5.878253,-5.527169,-1.433213,-4.033718,-4.604202,1.914294,1.640138,3.844162,-3.691236,2.427116,-2.703099,5.357198,5.271527,2.608413,-0.446853,7.600349,-1.920947,-0.558006,-3.580919,2.529518,3.972854])",local,1060
wafer_061,"tensor([0.903119,-0.733828,2.319176,3.246820,-3.243982,-0.547439,1.761439,2.791499,0.629856,-0.829712,-1.444352,10.306803,-6.364655,5.224631,2.379903,9.272474,-0.475914,-1.025884,1.379749,-3.291790,1.045609,1.646446,5.122727,0.893815,3.999032,-1.885653,-6.299870,3.264291,-4.427361,-1.557936,-8.852537,-1.574578,2.086958,0.015644,2.568748,9.941670,-0.062773,-1.661062,3.127072,4.907438,1.515616,4.380943,-2.014327,-5.402051,-4.802107,-1.524131,-4.686748,-4.339117,2.147921,2.282284,4.049045,-4.418070,3.741179,-2.874970,5.669226,4.443886,1.547456,-0.792031,6.237106,-1.872034,-0.354776,-4.104943,4.111144,4.491253])",local,1061
wafer_062,"tensor([-0.079680,0.096160,3.082308,0.722596,-2.495006,-1.767891,0.026487,3.007072,0.430004,-0.115192,-2.195039,8.858780,-4.692317,2.416293,-1.603818,5.912860,0.374831,-1.080393,-0.520910,-3.241533,1.940390,1.756833,1.075941,1.354219,2.950667,-1.657291,-6.988565,2.817676,-3.172693,-2.047104,-6.127475,-3.415041,3.823806,0.344503,2.933814,7.023162,1.414829,-0.670635,3.897375,3.533609,0.439280,3.963640,-3.904223,-3.162094,-4.611883,-3.936186,-3.667736,-2.632025,2.984641,-0.100113,3.214055,-3.947972,1.506134,-1.542159,3.716150,3.545749,1.752490,2.057532,3.790431,-0.589615,-0.847242,-3.372012,1.361500,4.120166])",local,1062
wafer_063,"tensor([-0.415599,1.411582,1.168806,-1.185988,-1.183157,-2.100103,1.039907,1.038962,2.494544,-0.288212,-3.034038,12.651326,-6.498952,2.502424,-3.977296,8.329739,3.242728,-6.460138,-1.372136,-5.492590,1.172352,1.450237,1.688820,0.059964,5.844964,-4.646338,-4.480343,0.768090,-7.554379,0.274244,-8.402215,-7.234518,4.754083,1.997534,5.982728,7.533824,2.778986,-2.323721,8.614200,1.310030,0.462831,2.831541,-3.437828,-1.993932,-3.766568,-6.007959,-4.884426,-2.304046,2.843625,0.722758,4.446728,-4.265009,3.219764,-2.779642,2.565439,4.947498,0.097510,2.463749,1.496107,-2.504544,-1.347320,-4.956162,3.532465,4.507552])",local,1063
wafer_064,"tensor([0.236026,0.430838,2.141878,1.300321,-1.523718,-1.145014,0.861089,2.336655,1.350471,-1.304692,-1.916992,9.742914,-6.538757,3.452785,-0.890994,7.209585,1.541295,-2.642662,-1.003279,-4.934469,2.462576,1.120127,2.237541,1.444822,5.132191,-3.986311,-5.418737,1.683252,-3.148288,-1.538921,-8.007512,-3.795905,1.977180,0.866904,3.360379,8.032662,1.050090,-0.098451,6.340052,3.126576,0.367126,4.894161,-4.211779,-4.483910,-4.740236,-5.406174,-4.776174,-2.343468,2.673347,0.375231,3.648553,-3.157985,2.040090,-2.744345,3.460570,6.595310,1.512168,1.343522,1.944511,-1.809415,-0.517222,-3.020132,1.308901,5.193488])",local,1064
wafer_065,"tensor([-0.361299,0.766724,2.814796,-0.036124,-1.024698,-1.724579,-0.107447,1.398930,1.695628,-0.855081,-2.235008,9.126387,-6.266369,1.798510,-3.563806,6.150127,2.199060,-2.057075,-3.301105,-4.936756,3.028387,1.168050,0.018667,1.093007,5.459208,-5.288731,-6.082357,0.389621,-1.798034,-1.305760,-7.492092,-4.382638,2.605790,0.371471,5.314308,6.766261,2.034586,1.449086,8.041874,2.981830,-0.232647,5.814415,-6.577503,-3.400191,-4.709983,-6.784398,-4.719098,-2.946067,2.910548,-1.408275,3.065978,-3.440382,0.733154,-3.002538,2.805154,7.366334,1.359192,2.700240,0.751271,-1.562554,-0.052512,-2.794656,-0.838650,4.381141])",local,1065
wafer_066,"tensor([1.435768,-1.431752,4.029808,6.082070,-3.680828,-0.170010,1.348573,3.762548,-1.451747,-0.401235,-1.179032,9.227035,-5.830566,6.410164,5.637062,7.748614,-2.551653,3.189656,3.340976,-1.769532,1.990612,1.250908,6.752982,2.089063,1.885463,-1.619862,-8.179239,4.389893,-1.128774,-3.024780,-8.094929,1.583335,-0.415825,-0.582979,0.762185,12.530650,-2.889762,0.798666,0.935280,6.821511,2.731709,6.337954,-2.503742,-6.262230,-6.511891,-0.007707,-3.687470,-5.066426,1.791619,2.328382,2.893479,-3.401562,3.125092,-3.263246,6.618350,3.778281,2.995491,-1.892659,9.637358,-0.357053,-0.391122,-3.209197,2.901342,3.113605])",local,1066
wafer_067,"tensor([0.144626,-1.062566,3.375018,3.685369,-1.518023,-0.250614,1.033220,2.034102,-0.448157,-2.393580,-0.961256,9.840969,-7.617303,4.819982,1.434964,7.117912,-0.206620,0.755885,-1.032000,-4.627839,3.704306,1.017786,4.111193,2.110712,4.421632,-5.063203,-6.490348,2.324031,-0.777239,-2.019365,-9.048215,-1.138529,-0.310135,0.208680,2.489197,10.998730,0.322027,0.889098,5.446343,5.706021,2.059668,6.892786,-4.549008,-6.766434,-5.143087,-3.665144,-4.428007,-4.160870,2.760614,0.987723,3.966722,-2.432477,2.705811,-2.867057,5.197481,8.043193,2.524587,-0.961559,5.741502,-1.621718,-0.213159,-2.773970,1.229027,4.335725])",local,1067
wafer_068,"tensor([0.281024,0.293318,2.876995,2.257057,-1.087124,-0.452335,0.318984,1.532740,0.429403,-1.322373,-1.623838,10.515960,-7.024171,2.609899,-1.382094,6.833206,1.525091,-2.710530,-0.401076,-4.216005,1.725562,1.444963,1.883699,0.845039,4.691024,-3.815895,-5.294380,1.639242,-3.607883,-1.362698,-7.685045,-4.240874,1.734783,0.043335,3.521277,9.044511,1.378523,-0.708610,6.083127,3.759000,0.917905,4.352521,-4.865583,-3.347776,-4.962290,-3.923595,-4.669978,-2.802999,3.588181,1.002561,3.413227,-2.856453,2.557696,-3.188660,3.197762,4.911558,0.735746,0.951397,3.142094,-1.538829,-0.321980,-2.603634,1.336654,3.866086])",local,1068
wafer_069,"tensor([0.163803,0.001034,2.597258,1.983935,-0.649415,-0.141369,0.288219,1.675441,0.483552,-1.480996,-1.436172,8.791774,-6.510614,3.131526,-0.958858,6.833288,1.205239,-1.466881,-0.271929,-3.786070,3.169473,1.440885,1.709068,1.614680,4.114581,-3.968743,-5.011517,1.936461,-1.421869,-1.126491,-7.668469,-1.762214,1.385882,0.667671,2.409588,8.320055,2.021160,0.335662,5.858315,3.807764,0.974202,4.424916,-4.541250,-4.325583,-4.750753,-4.172388,-3.984431,-2.239206,2.663509,0.890785,2.960814,-2.349190,2.699861,-2.630706,3.622563,5.555341,1.305161,0.755332,3.998425,-1.448026,-0.620854,-2.770720,0.813354,3.894020])",local,1069
wafer_070,"tensor([0.939634,-2.524923,3.464421,6.177529,-1.801319,0.217838,1.288061,2.805567,-2.150675,-1.091350,-0.351212,9.161677,-6.893245,6.030311,5.174274,7.149280,-2.445485,2.422103,3.714513,-2.063496,1.807843,1.673842,5.822439,2.477332,2.716886,-2.160891,-7.364358,3.753440,0.219206,-2.876585,-8.080243,1.350776,-1.484952,-0.279815,0.594676,11.443167,-1.766752,-0.046000,1.449251,6.835507,2.340720,6.262598,-2.028664,-6.379937,-6.603098,1.097372,-3.309214,-4.664800,2.630457,2.845968,3.165952,-2.758565,3.826891,-3.735331,5.593525,4.148123,3.200615,-2.433580,10.553066,-1.088419,-0.187017,-3.557862,3.695796,2.340453])",local,1070
wafer_071,"tensor([-0.526726,-0.019394,3.524646,1.453362,0.291888,-1.842456,-1.130298,1.939397,2.456836,-4.235158,-0.764034,8.165528,-7.397721,2.247482,-2.951312,6.351330,1.243351,1.039408,-4.872099,-5.401111,4.770836,0.490495,0.044687,1.930776,5.717009,-6.438245,-6.801596,-0.038390,1.934725,-2.217517,-8.240859,-1.802381,0.221612,-0.080204,3.955487,7.889198,1.212643,3.312805,8.936473,4.847877,0.194252,7.463383,-8.732573,-7.003406,-5.078053,-8.012187,-5.325163,-3.092414,3.313364,-2.262684,2.371973,-2.154616,0.068408,-2.934658,2.623136,9.405780,2.614740,1.077895,1.969162,-1.894040,0.200518,-0.904787,-3.358998,6.298344])",local,1071
wafer_072,"tensor([0.306919,1.195332,1.741772,1.216136,-1.664841,0.080447,0.738034,0.834834,0.299998,0.837972,-1.774707,13.293506,-7.340309,3.894988,-1.424773,8.647921,3.087266,-4.644028,1.196667,-4.215144,1.547330,1.772525,2.896850,0.620480,4.943834,-3.289246,-5.579354,3.188644,-5.750368,-0.085710,-7.912441,-4.988815,3.705437,0.875491,4.425808,9.536532,1.172164,-2.565050,6.333286,4.199237,0.563112,3.668877,-3.811068,-2.839192,-5.375246,-4.231569,-4.814056,-3.323532,3.633238,2.308725,4.643240,-3.757208,4.493762,-3.066077,3.305620,4.106187,0.077017,1.486070,6.303583,-2.143659,-0.954162,-4.871224,3.881953,2.743477])",local,1072
wafer_073,"tensor([0.778518,-2.166099,4.153551,5.733211,-0.622273,-0.549123,0.684530,2.930226,0.212464,-3.762054,0.596523,6.514974,-7.407365,4.182397,1.700691,6.290854,-1.762981,3.542275,-2.691579,-3.719961,4.395313,-0.191648,3.221812,3.087297,5.950337,-5.553285,-5.900014,0.851256,3.479321,-2.837259,-9.376374,1.830151,-2.262632,-0.152928,2.317149,11.105073,-0.667280,3.253687,5.652456,6.960242,1.576375,8.604319,-6.165941,-9.611420,-5.208214,-4.084817,-4.010495,-3.817898,2.327789,0.231075,2.845155,-1.329245,1.153933,-4.144799,4.925161,9.972159,3.384809,-1.716951,5.990424,-0.309706,0.120759,-0.602605,-1.326358,4.340949])",local,1073
wafer_074,"tensor([0.312261,0.977821,1.787513,-0.287148,0.136991,-0.171927,-0.195151,-0.496864,0.472015,-1.759010,-0.747340,11.826214,-7.569388,2.470995,-3.414497,6.910133,2.799685,-4.797613,-1.883539,-4.597382,2.801618,1.733783,0.188587,-0.324003,5.426444,-5.320501,-2.588442,0.332402,-3.665087,0.042509,-8.271540,-5.145943,1.913049,1.593981,4.407044,8.333736,3.580451,-1.225360,8.363957,2.425810,1.305501,2.792516,-4.304627,-3.692736,-3.878958,-5.176743,-4.882582,-1.691880,4.111930,0.811686,3.810222,-1.372900,3.677393,-3.305988,2.232844,6.071543,0.398445,1.694316,2.047646,-2.232490,-1.256174,-4.251815,1.938065,3.681601])",scratch,1074
wafer_075,"tensor([1.293776,-2.142723,1.972546,5.409610,-1.417347,1.834771,0.163050,1.749837,-1.904095,-1.333466,0.556207,8.679536,-7.112574,6.420392,3.697268,6.437411,-0.897328,2.151212,3.540292,-0.945963,2.792207,1.319519,4.743300,1.853191,2.135531,-1.970657,-5.330768,3.848332,-0.291044,-1.351708,-7.262302,1.454124,-2.087367,0.148788,0.437608,11.202644,-0.631542,-0.538858,1.040309,6.466158,2.612286,4.558282,-1.967757,-5.006298,-5.531609,1.127943,-3.591781,-3.884143,2.399640,3.955387,3.091754,-1.520530,4.476749,-2.812205,5.107546,3.697693,1.999061,-2.246932,9.610187,-0.826247,-0.625032,-3.668185,3.873827,1.599209])",scratch,1075
wafer_076,"tensor([0.649151,-1.304772,2.870791,4.375678,-0.513492,-0.201407,1.034137,1.893133,-0.529100,-2.204439,0.584938,8.998903,-7.303609,4.600991,1.508927,6.397177,0.146917,1.216861,0.574024,-3.674621,3.287904,1.071587,2.928588,1.394402,3.562834,-3.876162,-4.368732,2.722801,-0.929916,-1.322553,-8.020402,-1.115065,-1.399958,0.233539,0.957613,10.028459,0.711371,0.453491,4.892157,5.757648,1.587979,4.601324,-3.493197,-6.065040,-4.745249,-2.790708,-3.672150,-3.218087,3.739237,1.588400,3.488197,-0.957352,3.240028,-3.708944,4.016723,6.269765,1.566660,-0.781401,5.918565,-1.766231,-0.485182,-2.917986,2.034079,2.434498])",scratch,1076
wafer_077,"tensor([-0.049600,-0.332805,2.612710,1.749567,0.008873,-0.785995,-0.826498,1.066119,1.140303,-2.021350,-0.481122,8.769730,-6.746469,2.213257,-2.989866,6.417166,2.057083,-2.346910,-2.788177,-4.682833,3.322042,1.025396,0.327749,2.438742,4.951444,-5.142360,-4.954882,1.463901,-0.377233,-0.980202,-7.841713,-3.380374,0.481248,0.870145,2.930154,7.567370,1.726647,1.450420,7.474906,3.878288,0.124518,4.925269,-6.016894,-5.408972,-5.089349,-5.782677,-4.471304,-3.065541,4.036576,-0.864143,2.741723,-1.770816,2.428646,-3.395377,2.945949,6.873728,1.014902,0.763035,2.440142,-1.693853,-0.698499,-2.332865,-0.138241,4.281868])",scratch,1077
wafer_078,"tensor([-0.124510,-0.265170,1.607538,2.120906,-0.235304,-0.460770,-0.543564,1.063815,0.208982,-1.355017,-0.038542,9.963967,-7.101301,3.044101,-1.127342,6.684150,1.841033,-0.925707,-0.381360,-3.668022,3.409108,1.595764,1.270997,1.308982,3.699168,-4.143199,-5.247157,2.281962,-1.636329,-0.749917,-6.786435,-2.784700,1.478823,0.846513,2.866092,8.523675,1.241913,-0.040832,6.911114,4.511630,1.032393,4.127200,-4.512003,-3.404498,-4.940976,-4.006623,-4.740750,-2.771360,3.358186,0.435524,3.327578,-1.751856,2.457664,-3.136222,3.024174,5.137448,1.094346,0.949083,4.195494,-1.560210,-0.963313,-2.557175,0.862208,3.037196])",scratch,1078
wafer_079,"tensor([0.649088,-1.168489,2.015821,4.263813,-0.453600,-0.282856,0.126574,1.158455,-0.773758,-1.693612,0.121204,8.683655,-7.143777,4.831012,1.210947,6.628693,0.265569,-0.062064,0.473267,-3.424425,2.840143,1.682487,2.082566,1.559232,3.893781,-4.342661,-4.970882,2.166278,-0.822315,-1.603895,-7.346354,-0.893243,-0.628670,0.186607,1.286550,9.111781,0.998209,0.792922,4.821524,5.257863,1.465610,4.497452,-4.086191,-5.589153,-4.786210,-2.264446,-4.069508,-3.357223,3.041186,1.289665,3.024077,-1.380425,3.149892,-3.076248,3.567113,5.493350,1.297880,-0.400723,4.937134,-0.759896,-0.566055,-2.884574,1.505495,3.350967])",scratch,1079
wafer_080,"tensor([0.323135,-1.567961,3.485645,4.794740,0.247738,0.430306,0.147591,1.394335,-0.153793,-3.201796,0.278820,8.004402,-7.885709,4.055185,0.154789,5.931185,0.424134,2.731742,-1.769500,-3.807036,4.317666,0.509643,2.054256,2.464248,4.270838,-5.660880,-4.979823,1.766963,1.867302,-1.878805,-8.152507,0.571596,-2.196283,-0.210105,1.665238,10.385391,0.011064,2.538401,5.819423,5.985663,0.867362,7.006212,-5.240529,-7.149518,-4.768200,-3.996486,-4.274231,-3.437113,3.035444,-0.182238,2.923143,-0.738605,1.769918,-4.262181,3.607836,8.003093,3.377100,-1.103989,5.200427,-1.562813,0.510476,-1.537593,-1.406498,4.216365])",scratch,1080
wafer_081,"tensor([-0.898583,-1.208988,4.622581,4.614099,-0.805277,-0.692203,-0.878061,3.491502,0.153626,-2.776014,0.662535,6.286554,-6.724164,3.879038,0.439497,5.388863,-1.079508,4.728836,-2.470995,-3.835760,4.547102,-0.878211,1.502000,4.246227,3.637880,-6.082551,-8.410812,2.148227,4.774839,-3.333326,-7.133036,1.937410,-1.403157,-1.627467,2.596144,9.851545,-2.284228,5.358064,6.247890,6.750279,0.837611,9.815045,-8.354196,-9.219355,-6.135520,-5.987795,-4.344384,-3.906937,3.398307,-1.821608,2.371209,-2.028286,-1.143757,-3.241174,4.646719,8.770740,3.791858,-0.861525,4.431724,-1.086292,0.703481,0.306732,-3.289066,5.283957])",scratch,1081
wafer_082,"tensor([0.175902,0.350850,2.254372,1.933989,1.307919,0.017574,-1.264260,-0.482250,-0.072079,-2.445159,0.236039,9.453253,-7.574492,2.338193,-2.689604,6.315164,1.115231,-0.728505,-1.978491,-4.077736,2.940733,1.244186,-0.239286,0.680980,5.393984,-5.890398,-2.346806,1.179063,-1.024920,-0.231465,-6.873314,-3.109389,-0.773034,0.338348,2.916007,6.910494,2.542523,0.923685,7.413039,4.094740,0.836913,4.533025,-4.889118,-4.490068,-4.254098,-4.563441,-4.400988,-1.612836,3.600248,-0.522841,2.286499,-1.257072,2.416581,-2.914183,1.992605,6.096343,1.732058,0.448211,2.739209,-1.772968,-1.134240,-2.391694,-0.186516,3.630717])",scratch,1082
wafer_083,"tensor([0.690019,-0.480220,3.380010,4.049614,-0.265847,0.224940,-0.467102,1.489362,-0.836621,-2.632938,-0.443464,8.598072,-6.764823,3.809911,0.846489,6.336522,0.269604,1.818048,0.317808,-3.531147,3.097557,0.315572,1.932414,2.461686,3.664108,-4.512186,-5.403601,2.164642,0.795206,-1.501141,-7.846759,-0.440229,-0.796044,-0.716683,2.719137,8.848151,-0.271607,1.014369,4.894362,5.802061,1.277193,6.403298,-4.947201,-5.742368,-5.393991,-3.800112,-3.962777,-3.184797,2.968577,0.645108,2.846805,-1.893661,1.796177,-3.165048,3.787223,6.568989,2.136823,-0.885759,5.223296,-0.747928,-1.027305,-2.104492,-0.248636,3.233108])",scratch,1083
wafer_084,"tensor([0.481982,-0.025791,1.793578,2.339900,0.673487,0.073615,-0.161638,-0.702450,-0.389494,-1.709380,0.548836,9.378032,-7.676277,2.081770,-2.119750,6.404047,1.934754,-1.513315,-1.287959,-4.378868,3.227872,1.223989,0.767983,0.648838,5.156953,-5.979918,-2.171243,1.040670,-1.409160,-0.278662,-7.227152,-2.331627,-1.283817,0.435573,2.722964,7.699154,2.036686,0.201483,7.313375,3.984684,0.924505,3.712387,-4.308526,-4.791440,-3.510118,-4.070490,-4.421292,-1.786285,3.531138,1.212609,3.235855,-0.118477,3.611325,-3.438992,2.247318,6.253966,1.048091,0.310374,2.727582,-1.141067,-0.571293,-2.758218,1.432433,3.199559])",scratch,1084
wafer_085,"tensor([1.746660,-2.760572,4.430888,9.402374,-0.885263,1.533769,0.683260,2.039353,-3.203717,-3.758846,2.543178,4.571195,-6.996406,6.172927,6.441569,4.948168,-3.082509,7.121287,2.677662,-1.112949,4.142752,0.188338,4.794912,3.469301,2.054390,-3.197711,-5.676181,3.618203,4.501678,-2.747867,-7.300972,4.778370,-5.693681,-1.557199,-1.456646,11.044313,-2.439019,3.347422,0.952566,8.023992,3.256116,7.306773,-2.981248,-8.890283,-5.446322,0.204753,-2.891700,-3.541492,1.940866,1.832961,2.253817,0.114592,2.285268,-3.812614,5.165991,6.433518,3.499027,-4.065745,9.851870,0.142889,-1.066490,-1.100700,0.262443,2.534410])",scratch,1085
wafer_086,"tensor([-0.874947,1.007156,1.305376,0.574912,0.971898,0.164518,-1.451562,-0.497958,0.550011,-2.284802,-0.783104,9.628944,-7.199098,1.459016,-3.560101,5.811535,3.940146,-3.208177,-1.411904,-4.336466,3.304796,0.875953,-1.106984,0.384307,4.629374,-5.371508,-2.350242,0.827744,-1.674404,0.042876,-6.796301,-4.761173,1.299946,0.389160,3.660739,6.895493,3.171769,0.201770,8.291084,2.713287,0.347940,3.356749,-5.607198,-2.888551,-4.573334,-5.421733,-4.570804,-1.351196,3.883036,-0.027483,2.842678,-0.938927,2.328414,-3.367024,2.289140,4.752301,0.021835,1.164879,1.607552,-1.572300,-1.783881,-2.130560,-0.143568,2.752795])",scratch,1086
wafer_087,"tensor([-1.237207,1.191167,0.966357,-0.705796,1.699369,-0.800858,-2.289003,-0.317228,2.158076,-2.799631,-0.462241,10.216894,-7.085242,-0.529860,-6.631972,6.045639,4.397056,-4.568851,-4.993139,-6.415074,3.547784,0.968263,-2.221338,0.879797,6.074357,-7.476817,-1.347337,-0.913933,-0.710499,0.188733,-6.861027,-6.980919,1.585019,1.694679,5.393446,5.171064,3.937647,0.685364,10.255164,1.922334,-0.322485,4.284108,-7.198495,-2.884104,-3.468174,-8.449648,-4.753698,-0.319578,4.285883,-1.527209,2.811751,-0.295969,2.076453,-2.425848,0.903514,7.011583,-0.346424,1.955186,-1.737161,-1.824340,-0.423551,-1.715471,-2.596950,3.995963])",scratch,1087
wafer_088,"tensor([0.286711,0.342330,0.637987,1.924961,0.735048,1.185562,-0.717094,-1.387073,-0.839507,-0.828130,0.829612,10.722024,-7.719958,2.190542,-1.394124,5.188173,2.383638,-2.883023,0.616978,-3.489046,2.674135,2.979428,0.386740,-0.240241,3.607019,-4.929996,-1.756583,1.794650,-4.077675,0.991212,-7.367916,-3.947415,0.004957,1.014562,3.172232,7.689613,2.770308,-1.853010,6.094764,3.570940,0.941550,1.684909,-2.481617,-2.256224,-3.752937,-3.437990,-3.930213,-2.225566,3.575303,1.678135,3.768798,-1.048961,5.153408,-3.052556,2.166929,3.126769,0.149560,0.273234,3.947031,-1.484877,-1.967182,-3.846581,2.722417,1.896444])",scratch,1088
wafer_089,"tensor([0.662307,-0.043445,-0.181332,1.095878,-0.500131,2.463447,0.768609,-0.852102,-1.540228,1.852754,-0.516033,14.041397,-7.083391,3.243012,-0.359368,7.470796,3.478088,-4.848399,3.468863,-3.059332,0.943907,3.424159,2.448583,-0.980193,2.434422,-2.907678,-1.796098,3.630911,-7.204842,1.269554,-6.412051,-5.593115,2.411813,1.863979,3.796720,8.106124,2.837274,-5.104927,5.121776,4.108389,1.785907,-0.122331,-0.442592,-1.068746,-4.520283,-0.821772,-4.077322,-2.252424,3.440296,3.593442,4.312540,-1.824382,5.817803,-2.819302,2.130884,1.046129,-1.002005,0.227209,6.656068,-2.555698,-1.980439,-6.480097,6.291308,-0.160819])",scratch,1089
wafer_090,"tensor([0.311246,-1.467790,4.189044,6.014133,0.308002,0.130158,-1.320959,1.662327,-1.279241,-3.994443,1.388229,5.883313,-7.872221,3.678353,0.980209,4.876276,-1.194170,5.615989,-1.722456,-3.628917,4.598645,-0.019239,1.330272,4.210931,3.427058,-4.849896,-5.495515,1.195439,5.089487,-2.453205,-7.326672,1.904358,-3.568602,-0.860691,0.627860,10.223230,-0.455441,4.411738,4.454234,7.149440,1.811654,7.926689,-6.375633,-8.422143,-4.732694,-4.098703,-3.898132,-2.705115,2.655039,-0.847355,1.532369,-0.150759,0.944366,-3.621974,4.441348,8.790211,3.219171,-1.977302,5.581848,-0.236778,-0.172790,0.700603,-2.097028,3.928416])",scratch,1090
wafer_091,"tensor([0.271620,-0.524628,1.797693,2.702456,0.525486,0.436262,-0.313091,0.469468,-0.077980,-4.239754,0.765836,8.057001,-8.064661,2.480004,-1.721977,4.824257,0.879532,0.322398,-2.234177,-4.514956,4.324083,0.848232,0.489020,2.337502,5.352196,-6.433239,-2.941652,0.077796,1.587730,-0.491290,-8.486034,-1.753579,-2.019548,-0.248697,2.972667,8.562894,1.417035,2.055235,7.371610,5.141518,0.839091,6.315500,-6.643276,-6.497899,-4.347708,-5.488444,-4.108499,-2.168687,2.707993,-0.191324,3.155396,0.052666,2.627168,-3.438219,2.821644,7.767896,1.751349,-0.132804,2.908046,-1.276454,-0.322804,-1.600210,-0.877740,3.139749])",scratch,1091
wafer_092,"tensor([0.185266,-1.363342,2.491123,4.964817,0.001845,1.201028,-1.084675,0.994899,-1.166625,-2.188354,1.358245,7.024461,-7.981740,3.826113,1.561095,5.585980,-0.097541,2.915201,-0.106837,-3.548881,3.939387,0.850609,2.955331,2.843339,3.912843,-4.544961,-5.056876,2.108326,1.371987,-2.187902,-6.791974,0.939458,-2.557550,-0.450184,1.122756,10.224221,-0.280025,1.701223,4.256572,6.947510,2.592927,6.216125,-4.456737,-6.368923,-4.894112,-3.147188,-4.141057,-3.658606,2.965994,0.502610,2.635422,-0.900926,3.036163,-4.083397,3.553997,5.771719,2.566233,-1.654916,6.883751,-1.065688,-0.900802,-2.146383,-0.147730,2.817600])",scratch,1092
wafer_093,"tensor([1.792680,-0.479658,1.462243,4.691027,-0.063485,1.998799,0.187221,-0.802859,-2.587629,-1.285645,1.030940,9.240347,-7.367104,4.446007,2.239504,5.778060,0.487632,0.766491,3.162478,-2.210819,2.721398,2.349902,2.943608,0.806607,2.673663,-4.265342,-1.505127,3.350455,-1.851308,0.057359,-6.224752,-0.392343,-1.452846,0.359856,1.325348,8.632981,1.175537,-2.088118,3.880246,4.868093,2.906637,2.155151,-1.029688,-3.252606,-4.951193,0.028924,-3.530265,-1.609740,3.085883,2.974389,2.813356,0.718793,5.741002,-3.533828,3.174792,2.636583,0.412507,-1.379327,6.775929,-1.306197,-1.960584,-3.865163,3.562798,0.145540])",scratch,1093
wafer_094,"tensor([1.442221,-2.152348,1.909559,6.288482,-1.284240,2.210444,0.611417,0.381513,-3.891265,-0.067312,1.146758,10.496543,-7.466188,7.182939,5.177198,6.877450,-0.419602,1.331518,5.945819,-0.823828,1.760661,2.609263,6.650026,0.411390,1.016765,-2.024257,-3.507546,4.668330,-2.797020,-0.016182,-7.431462,0.870325,-1.835220,0.631580,0.367241,11.147689,-0.646208,-2.708212,0.670895,6.311604,3.452062,1.981324,0.658497,-5.117146,-4.871289,2.389425,-3.070361,-3.529049,2.444610,6.109215,3.978220,-0.826754,7.468063,-3.595689,4.560322,1.803587,1.005896,-2.774046,12.308010,-1.107545,-1.952794,-4.715178,7.001177,-1.233440])",scratch,1094
wafer_095,"tensor([1.055483,0.384706,0.897983,2.802636,-0.298402,0.779675,-0.398325,0.310109,-1.414682,-1.060415,0.534759,9.710838,-7.271847,2.943664,-1.656683,5.990933,2.398660,-0.555092,-0.226340,-3.606069,3.213404,1.966836,1.438648,1.196462,3.922114,-5.085343,-2.357910,1.085760,-2.036256,-0.438147,-6.839151,-2.362955,-1.022488,0.322351,2.212161,8.151572,1.943187,0.169526,6.458361,4.648300,0.890500,4.168339,-4.090754,-3.463714,-3.903169,-3.817282,-3.927692,-2.458079,3.052443,1.630402,3.455041,-0.699795,3.897485,-2.311831,2.776409,4.622089,0.390522,-0.437757,5.183718,-1.932433,-0.245356,-2.918650,0.419236,1.735000])",scratch,1095
wafer_096,"tensor([0.575988,-0.657526,1.359221,4.198052,0.365406,1.139427,0.026363,-0.310023,-1.843210,-1.759541,1.333955,7.281352,-7.846356,3.556904,1.055337,5.296802,1.007236,0.921800,0.731606,-2.722773,4.058112,1.114217,1.712601,0.886323,3.408020,-5.223603,-3.599165,2.171557,0.008867,-0.862748,-6.480547,-0.540443,-1.737412,0.021793,1.958008,8.766864,0.599227,0.611599,5.288566,4.681673,1.414827,4.499676,-3.779546,-4.970607,-3.978333,-1.568884,-3.179849,-1.998316,2.894191,1.701557,2.843436,-0.184933,3.987693,-3.224669,2.518214,5.003445,0.889877,-0.786971,5.272702,-1.024310,-1.356292,-2.720999,0.891583,1.526182])",scratch,1096
wafer_097,"tensor([0.848166,-0.959810,2.555235,5.228151,0.975971,1.778226,-0.804872,-0.441514,-1.494114,-3.869987,1.989900,7.247953,-8.031185,4.323072,0.759935,5.297435,0.268104,1.261537,-0.624054,-2.966300,4.238854,0.980970,1.934692,2.284177,2.945882,-5.550685,-1.549305,0.771753,1.230845,-0.075545,-7.075805,0.381624,-3.110763,-0.525516,1.176444,9.513624,0.700847,1.693751,5.120359,5.333940,2.114996,5.213329,-4.088346,-5.938900,-4.569819,-3.251065,-2.983417,-2.245039,2.275770,1.278186,2.849921,1.112439,3.648580,-3.480740,2.587264,6.943480,0.876719,-1.994244,4.799537,-0.989344,-1.098641,-1.629544,0.916612,2.044170])",scratch,1097
wafer_098,"tensor([0.618452,-0.536249,2.143242,3.238068,0.364751,1.580883,-1.109316,0.037081,-0.995707,-2.451564,1.054657,8.953003,-7.823902,3.186262,-0.118886,6.108155,1.492395,0.769218,-0.321364,-3.085789,3.249569,2.001203,2.034369,1.821466,4.397955,-5.663955,-3.072144,1.847045,-0.459263,-0.113111,-6.352578,-1.827514,-1.788198,0.324543,2.501452,8.720871,1.215536,0.570298,5.206598,5.054287,1.609712,4.686637,-3.170951,-4.802782,-4.448896,-2.645495,-3.436048,-2.258409,2.798522,1.120521,3.369696,-0.155244,4.025438,-3.534253,2.591919,6.079881,0.692789,-1.058365,4.916970,-1.158006,-0.952683,-2.221142,2.300988,1.749887])",scratch,1098
wafer_099,"tensor([0.893561,-1.359775,2.423195,5.769846,-0.445575,0.806316,-1.073255,1.775878,-1.275433,-2.265314,1.836638,6.685678,-7.398801,4.211028,1.360698,5.313359,-0.631319,3.689739,-0.510074,-2.455712,4.641357,0.531945,2.277106,2.689003,3.758016,-4.247621,-4.632761,2.056840,2.166107,-1.985435,-6.777500,2.028559,-3.225064,-0.708574,1.011070,9.239696,-0.763666,2.126030,4.703526,6.079539,1.726500,6.657028,-5.179729,-6.315476,-4.835531,-2.915205,-3.366695,-2.966059,3.086024,0.726914,2.115041,-0.144871,2.162549,-3.812910,3.953223,6.744723,2.437293,-1.439710,6.643381,-0.562932,0.137823,-1.341039,-0.548567,2.608961])",scratch,1099
wafer_100,"tensor([0.819241,-0.746163,1.767165,3.755762,1.355249,2.235459,0.099209,-1.348422,-0.967549,-3.689986,1.361315,8.695911,-8.578057,4.099711,-0.515368,5.436889,1.199283,0.495272,-0.727931,-3.723937,4.104769,1.410927,1.441608,0.957148,5.460259,-6.472224,-0.447760,-0.178084,0.237176,0.364017,-8.324586,-1.775835,-3.930549,0.203144,2.026546,9.147430,1.772391,0.590682,6.433151,4.965073,2.346488,4.338907,-3.628491,-7.065985,-2.961986,-3.087853,-3.848652,-1.500564,2.278795,1.954467,3.130519,1.206099,4.039275,-4.384897,2.287323,8.110243,0.945814,-1.709714,4.120055,-1.602530,-1.160715,-2.020523,1.563849,2.777506])",scratch,1100
wafer_101,"tensor([0.685654,-1.560552,2.532862,5.771581,-0.620513,2.072563,-0.025986,1.213228,-2.093112,-1.415806,1.733396,8.462244,-7.296815,4.321418,2.314491,5.680435,-1.127308,2.713647,1.979633,-1.930372,3.198528,0.760555,3.463321,2.580313,2.411718,-3.799078,-5.137546,2.502402,0.928046,-1.681421,-6.164088,1.132728,-1.778702,-0.616088,1.147769,9.479396,-1.120969,0.644290,3.284562,6.432820,2.448148,4.907045,-3.558772,-5.542383,-5.086181,-1.220307,-3.251832,-2.821633,3.248272,1.791580,2.888703,-1.248005,3.902402,-3.920296,3.531688,4.070296,1.054232,-1.278736,7.975640,-0.835177,-0.128927,-1.825070,1.460127,1.388305])",scratch,1101
wafer_102,"tensor([0.164142,-0.949555,3.269865,4.207091,0.821801,1.158436,-0.494893,1.063772,-1.142126,-1.949491,1.047058,6.926924,-7.387187,3.141918,-0.256580,4.744048,0.628721,2.775628,-0.877424,-3.747261,4.553140,0.474162,0.596711,2.474537,3.802048,-5.054232,-4.232941,1.653797,2.055407,-1.653034,-6.246536,-0.463117,-1.583257,-0.534997,2.349549,8.660879,-0.306536,2.722294,4.570004,5.406989,1.379041,6.927205,-5.436785,-5.887114,-4.739356,-3.960652,-4.037745,-1.942942,2.734853,-0.522525,2.432785,-0.234673,2.156234,-3.496557,3.424109,6.685519,1.999896,-0.922578,4.398399,-0.712579,-0.563537,-0.474868,-1.579479,2.451770])",scratch,1102
wafer_103,"tensor([1.023755,-0.647043,1.099429,3.059312,-0.527701,0.963289,-0.212293,1.043653,-2.230153,0.360440,0.697454,9.412986,-6.491444,4.080357,0.051913,5.313578,1.293863,-0.450426,1.687735,-3.138055,2.776941,1.901933,1.672293,1.065978,2.761852,-3.708270,-2.821821,2.449774,-0.892659,-0.255054,-5.546187,-2.053588,-0.522173,0.745202,2.641226,8.234033,0.950590,-1.363353,4.987550,4.387655,1.552273,3.443851,-3.491429,-2.959245,-4.352078,-1.730965,-3.020970,-2.422537,2.690033,1.567253,3.014953,-0.981350,3.379976,-2.654367,2.172707,2.740363,0.468113,-0.167929,5.813120,-1.209736,-1.460737,-3.493146,2.555120,0.357254])",scratch,1103
wafer_104,"tensor([0.782562,-2.096614,2.188192,6.490414,0.090174,2.668716,0.589564,0.710646,-2.900335,-1.309113,2.292588,7.179934,-7.205686,5.994750,4.094717,5.301465,-1.826263,4.271478,3.635145,-1.494582,3.737761,1.659944,4.530763,2.617214,1.817589,-3.363890,-4.313697,3.577995,1.449420,-1.991251,-6.376623,2.481663,-3.503677,-0.478780,-0.207841,11.137725,-1.078467,0.756791,1.231613,6.525923,3.419589,4.891607,-2.519709,-6.157141,-5.407128,0.527341,-2.445213,-2.805312,2.557261,2.785089,2.206155,-0.626084,4.026598,-3.613908,4.178083,3.894678,1.462628,-2.848395,9.133405,-0.949010,-1.022600,-2.043795,2.027586,0.887681])",scratch,1104
wafer_105,"tensor([1.640429,-1.299328,2.042820,5.594779,0.070485,2.584839,0.477409,-1.011092,-2.888841,-1.110848,1.177894,8.553376,-7.330448,5.029944,3.944716,5.447029,-0.086045,1.789935,2.720858,-1.665869,2.652869,2.053004,3.605205,1.152846,2.613543,-3.648917,-2.634836,3.441202,-0.310325,0.014315,-6.737486,0.399279,-3.338785,0.001979,0.620265,9.593979,-0.467708,-1.018465,3.118176,6.191295,2.469959,3.467124,-1.942345,-5.349932,-4.672005,-0.016614,-3.098548,-2.951967,2.293373,3.789775,2.315585,-0.062438,4.877843,-3.404907,4.228565,3.291880,0.563812,-2.132539,8.857747,-0.741136,-2.222395,-3.432772,3.182799,0.873658])",scratch,1105
wafer_106,"tensor([1.226312,-0.544352,0.881717,3.812616,-0.116003,2.295835,-0.715812,-0.870670,-2.245970,-0.224925,1.656750,8.006921,-5.696905,3.311297,1.621797,4.780313,1.075386,0.932154,2.920948,-1.493323,2.563003,2.183124,1.393910,1.263416,1.914151,-3.380515,-1.440444,2.588432,-0.444105,-0.300812,-4.565822,-0.834048,-1.666040,0.157432,1.097361,6.250067,0.533811,-1.344312,2.088802,4.410822,1.783793,1.700871,-1.795659,-2.231161,-3.663862,-0.434974,-2.574338,-0.690665,2.800305,2.398874,2.272189,0.416130,4.870873,-2.652321,2.675498,1.945587,-0.115422,-1.472097,6.077570,-0.201252,-1.411718,-3.238750,3.148574,-0.109826])",scratch,1106
wafer_107,"tensor([0.141419,-1.391056,2.897044,5.839105,1.112324,1.211495,-0.561033,0.177015,-1.447336,-3.761241,2.484038,5.410575,-7.706565,4.028858,2.601894,3.867410,-0.267504,3.841096,-0.916970,-2.791046,4.621701,0.386352,1.471406,2.272298,2.912822,-5.901449,-2.686881,0.609404,3.683873,-0.691359,-7.567339,1.886627,-4.097726,-0.522452,0.345867,8.893900,0.069140,3.007393,4.682329,6.278606,2.175256,6.227397,-4.416124,-7.743228,-4.257056,-2.424938,-3.192125,-1.642070,2.041029,0.637775,1.908958,1.130590,2.609933,-3.682350,2.581616,7.643948,2.208428,-2.629097,4.693587,-0.519738,-0.467383,-0.548219,-1.037902,2.905867])",scratch,1107
wafer_108,"tensor([0.718929,-0.376166,2.785572,3.673515,1.233225,0.252299,-1.142770,0.580914,-0.603930,-2.692774,0.748828,6.246597,-6.837080,1.720078,-1.279827,4.302038,0.980769,1.989854,-1.832739,-2.707856,3.783069,0.754050,0.083093,2.127974,3.758176,-5.737161,-2.897218,1.101229,2.881781,-2.148401,-5.452805,-0.624504,-1.931412,0.031855,2.918430,6.717752,0.473841,2.288397,5.668867,4.201533,1.366774,5.965589,-5.864976,-4.766358,-4.640405,-3.966329,-3.710161,-1.307183,2.681121,-0.440068,2.190139,0.065441,1.989798,-3.061903,2.886915,6.101254,0.730766,-0.546559,3.199792,-0.976873,0.174371,-0.799714,-1.867069,2.999474])",scratch,1108
wafer_109,"tensor([0.396376,-0.489865,1.802511,4.586117,0.306042,1.729930,-1.034401,-0.213670,-0.984940,-1.941005,2.073283,6.412379,-6.352531,3.306794,0.754225,3.992341,0.164392,2.891184,0.379163,-2.586107,4.130172,1.339702,0.903078,2.328995,2.679632,-4.536449,-1.958707,0.737146,1.140096,-0.388962,-5.487767,0.472339,-2.773264,0.084084,1.456489,7.531858,0.298747,1.207626,3.219313,5.328192,2.081257,4.636900,-3.666491,-4.838255,-2.940315,-2.131130,-3.226406,-1.268527,2.581132,1.364002,2.336458,1.304550,2.907349,-3.279731,1.960437,4.778734,0.213895,-1.906449,4.746229,0.168450,-1.241579,-1.579563,0.669614,1.423936])",scratch,1109
wafer_110,"tensor([0.502127,-0.156070,1.439170,3.720810,1.798729,0.799533,-1.151481,-0.324995,-0.526772,-2.536991,2.352827,4.782254,-6.328664,2.233570,0.337182,3.176887,-0.499690,2.702176,-1.746715,-3.044870,4.425214,-0.019158,0.017951,1.836831,2.702756,-5.517075,-1.219151,0.230512,3.679716,-0.572279,-4.929637,1.596177,-3.752239,0.098221,1.199803,6.451030,0.587592,2.977258,4.352400,5.072987,1.552582,5.288314,-4.096747,-5.743993,-2.243947,-2.913720,-2.481913,-0.518424,2.323009,-0.259280,1.257897,0.802216,1.576666,-3.474370,1.291266,6.481659,0.584859,-1.492714,3.278838,-0.797119,-0.786291,0.195733,-0.742589,2.774054])",scratch,1110
wafer_111,"tensor([0.728116,-0.538222,1.332220,2.917849,1.312026,1.893934,-1.243176,0.071678,-1.407182,-0.209094,2.176891,5.561018,-5.513265,2.486982,-0.022560,2.980540,-0.480433,2.129210,0.376328,-1.508231,2.811752,1.156972,0.045275,1.775891,1.553320,-3.581285,-2.274233,1.009348,1.581246,-1.063617,-4.559509,-0.541786,-2.177277,-0.260486,1.506743,5.670369,0.526518,1.079967,2.897038,4.215971,2.142733,3.863996,-2.851660,-3.456946,-3.273837,-1.373481,-1.983419,-1.275213,2.819718,0.883997,1.537629,0.400354,2.381750,-2.697116,2.136253,3.931285,-0.104803,-0.952920,4.527017,-0.208216,-1.278033,-0.864405,0.752091,1.566806])",scratch,1111
wafer_112,"tensor([1.337347,-2.473627,3.380610,7.742376,-0.495268,2.709237,-0.442772,1.382557,-3.911802,-0.615741,2.816918,1.947070,-4.266018,4.771001,6.398776,1.703691,-3.702988,8.470618,3.625582,0.596136,3.293051,1.099523,3.251071,4.025361,-0.627470,-1.438107,-4.582411,2.246223,5.427849,-2.469091,-3.193946,6.144546,-5.567494,-0.953410,-2.610996,7.193287,-2.588547,2.387185,-1.738144,6.564739,2.994650,6.372029,-1.127010,-6.068556,-4.818484,3.122421,-1.624602,-2.081074,1.647653,1.878902,0.085932,0.693000,1.479156,-3.066888,4.186116,3.374433,2.085743,-3.766160,9.905692,1.187920,0.071918,-0.402482,1.531557,-0.196759])",scratch,1112
wafer_113,"tensor([0.643026,1.198585,0.195152,1.184371,1.065960,2.151971,-1.403729,-2.084278,-1.765321,0.089410,2.109238,6.835671,-5.160271,2.654091,-0.230529,3.682822,1.243381,-0.126926,1.943272,-1.494499,2.232620,2.528701,-0.044162,0.793199,1.533508,-3.689593,0.438687,0.353750,-1.128461,-0.015129,-3.737256,-1.782861,-1.627292,0.573283,1.227618,4.467713,1.610462,-1.509671,3.146341,3.346357,2.058272,0.959147,-1.000824,-1.102164,-2.014507,0.136050,-1.329771,-0.322523,2.459667,1.642234,1.041820,1.049890,3.758932,-2.088409,1.481480,2.022205,-0.873326,-0.296626,4.468787,-0.227199,-1.778581,-2.355561,2.645038,-0.332651])",scratch,1113
wafer_114,"tensor([0.477529,-0.124145,0.923550,4.253593,-0.403687,1.762855,-0.966179,0.135002,-2.010900,-0.579101,1.042380,6.404227,-5.007503,3.969903,1.392787,3.393605,0.193836,2.209871,2.229772,-1.770555,2.337045,1.322654,0.831234,1.977644,1.467493,-3.210259,-2.706595,1.098966,0.196463,-0.895620,-4.594674,-0.323471,-1.677723,0.087552,0.560292,6.310776,0.035365,0.234450,2.115476,4.016563,2.981095,3.235237,-1.987988,-3.623646,-3.824663,-0.491469,-2.345724,-1.907042,2.037116,2.152388,1.706349,0.120878,2.986362,-2.792817,2.307431,2.652627,-0.016948,-0.596870,6.378721,-0.458555,-1.705626,-1.884861,2.160110,0.051412])",scratch,1114
wafer_115,"tensor([0.041124,-0.526080,1.767225,3.562254,0.414548,1.494738,-0.513823,-0.138377,-0.354413,-1.560850,1.818197,6.838007,-6.603699,3.226815,-0.313760,4.155036,0.725074,1.739873,-0.644675,-3.208826,3.440643,1.248563,1.263303,1.996041,2.662391,-5.049304,-2.198768,0.436159,0.719204,0.002245,-5.692740,-0.483137,-1.927142,0.205628,2.026018,6.602005,0.716778,0.754432,4.933633,4.819213,1.686153,5.318153,-3.283053,-5.448964,-3.002092,-2.391293,-3.009345,-1.010779,1.466825,1.137859,2.173663,0.914308,3.571584,-3.662262,1.922722,5.425167,0.537057,-0.802342,4.545364,-1.284001,-1.562896,-1.181069,1.171863,2.140211])",scratch,1115
wafer_116,"tensor([0.474108,0.835478,0.811321,3.250978,0.991987,2.095567,-0.906149,-0.512174,-2.152741,0.977590,1.577372,7.308579,-4.665274,2.899043,1.144622,3.227656,0.163578,0.635014,3.193433,-1.932769,1.715928,2.599930,1.460641,1.051399,0.469095,-2.522110,-1.456621,1.731642,-1.322451,-0.666429,-2.936996,-0.847070,-0.872817,1.042792,0.588554,5.106108,0.428265,-1.902578,0.826849,3.241551,1.712789,0.998343,-0.811673,-0.347804,-2.957051,1.170581,-1.265735,-1.296636,1.942205,2.166849,1.087768,-0.438927,3.996193,-2.113512,2.139072,-0.160965,-0.426598,-0.484701,5.485328,-0.462069,-1.593333,-2.921901,3.666747,-0.584336])",scratch,1116
wafer_117,"tensor([0.361492,0.718224,0.072991,1.214593,1.048755,1.692091,-0.698574,-1.540226,-0.779027,-0.243944,0.817051,7.378584,-4.979361,0.403651,-2.038660,3.273350,2.016932,-1.521816,0.023345,-2.394568,2.042136,2.011249,-1.122712,0.178351,1.384392,-4.494269,0.241224,-0.087165,-1.455464,0.989475,-4.526764,-3.849397,-0.064549,1.029001,2.649131,3.672669,1.379211,-1.034050,5.223025,2.181653,1.069496,1.595992,-2.750944,-1.313608,-2.187359,-2.480837,-1.874285,0.273815,3.387071,0.734495,1.607641,-0.238420,3.147741,-2.058678,0.725788,2.681280,-1.561838,0.616458,1.420553,-1.606562,-1.777349,-2.466781,1.454693,1.589163])",scratch,1117
wafer_118,"tensor([0.443738,-0.087680,0.440030,1.714240,0.813590,2.807497,-0.740642,-2.465808,-1.963143,1.310832,1.726408,8.062241,-4.513270,1.876589,-0.181596,2.848198,1.447905,-1.426168,1.338478,-1.602056,2.050152,2.776298,0.906658,0.054608,1.186235,-3.208930,0.038970,1.149333,-2.011391,0.694264,-4.013794,-2.781918,-0.036136,0.953411,1.808816,4.242385,2.064759,-2.042001,3.167714,2.580909,2.535804,0.990544,-0.472558,-0.818061,-2.304234,-0.158825,-2.272104,-0.353002,1.524669,2.490061,1.228776,0.373355,4.887476,-2.002322,0.179437,1.311217,-1.638333,0.083689,3.898290,-0.464615,-1.504873,-3.327272,3.054359,-0.141349])",scratch,1118
wafer_119,"tensor([-0.351082,1.635206,1.504042,0.627818,1.079553,0.869947,-2.901490,0.071167,-0.118787,-0.829528,1.558154,4.997849,-4.348465,0.265264,-3.267878,2.284556,0.543783,1.180385,-1.962641,-3.177463,2.377752,1.488243,-1.926350,1.876557,2.177857,-4.411634,-1.845843,-1.514621,1.029258,-0.365882,-3.590182,-2.205227,-0.212269,0.841751,2.705458,2.306955,1.078633,1.494204,4.941991,2.061955,1.341258,4.524358,-5.051313,-2.447158,-2.887355,-3.733189,-2.219249,-0.489990,3.018755,-1.023342,0.709628,-0.003250,1.238474,-1.314032,0.292784,2.859744,-0.155912,0.649700,0.877422,0.168824,-0.406753,-0.472904,-1.222979,1.760988])",edge,1119
wafer_120,"tensor([0.230348,0.932476,0.019126,0.116218,1.091394,1.838366,-1.000855,-2.466785,-0.729885,-0.788524,2.182323,6.572069,-5.897968,0.829378,-2.570285,3.261214,2.114293,-1.984695,-1.252100,-3.040894,2.948730,1.693956,-1.262772,0.012860,3.529887,-5.113727,1.041461,-0.284685,-1.193381,0.555371,-4.893492,-3.458489,-1.194150,1.113564,3.179609,3.916479,2.468584,-0.519715,4.983834,2.523065,1.697665,2.207290,-2.760996,-1.922397,-2.190783,-2.980245,-3.082793,0.132321,2.486056,0.699654,1.925087,0.779912,3.566396,-2.134227,-0.089292,4.047864,-1.131028,0.061571,1.807930,-1.023542,-1.504656,-1.518430,1.314458,1.161008])",edge,1120
wafer_121,"tensor([0.996741,-0.353025,1.592829,3.539878,0.931455,1.907971,-0.895517,-0.959308,-1.520048,-0.656062,2.810765,4.689495,-4.481098,3.101645,1.145144,2.628397,-0.571435,2.622203,1.017655,-1.442638,2.885769,0.900078,0.116687,1.959174,1.859494,-2.622289,-1.155497,0.179895,1.474157,-0.817065,-3.502533,0.731396,-3.155642,0.932246,0.968662,5.351299,0.674620,0.774512,1.326710,3.754862,2.638305,3.487339,-2.187616,-3.513720,-2.564596,-0.333901,-1.662629,-0.022036,2.118235,1.418101,0.860253,1.355705,2.909337,-2.065566,1.680476,2.754130,-0.480186,-1.613001,4.974757,-0.596216,-1.402628,-0.960071,1.433600,0.891987])",edge,1121
wafer_122,"tensor([-0.268186,1.167903,0.824573,0.580121,1.444312,0.998733,-2.342168,-1.036387,-0.085670,-1.489558,1.376488,5.005927,-5.001872,0.724792,-2.322340,2.194868,0.648901,0.606886,-1.424427,-3.381403,3.164132,0.631603,-2.667107,1.359227,2.450014,-4.510771,-0.695458,-1.232994,1.088377,-0.045552,-3.469799,-1.869007,-1.660235,1.501224,2.819814,2.645521,2.306272,1.391996,4.668108,2.389423,1.034107,2.887538,-3.906148,-2.997839,-1.616689,-3.570903,-2.421000,1.049853,2.710437,-0.566424,0.323547,0.975124,2.121402,-2.517922,-0.177492,4.351438,-0.528757,0.386508,1.053468,0.128315,-1.382512,-0.197682,-1.227312,2.110681])",edge,1122
wafer_123,"tensor([-0.236101,0.543056,0.325202,2.285406,1.523638,1.912085,-1.426812,-1.517510,-0.538046,-0.951055,1.990995,4.570500,-4.561443,1.338427,-0.798303,2.311423,0.237513,0.635705,0.776682,-2.393908,2.113392,1.322056,-1.280870,0.753868,2.193912,-4.195249,0.254423,-0.331326,0.180414,0.411458,-2.816319,-1.384116,-2.039388,0.617004,1.503301,3.740989,1.795678,-0.412590,3.187693,2.362647,1.971236,2.487758,-2.001831,-2.091330,-2.233746,-1.168557,-1.527077,0.193264,1.939773,0.839954,1.499137,1.093241,2.636433,-2.218217,0.228253,3.770160,-0.929450,0.000684,2.287673,0.026904,-1.714220,-1.303241,1.163403,1.195858])",edge,1123
wafer_124,"tensor([0.582093,-0.890297,1.926594,4.276888,0.645187,2.713907,-0.036094,-0.365931,-2.363416,-0.450626,2.365860,5.962252,-5.404893,4.526572,2.722479,4.511129,-1.154202,2.046718,1.128490,-1.470173,1.918679,0.874367,2.808211,1.763181,2.042717,-3.469065,-2.148697,1.061476,1.202594,-0.030477,-4.831084,0.828352,-2.723036,0.624967,0.831078,7.537111,-0.580987,-0.478445,1.871037,5.009829,3.745707,3.457160,-1.875375,-6.081018,-2.261780,-0.146013,-2.487006,-1.670355,1.980900,2.281338,1.883504,0.424647,4.076465,-2.712012,2.971385,4.267518,-0.592637,-1.861638,6.513200,-0.025052,-1.140138,-1.541244,2.864723,0.563814])",edge,1124
wafer_125,"tensor([0.487428,0.267909,0.883290,1.826682,0.106369,1.420018,-1.646318,0.457583,-0.436531,0.023548,1.516416,5.305128,-4.568487,2.011904,0.522141,3.330547,-0.245262,1.843630,0.297159,-2.631048,2.980639,1.157179,-0.401425,2.320264,1.772916,-3.639582,-2.405942,0.443788,0.813936,-1.389473,-2.734931,-0.993192,-0.648277,0.551977,1.869217,4.277579,0.955674,0.595464,2.518782,2.940469,1.482391,3.354726,-3.224858,-2.865140,-2.439618,-1.740917,-1.683410,-0.887486,1.845065,0.298636,1.421351,-0.235525,1.994517,-2.153370,1.554906,2.763779,-0.417812,0.122177,3.553004,-0.428257,-0.546372,-1.277308,0.594187,0.928105])",edge,1125
wafer_126,"tensor([0.724991,-0.698490,1.029664,1.883058,1.599513,2.002075,-1.772865,-1.223186,-1.407712,-0.499242,1.838980,3.355735,-3.647504,1.323752,-1.438262,1.306854,-0.510753,2.065545,-0.507080,-2.389384,3.042522,1.340561,-1.075498,2.071636,1.033585,-4.484899,-0.577898,-0.041640,1.783542,-0.229154,-2.147946,-0.610001,-2.008660,-0.010038,1.170119,2.006896,1.690336,1.090547,1.894430,1.996463,1.594679,2.348173,-2.225926,-2.475028,-1.720922,-1.148610,-0.676426,0.523922,2.494293,0.156132,0.748748,1.355849,1.396374,-1.654249,0.518365,2.905478,-0.491083,-0.481571,1.551704,0.705867,-1.102690,-0.195386,0.145636,1.156971])",edge,1126
wafer_127,"tensor([-0.325328,1.446415,0.957389,0.090385,2.283803,0.716378,-2.720871,-0.421167,0.483463,-2.089534,2.522895,2.978619,-3.562866,-1.095735,-4.371231,1.065032,1.143424,0.712196,-3.405680,-2.755668,2.843283,0.498989,-4.244486,1.811211,1.801419,-5.748397,-0.581047,-1.537750,3.045322,-0.950725,-2.528066,-2.105854,-1.193148,0.695924,2.294835,1.377422,1.717631,2.330596,5.436493,0.928574,1.444605,4.212028,-5.310469,-3.054517,-1.188951,-4.365389,-2.167820,0.167984,1.981219,-2.422240,0.222238,1.065136,-0.252190,-1.729270,-0.431719,5.328238,-0.094905,1.211231,-1.989408,0.821138,-0.359723,0.714191,-2.658477,2.291028])",edge,1127
wafer_128,"tensor([0.282297,0.431884,-0.639058,0.787022,0.324220,1.551126,-1.742450,-0.884537,-1.498204,2.329967,1.331128,4.174849,-1.332781,0.851805,0.882979,0.394145,0.088518,0.132578,2.510512,-0.354155,1.119003,2.512876,-1.007651,0.942864,-0.656467,-1.004360,-0.726719,1.384637,-1.970666,-0.298277,0.159068,-2.302875,0.477863,0.865065,1.070936,0.890249,1.285072,-1.962155,-0.161619,0.655272,1.806847,-0.147612,-0.478914,0.785197,-0.937531,1.285233,0.011845,-0.046917,1.543471,0.960765,0.314332,0.134437,2.436726,-1.082131,-0.137900,-2.072932,-2.055383,0.662312,2.470335,0.361059,-1.499105,-1.917222,2.709141,-0.692778])",edge,1128
wafer_129,"tensor([-0.913859,2.480276,0.166576,-1.408607,2.217923,0.274784,-2.064605,-1.577389,1.030267,1.009562,0.902882,4.462486,-2.897910,-1.107052,-4.506233,1.545826,1.759109,-2.223821,-2.511918,-3.455119,2.307952,1.273204,-3.614026,0.773425,2.269367,-4.356229,1.172323,-1.966410,-0.627881,0.895661,-2.044101,-4.926122,0.171603,1.102734,3.558319,0.262220,3.676072,1.114016,4.941698,-0.572736,0.592983,2.164006,-3.774534,-1.017022,-0.212338,-4.888883,-1.416777,1.660025,2.631972,-1.449967,0.955720,0.440281,1.524654,-1.370394,-1.025181,3.405465,-1.558502,1.940355,-1.488128,-0.026073,-0.857189,0.638799,-0.030302,1.629024])",edge,1129
wafer_130,"tensor([0.198567,2.053306,-0.272956,-1.649984,1.337453,1.414665,-2.364918,-1.585058,0.574752,2.572426,0.918632,5.934332,-3.208070,-0.198813,-2.843586,2.021842,1.388359,-2.802521,0.734342,-1.568744,0.914659,1.767836,-1.748786,-0.058142,0.477677,-2.918754,1.183618,-0.004132,-2.519284,1.010182,-1.410140,-4.633245,0.826662,1.024510,2.438091,-0.314486,2.672452,-2.148434,2.798770,0.278426,1.790052,0.568198,-1.141139,1.099288,-0.794915,-1.157901,-0.782525,0.928458,1.561575,0.565036,1.130324,0.385084,2.886618,-0.962569,-0.572619,0.509713,-1.936323,1.825666,0.725558,-0.449902,-1.718010,-2.745257,2.409955,0.542464])",edge,1130
wafer_131,"tensor([1.423356,-1.637037,3.079839,6.542130,-0.174546,2.701270,-0.316561,1.703664,-2.096775,0.278426,3.391107,-0.408835,-2.600728,4.281236,5.203586,0.235979,-4.280942,8.961243,2.034278,0.827345,2.064938,-0.253090,2.066352,3.639065,-2.062289,-0.329538,-3.592836,1.214944,4.861631,-2.722879,-1.221181,4.819089,-4.659411,-0.462168,-2.223313,4.893930,-2.269546,2.533620,-3.634116,4.625817,3.279680,5.332983,-1.121740,-5.725530,-2.637248,2.537607,-0.110539,-0.629056,0.436385,0.317646,-0.708267,1.022880,0.513639,-1.704594,2.856420,2.289496,1.445595,-2.530417,6.535359,2.147348,-1.292194,0.566518,0.269474,0.081801])",edge,1131
wafer_132,"tensor([0.486761,0.737718,-0.046970,1.791985,-0.349875,2.115051,-0.918631,-1.405446,-1.370920,3.941368,0.875320,5.479050,-1.773699,2.778156,1.561432,2.410847,-0.207392,0.397418,4.575368,-0.048960,0.092713,2.895585,0.884436,0.088047,-0.720998,-0.293481,-1.330909,1.595135,-2.731080,0.845404,-0.838650,-1.131051,0.223060,0.272322,1.117453,2.224295,0.653635,-2.863820,-1.552851,1.714646,2.967665,-0.838383,1.775842,0.482093,-0.908917,3.062321,-0.128660,0.236322,1.178801,3.230247,0.608899,-0.038339,4.466391,-1.230629,0.574472,-2.168271,-1.435917,-0.470174,5.593179,0.435607,-1.901881,-3.175148,5.116327,-1.166047])",edge,1132
wafer_133,"tensor([0.012853,1.324661,0.835388,0.045988,1.188347,1.133331,-1.816257,-0.679770,0.091870,1.296603,0.658957,3.500319,-2.294648,0.182471,-1.954221,1.335022,0.370587,0.910066,-1.343474,-2.968941,1.699327,0.928423,-1.599510,1.331308,1.034253,-2.503076,-0.440312,-1.370380,0.539335,-0.110750,-0.500789,-2.086373,-0.330973,1.217939,2.366895,0.546285,1.594897,0.561927,2.159379,0.354864,1.820476,1.911927,-2.653159,-0.953416,-0.591580,-2.056613,-0.958967,0.779580,1.826979,-0.760024,0.325331,0.454970,0.355295,-0.767251,-0.739484,2.048217,-1.258695,1.171407,0.572348,-0.426836,-1.007622,0.102517,0.401784,2.027773])",edge,1133
wafer_134,"tensor([1.020223,0.053731,0.799682,3.248210,-0.143655,3.000587,-0.722540,1.031400,-1.624666,2.379524,1.587707,1.319461,-0.816602,3.468316,3.374634,1.378077,-2.002767,3.775052,2.791037,0.244868,0.996050,1.301804,1.408038,1.532281,-1.111861,0.072150,-2.405636,0.647801,0.257743,-1.561911,0.071423,0.779215,-0.942202,0.339852,0.244198,2.766864,-0.833890,-0.595596,-3.137136,2.314953,2.916622,2.242074,0.664129,-1.504296,-1.379568,3.286839,-0.233368,-0.144699,0.667833,1.164884,-0.409825,0.864353,2.328161,-1.211760,1.060325,-1.273859,-0.367862,-0.771985,5.591834,0.827922,-1.704673,-1.860022,3.165223,-0.489681])",edge,1134
wafer_135,"tensor([-0.381322,1.182106,-0.326258,-1.145542,0.527712,1.333141,-1.872096,-1.231860,-0.485607,2.528938,0.609413,3.111986,-0.630903,-0.366761,-1.715381,0.586734,0.655404,-1.020408,-0.612845,-1.797859,0.311560,1.230431,-2.349956,0.906243,0.050836,-1.684517,0.700061,-1.219095,-0.950944,0.192666,0.127617,-2.921797,0.549816,0.760552,1.950198,-1.387089,1.133595,-0.534761,1.178782,-0.084549,1.210259,0.135501,-0.871496,1.184106,0.173724,-0.945876,-0.098086,1.252139,1.130145,-0.343634,-0.426381,0.398618,1.592516,-0.670417,-1.353661,0.076665,-1.881021,0.879310,0.056242,0.554823,-1.227278,-1.232839,1.751563,0.678719])",edge,1135
wafer_136,"tensor([-0.432951,1.519487,0.637286,-1.660844,2.703993,0.530654,-3.132044,-1.866580,1.448692,-0.620830,2.002360,2.060654,-1.904087,-1.343881,-3.307520,0.260051,0.403510,0.001460,-3.165512,-3.229159,2.021287,1.162878,-4.157784,1.145750,1.972151,-3.786016,1.744229,-3.611847,1.869840,0.608070,-1.010604,-3.582546,-1.264712,1.651873,2.778573,-1.475757,2.410123,1.361175,3.161304,-0.931228,1.780770,2.082570,-3.621717,-2.086854,0.282497,-3.007910,-1.445417,1.997214,1.804525,-1.861678,-0.498491,1.902034,0.173382,-1.329943,-1.670959,4.484959,-1.180213,1.395381,-3.046317,0.377068,-1.179410,1.549435,-1.125012,2.424814])",edge,1136
wafer_137,"tensor([0.087349,0.333178,0.676252,1.019240,0.905243,1.576595,-2.172516,0.324718,-0.816791,2.022296,1.545273,0.884176,0.233395,0.457183,0.300077,-1.077143,-2.027908,2.528069,0.122047,-0.429532,1.192982,1.454428,-2.391089,1.834920,-1.626911,-1.504595,-0.789295,-0.638119,2.951130,-1.366865,1.313231,0.174660,-1.860427,0.656327,0.062095,-1.445119,0.607391,1.597259,-1.203526,0.588813,1.997684,2.381810,-1.217312,-0.351999,-0.769876,0.871512,-0.164277,1.670423,1.145713,-0.774244,-1.849015,1.098843,-1.441750,0.148644,-1.248850,0.440158,-0.817579,0.075772,1.083903,1.236590,-1.234449,0.319928,-0.233162,0.643912])",edge,1137
wafer_138,"tensor([-0.784021,2.613087,-1.041428,-3.435548,2.079719,0.440779,-2.481139,-1.662710,0.402337,2.453674,0.287579,3.840092,-0.890143,-1.665725,-3.842933,0.758679,2.003209,-3.989364,-1.382513,-2.513585,0.442247,2.071947,-3.903171,0.265032,0.818517,-2.469549,3.107734,-2.086456,-2.095840,1.313736,-0.152196,-5.893245,1.897739,2.234335,3.946647,-2.690879,2.935440,-1.610944,2.317546,-2.069223,1.511559,-0.716326,-1.114176,2.485789,1.053547,-2.166695,-1.324538,2.233814,1.905676,-0.161162,-0.315860,0.106451,1.106759,0.074277,-2.846144,0.536432,-2.700582,2.612536,-2.380992,0.092885,-1.592988,-1.050918,1.753824,1.067522])",edge,1138
wafer_139,"tensor([-0.504054,1.902609,0.017445,-1.863079,1.990419,1.391035,-2.414769,-0.711719,0.980236,1.098025,1.418787,1.248381,-1.038042,-1.529801,-4.527447,0.251994,0.155562,-0.284349,-3.010630,-2.627322,1.217566,0.420342,-4.899263,1.311615,1.597171,-3.219078,1.045540,-2.559146,0.851152,0.042311,0.021374,-3.396721,0.069374,0.898552,2.615705,-2.458514,2.518026,1.109095,2.862579,-1.330538,1.061760,2.334825,-3.851094,-0.424209,0.608367,-3.376738,-0.917537,1.726263,1.240827,-1.928355,-1.095512,1.361841,-0.090566,-0.162341,-1.365756,3.211664,-1.706901,1.536718,-3.233748,0.610950,-1.089646,0.300772,-1.169418,1.703199])",edge,1139
wafer_140,"tensor([0.407313,-0.242841,0.481673,1.456371,2.083260,2.221324,-1.168039,-1.864751,-1.251428,0.395107,2.603262,0.845501,-2.057865,1.154623,-0.314287,0.128038,-1.029988,1.586589,-0.462303,-2.036943,1.625214,0.565500,-1.119527,0.617828,0.143239,-3.084192,2.447662,-1.680857,2.006777,0.012495,-1.666540,-0.147335,-3.464661,0.394854,-0.291369,0.429463,1.894313,1.165101,0.099252,1.180502,3.025392,1.502973,-0.643559,-3.293496,-0.045944,-0.233179,-0.061565,1.524533,0.576072,0.493654,-0.748207,2.731927,1.654515,-0.863591,-0.464382,3.340002,-0.537693,-0.980190,0.650586,0.364022,-1.102960,-0.249247,1.764720,0.933317])",edge,1140
wafer_141,"tensor([0.208042,0.915211,-0.961021,-0.390800,0.089473,1.986578,-1.402424,0.005904,0.330660,2.923540,1.508448,3.017888,-0.733818,0.793220,-0.727120,1.107317,-0.401298,0.252002,0.495864,-1.014013,0.084121,1.809996,-0.783397,1.613378,-0.332283,-1.464511,0.782308,-1.131995,-1.082573,0.079736,-0.235607,-2.321960,0.189963,1.572355,1.936179,-0.546971,1.365666,-1.375857,-0.337611,0.258546,2.723135,0.671494,-0.110729,-0.009110,0.308467,0.765507,-0.387089,1.154661,0.972215,1.201582,-0.702387,0.034654,1.453293,-0.241991,-0.500381,-0.037224,-1.894963,1.586791,0.755068,0.534247,-1.830163,-0.888505,2.793983,0.291943])",edge,1141
wafer_142,"tensor([0.204310,1.399887,-0.570343,-1.375573,1.179909,2.195009,-0.847431,-1.676660,-0.375405,2.949346,1.495472,3.886884,-1.114025,0.789716,-0.678069,1.646035,0.135436,-0.906481,1.066508,-1.193018,0.454887,1.991819,-0.703718,-0.374803,0.317294,-1.445949,1.723001,-1.375770,-3.058273,0.911700,-0.862665,-2.767378,0.490715,1.954848,2.443482,-0.617236,1.996705,-2.908070,-0.364705,-0.617196,2.859727,-0.701252,0.876275,0.733972,-0.204155,0.749462,-0.358488,1.864323,1.236938,1.344397,0.537990,0.441799,2.595833,-0.384135,-0.866129,0.141908,-2.845481,1.254846,0.681379,-0.318022,-2.156748,-2.149458,4.871391,0.162245])",edge,1142
wafer_143,"tensor([-0.956284,1.092815,0.684156,-0.052360,0.963529,0.557296,-2.564403,0.207567,0.463855,0.591388,1.343319,-0.194305,-0.099045,-0.500698,-1.538036,-0.369081,-1.477077,1.791465,-2.182849,-1.991238,0.733821,0.728979,-2.663246,2.281799,0.012077,-2.110007,-0.659646,-2.046459,2.171581,-0.424224,0.686451,-1.657791,-0.673872,0.957469,1.076328,-1.711796,1.519080,1.429481,0.466962,0.274268,1.516272,2.896466,-2.032550,-1.901252,-0.529323,-1.429196,0.372918,1.680890,0.684144,-1.383307,-1.727531,0.661799,-1.185543,-0.502965,-0.804282,1.896132,-1.165191,0.616876,-1.666482,0.421449,-0.743083,1.138710,-0.560979,1.191654])",edge,1143
wafer_144,"tensor([0.063681,-0.542250,1.094930,2.853867,-0.713297,1.300051,-0.841389,1.141933,-1.746048,2.301527,3.118158,-2.502125,1.412053,1.483732,3.541491,-1.527733,-4.663281,6.298086,1.367343,0.178863,0.822360,0.779566,0.672931,3.218559,-2.865863,1.240453,-1.685036,0.415569,4.207285,-2.242908,1.871360,2.949087,-2.205655,0.236417,-0.428571,-0.679524,-1.877238,1.261906,-4.413310,1.723471,2.468898,2.878282,-0.017555,-1.452154,-0.044836,3.410339,1.167477,1.085427,-0.621507,-0.511933,-1.812717,0.572745,-0.241313,-0.151189,0.772743,-0.792187,-0.082553,-0.136490,3.305113,2.153794,-1.319887,0.355330,1.162731,-0.377583])",edge,1144
wafer_145,"tensor([0.088490,0.745245,1.119661,0.610419,1.647636,1.680733,-1.578690,-0.341434,-0.580574,1.914325,2.359546,-1.246618,1.131881,-0.573640,-0.167833,-2.297640,-2.373363,3.552827,0.257539,-0.521645,1.208631,1.154647,-3.040192,2.219960,-1.876859,-0.611645,1.592668,-1.236984,2.763629,-0.238056,2.098187,0.134309,-2.184394,1.353532,0.230524,-3.371311,1.759539,0.875247,-2.439119,-0.814449,2.504557,1.180254,-0.564473,-0.074687,0.698349,1.541063,1.157047,2.553516,-0.002175,-0.801598,-2.100440,1.475547,-0.740246,0.039591,-0.924811,-0.497459,-1.118304,0.598329,-0.653770,1.916519,-1.832079,0.747045,-0.170476,0.360003])",edge,1145
wafer_146,"tensor([1.076811,-1.114475,0.609809,2.345348,-0.104730,2.751261,-0.565099,-0.143497,-1.657274,3.845379,1.650196,-0.043824,0.903125,2.703965,4.330431,-0.256048,-3.510314,4.157935,3.785454,0.681915,-0.369097,1.694120,2.355720,1.583285,-2.836897,0.917278,-0.818715,1.040260,0.638009,-0.774477,0.934277,1.836788,-2.273820,0.811288,-1.141161,0.323259,-0.552961,-0.934888,-5.305464,0.999700,4.176021,1.404779,2.126399,-0.856047,-0.634910,4.312811,0.551904,0.503329,0.432882,1.834839,-0.919519,0.796617,2.449009,-0.168563,0.621890,-1.567858,-0.720369,-1.008717,4.647496,1.130948,-1.482142,-0.657388,3.561860,-0.946587])",edge,1146
wafer_147,"tensor([0.367573,0.208312,1.381154,1.129371,0.796953,1.449862,-1.859523,0.084976,-0.368030,1.169198,2.321551,-2.187052,0.758958,0.563286,1.502353,-1.674000,-3.050249,5.183211,-0.853920,-0.889397,1.122192,-0.050035,-2.445576,2.601528,-1.198865,-1.375943,0.620854,-2.529689,4.074699,-1.214298,1.147915,1.413422,-3.144211,1.085847,0.178957,-1.886485,0.671097,1.931307,-2.052621,0.260225,3.051807,2.497930,-0.870518,-1.646419,1.519690,0.792144,0.497132,1.864785,0.160550,-0.889430,-1.618406,1.995506,-0.758608,0.092737,-1.281988,2.423583,-0.544872,-0.022564,-0.060120,2.001118,-0.998092,2.457607,-0.601928,1.044605])",edge,1147
wafer_148,"tensor([-0.952083,-0.078617,3.241470,3.377287,0.996725,0.463381,-2.942070,1.932484,1.044499,-0.384290,2.256234,-5.326553,0.589804,-0.462947,0.735738,-2.312998,-5.084250,8.415430,-4.107406,-2.304932,1.989120,-1.768586,-2.620315,5.145414,-1.390039,-1.985452,-2.002320,-2.736744,9.040900,-2.433624,0.407915,4.161634,-3.897801,-0.008488,-0.297939,-2.715027,-1.901947,6.272540,-1.631257,1.003406,1.864189,7.182318,-4.501613,-5.206892,-0.206682,-1.661256,0.007156,1.448078,-0.146459,-3.983360,-2.778360,1.045353,-3.987009,-1.517307,0.236116,5.730691,1.446125,0.005771,-1.689228,1.885595,0.684692,4.044256,-5.441130,3.601384])",edge,1148
wafer_149,"tensor([0.927082,-1.391455,0.696258,4.403460,-0.314506,3.310185,0.446600,-0.790127,-2.314159,2.348289,2.594042,-2.204493,0.503915,3.333725,5.087615,-0.992696,-4.322455,5.882766,2.754335,0.620785,0.243991,1.636022,1.368386,1.846747,-2.888875,0.646465,1.517616,-0.606881,2.242810,-0.524783,0.581966,2.904371,-4.094831,0.788946,-1.407374,-0.203398,-0.478838,0.233587,-6.339736,1.672194,4.533907,1.302937,2.649164,-3.583077,0.866549,5.238517,1.919245,1.740960,-1.213437,1.992544,-1.535990,2.771623,1.081414,-0.036480,0.311741,-0.086790,-0.252372,-1.290160,4.157321,1.708691,-1.625297,0.494149,3.169955,-0.031489])",edge,1149
wafer_150,"tensor([0.457369,-0.448117,0.593467,2.321208,0.365848,2.126070,-0.796412,-0.234244,-0.951528,2.713031,3.034791,-3.088148,1.979071,1.132581,3.290946,-2.472227,-4.365898,5.260145,1.449148,0.973188,0.063159,0.749305,-0.964999,2.141604,-3.557083,0.511155,0.477079,-0.754518,3.566399,-1.182808,1.670178,2.578082,-2.220372,0.596617,-1.203071,-2.219994,-0.874652,1.405454,-5.826268,0.283421,3.498333,1.419924,2.093100,-1.082982,1.773864,3.818376,1.853312,1.525556,-1.169459,0.063024,-2.227141,1.017478,-0.956256,0.236997,-0.505018,-0.223852,-0.695772,-0.557797,1.639421,1.659119,-1.013081,0.628394,1.481844,0.172398])",edge,1150
wafer_151,"tensor([-0.041433,0.782200,-0.374404,-1.203748,0.259593,1.420201,-0.846355,-1.956506,-0.447980,4.108081,1.588232,-0.947401,1.834600,0.316763,0.837431,-1.470890,-2.212110,1.261200,0.522521,0.235982,-0.440988,1.682912,-0.886066,0.653129,-2.083336,0.601272,1.930639,-1.013775,-0.137880,0.291588,2.540628,-1.149796,-0.981727,0.923366,-0.415710,-3.667519,0.972503,-1.907046,-3.006998,-2.179425,2.527495,-1.204011,2.687313,1.982796,1.946471,2.812406,2.344476,2.298316,-0.278897,1.093104,-2.300957,1.481287,1.608547,0.781898,-1.451390,-2.152684,-1.993544,0.591012,-0.014820,1.426354,-1.892528,-0.019867,3.656010,-0.572142])",edge,1151
wafer_152,"tensor([-1.365025,3.294457,-1.635890,-5.938954,1.923537,0.602873,-2.906712,-2.227123,2.384779,3.393442,0.470147,0.718666,2.859247,-4.288922,-5.918363,-2.712898,1.237202,-4.578208,-3.575351,-2.761519,-0.341029,1.941289,-5.931555,-0.315025,-0.349732,-1.787917,4.555884,-4.504755,-2.111528,1.190106,3.179393,-6.592115,2.425507,1.807506,3.461791,-8.054202,4.734738,-1.083272,2.067973,-4.892857,0.461735,-2.139368,-0.184972,4.917154,2.552013,-2.263208,0.172723,3.721358,0.205847,-2.225695,-1.711277,1.288177,-1.398102,1.065613,-4.468385,-0.667263,-3.811386,3.821027,-6.398652,1.553477,-1.504238,0.198656,1.113924,1.086122])",edge,1152
wafer_153,"tensor([-0.370746,-0.634728,1.406102,2.918613,0.282791,1.375158,-0.757086,1.816582,-0.552935,1.930129,2.323501,-5.087308,2.337492,1.380426,3.810457,-2.329526,-5.487971,7.719921,0.065098,1.178609,0.670086,0.021294,-0.611331,4.011795,-2.325891,0.989474,-2.162551,-1.199151,6.396791,-2.301825,2.122674,3.513508,-3.651482,-0.562226,-1.845058,-2.652698,-1.517505,3.220039,-5.601439,0.741855,3.649773,4.724667,0.578138,-3.929482,0.997273,2.937209,1.751574,1.765426,-0.950149,-1.702972,-2.876561,1.515845,-2.019926,0.574636,0.083395,0.982723,0.428637,-0.993961,0.617971,2.585672,0.225151,2.351088,-0.689511,1.957621])",edge,1153
wafer_154,"tensor([-0.731080,-0.335944,1.501780,0.757552,1.389156,0.442973,-3.280230,0.440740,1.006582,1.368711,1.697629,-5.788549,3.219189,-1.334402,-0.622526,-3.782568,-3.177072,6.020439,-3.697390,-0.746375,1.303401,-0.634031,-4.665550,3.522921,-1.670057,-1.600645,0.253617,-3.248833,6.663603,-2.170711,2.722375,1.302725,-2.981458,0.365467,-0.420410,-6.097435,-0.035155,4.258136,-2.402379,-0.795592,1.986706,2.825342,-1.829593,-2.278337,1.067120,0.068130,1.344756,2.962676,-0.540471,-3.310657,-4.054290,1.744896,-3.415440,0.287703,-1.749851,3.024910,-0.819467,0.074020,-3.526859,2.738273,0.269002,3.756550,-3.474021,2.110346])",edge,1154
wafer_155,"tensor([0.133783,0.179602,-0.255745,0.148793,0.032225,2.430840,-1.322406,-1.003727,-0.407810,3.455122,1.230624,-2.590769,2.833646,0.568320,1.805437,-2.787857,-2.883937,2.876377,1.389369,0.762602,-1.224649,0.819181,-1.560628,1.796466,-3.196921,1.579775,2.226792,-1.042170,1.217840,-0.985817,2.809855,0.355866,-2.419719,1.575349,-1.077403,-3.888651,1.148289,0.039369,-5.278573,-1.113364,3.101428,-0.792739,2.307692,0.045787,2.308547,3.233341,1.761709,2.705879,-0.849916,0.470336,-2.756503,2.173362,0.174002,0.805160,-1.861710,-2.167472,-0.963353,-0.498660,0.314804,1.700419,-0.929837,0.777949,2.659161,0.150642])",edge,1155
wafer_156,"tensor([-0.408312,1.321864,-0.096469,-0.875815,0.214243,1.736943,-1.760275,0.327842,-0.188549,4.632688,1.656376,-0.918984,3.477739,-0.916547,0.817321,-1.085103,-2.779401,1.347167,0.918400,0.397937,-0.872208,1.130192,-1.443559,1.095205,-3.346130,1.254730,0.752701,-0.633527,-0.350988,-1.059079,3.755684,-1.319809,0.478797,1.962070,0.435201,-4.892501,0.941463,-0.971962,-3.882768,-2.321556,1.836729,-0.892010,1.419984,2.089550,1.361376,2.972248,1.550371,1.842253,-0.520236,-0.555667,-1.826946,0.369225,-0.014718,1.450174,-1.938747,-3.236008,-2.001937,1.779222,-0.094292,0.855439,-1.067582,-0.680062,2.783388,-0.233216])",edge,1156
wafer_157,"tensor([-1.418401,2.871567,-1.417302,-4.684761,0.785576,0.931086,-2.334170,-1.636753,0.987378,5.006733,0.212167,-0.858130,3.875185,-2.762635,-3.594369,-2.671871,-0.530316,-1.358663,0.123264,-0.681233,-1.025827,1.527668,-5.506701,0.310011,-2.291123,0.677567,2.277731,-2.829585,-1.421669,0.058635,4.808023,-4.375191,2.770713,2.611118,1.875832,-7.789110,2.806751,-2.022184,-1.658716,-4.423332,0.644764,-2.411360,0.644080,4.307075,1.917239,0.478148,1.847370,3.112134,-0.059080,-1.546968,-2.707340,0.133559,-1.611148,1.630647,-3.585413,-3.397293,-3.194118,2.820348,-3.999302,0.888098,-1.117547,0.337054,1.668749,-0.127433])",edge,1157
wafer_158,"tensor([-0.255594,2.034628,-1.041907,-2.728467,0.243329,0.580245,-2.205607,-0.383410,0.817903,4.697013,0.174314,-1.147275,3.071882,-1.107640,-1.768553,-1.509898,-1.614729,0.334979,0.346267,-0.943244,-1.860581,1.100014,-2.843083,0.753080,-2.952763,0.271752,1.092666,-2.006132,-0.350354,-0.187540,3.921840,-2.696324,2.422620,1.517257,2.128544,-6.712331,1.345231,-0.754667,-2.997518,-3.035369,2.285619,-0.609113,0.862550,3.093731,1.509869,1.397996,1.662811,2.597752,-0.208801,-1.404395,-2.631038,-0.189169,-1.213968,1.580881,-2.879325,-3.474020,-2.237167,2.630096,-2.136287,0.905718,-1.056880,0.623969,1.400493,0.463218])",edge,1158
wafer_159,"tensor([0.038605,1.782570,-0.431019,-2.354182,0.607170,0.813747,-2.072068,-0.904039,0.427939,3.658478,0.418498,-2.183893,3.226100,-2.145798,-1.490954,-2.301951,-2.149447,1.124497,-0.521032,-0.777667,-1.048931,1.449429,-3.806361,1.488229,-2.122736,-0.318344,1.425653,-2.458669,0.908575,0.012900,3.596885,-1.707950,0.563425,1.381300,0.724902,-6.757379,1.300291,0.234554,-2.755010,-3.022503,1.445363,-0.228137,0.768930,2.209280,2.535801,1.191133,1.849450,3.345713,-0.380759,-1.669347,-2.216292,1.371379,-1.015956,1.075800,-2.659118,-1.321623,-2.161156,2.498579,-3.146743,1.863403,-1.065581,1.199373,0.815720,0.615893])",edge,1159
wafer_160,"tensor([-0.087364,2.878041,-1.461178,-4.178121,0.205315,0.235044,-2.544904,-1.542522,0.972982,5.257943,0.569227,-0.230510,3.688039,-1.829674,-2.334734,-1.785018,-1.058799,-1.568020,0.850785,-0.029970,-1.883979,1.633690,-2.484415,0.195533,-2.976468,1.165746,1.432297,-2.835059,-2.175015,0.826487,4.244076,-4.353725,2.880241,2.221491,2.057771,-6.561255,2.025333,-2.857674,-2.759551,-3.390326,1.403059,-1.836906,1.798194,3.814812,2.451336,1.796594,1.025039,2.469977,-0.434350,-0.448800,-1.769302,0.467364,-0.411528,1.252320,-2.217931,-3.640970,-3.761577,2.765702,-3.019337,1.020728,-1.674739,-0.925375,2.865738,-0.067520])",edge,1160
wafer_161,"tensor([-0.058796,1.417760,-1.066701,-3.251898,0.925357,1.278613,-1.241097,-1.740707,0.840498,3.812374,1.628592,-0.942172,3.642524,-1.288256,-2.029700,-2.389970,-1.170824,-0.497833,-1.303832,-1.053455,-1.118210,1.043792,-3.491012,0.231224,-1.907776,0.514725,3.480152,-3.030796,-0.990135,1.138403,3.135616,-2.971378,0.369858,2.142426,1.452569,-6.844399,2.940839,-1.530677,-3.327475,-3.108133,1.700521,-2.199023,1.758315,2.434469,3.249327,0.653364,2.370848,3.442359,-0.117429,-0.059363,-2.365163,1.869843,0.154413,0.931825,-3.078058,-1.698253,-3.151752,1.778147,-4.320132,1.794160,-1.387224,0.540188,2.108828,-0.239676])",edge,1161
wafer_162,"tensor([1.183756,-1.796201,0.908971,3.732139,0.180506,2.276775,-0.136459,0.134637,-1.766825,2.561262,3.718498,-6.754912,3.733804,1.672246,5.862424,-4.368003,-7.042134,8.380187,1.692294,2.754966,-0.466709,0.448826,0.051535,2.601685,-4.426863,2.210656,1.495756,-1.588272,5.188362,-1.480254,3.120066,5.277366,-5.063655,0.561457,-3.745866,-4.038177,-1.196375,2.138886,-9.633003,-0.363723,4.349157,0.876580,2.657392,-1.137057,2.927315,6.425371,2.974017,2.677505,-1.619040,1.097075,-4.425036,2.474986,-1.001893,0.764728,-0.582862,-0.680528,-0.280738,-1.831584,2.688929,3.578902,-1.330553,2.424351,1.930065,0.407484])",edge,1162
wafer_163,"tensor([-0.221898,1.221407,-1.068143,-1.955032,1.908270,1.114334,-1.516735,-1.733961,0.471840,3.459138,1.215516,-2.920969,3.836198,-1.451108,-1.019049,-2.606285,-1.923035,1.269442,-1.163389,-0.920103,-0.417690,1.637501,-4.433854,0.276214,-2.048300,-0.113655,3.834613,-3.089785,0.281097,0.844802,3.800265,-2.004160,-0.364155,1.638328,0.336321,-6.059051,2.408844,-0.795899,-3.071267,-3.314485,2.119964,-1.171564,1.724354,1.192111,2.772037,1.566159,1.368898,3.888137,-1.000398,-1.012823,-2.640381,1.409248,-0.602367,1.294913,-3.589938,-0.426775,-2.136187,1.538464,-3.371256,1.375412,-1.756448,0.236396,1.288934,0.549893])",edge,1163
wafer_164,"tensor([0.383057,1.099010,-1.204441,-1.909811,-0.041653,1.480287,-1.432078,-1.281752,-0.026376,4.330751,1.895821,-2.365314,3.638931,-0.733783,-0.498690,-2.733970,-2.090383,0.745883,0.619944,0.769718,-1.142044,1.578856,-2.869164,0.224088,-3.209626,1.164532,1.991144,-2.518187,-0.774048,0.687777,3.864358,-1.359894,0.423828,1.501833,0.258074,-6.499505,2.049709,-1.376167,-4.728895,-3.135557,2.243884,-2.097224,2.252101,2.380046,2.766643,2.879746,2.065156,3.050623,-0.574697,0.054730,-2.634134,1.416618,-0.343988,2.118412,-2.416450,-3.004645,-2.498944,1.331384,-1.919410,1.677058,-1.506832,0.820789,3.067573,-0.354240])",edge,1164
wafer_165,"tensor([-0.282128,2.635918,-1.134754,-3.370323,0.022648,0.514282,-1.595137,-0.934297,0.969680,5.565843,0.485062,-1.693489,4.414705,-2.398597,-2.243193,-2.563435,-0.871071,-0.538939,0.242170,-0.025974,-1.998129,2.503150,-3.309441,-0.168057,-2.823188,1.295706,1.203683,-2.155226,-1.292329,0.938057,5.308776,-3.870719,2.450658,1.967285,1.996333,-7.803920,1.412115,-1.687568,-3.007261,-4.385907,1.614812,-2.205434,1.835354,5.000932,3.035004,2.391385,2.547439,2.749363,-0.016930,-0.343163,-2.554277,-0.247413,-1.065138,1.641975,-3.205333,-4.146577,-3.209426,2.809385,-2.567910,1.500021,-0.962228,-0.407007,2.849209,-0.315624])",ring,1165
wafer_166,"tensor([-0.862070,1.307174,0.529160,-2.408556,0.841717,0.180052,-1.973286,-0.837862,1.760820,1.916451,0.857693,-4.613987,2.645443,-2.925152,-2.729987,-3.312522,-2.452631,2.541669,-3.321772,-1.540339,0.475843,0.227895,-4.912944,1.860418,-1.319014,-1.068170,2.766100,-4.279840,3.484384,-0.340098,3.138153,-1.865766,-1.222827,1.149337,1.285292,-6.813655,1.495659,2.248126,-2.541726,-2.931906,1.903630,1.240430,-0.857122,0.762987,2.676466,-0.895533,2.032303,3.566622,-1.006760,-2.838580,-3.523809,1.760112,-2.881773,1.207481,-2.712160,1.720164,-1.379692,1.190231,-5.387647,2.629313,-0.778388,2.969951,-1.192511,2.422514])",ring,1166
wafer_167,"tensor([-0.009674,1.564979,-1.941609,-2.336891,0.991597,0.607426,-1.491196,-1.463542,0.401714,4.839701,1.256229,-2.224294,4.711037,-2.739930,-1.456044,-2.728972,-1.747537,-0.679913,0.252980,0.621070,-1.571021,2.486944,-4.162845,-0.198451,-2.938307,1.381541,3.612945,-2.433586,-1.689189,0.283192,4.288484,-2.637804,1.136088,2.327930,0.900100,-7.622810,2.157913,-2.279108,-3.968682,-4.486046,1.657197,-3.479744,2.657263,3.731657,3.074748,2.739462,2.535747,4.095495,-0.601521,0.317146,-3.189833,0.824538,-0.404842,1.834568,-3.466212,-3.121992,-3.051970,3.079309,-3.469781,1.747424,-0.941477,0.208257,3.278066,-0.810690])",ring,1167
wafer_168,"tensor([-0.177545,1.527736,-0.925971,-2.680769,1.231508,0.727180,-1.826570,-1.442930,1.408781,3.331340,0.936259,-2.295496,3.756508,-1.488248,-2.502135,-2.690736,-1.334708,-0.113977,-1.674241,-1.318679,-1.440723,1.192558,-2.701215,0.922065,-0.910548,0.194974,3.219716,-3.936157,0.223656,0.184583,2.692229,-1.932914,0.315857,1.447415,0.868445,-7.342180,1.930341,-0.197437,-2.917689,-3.900444,2.820012,-0.679614,1.518013,1.504584,3.728421,0.937613,1.976433,3.869927,-0.752942,-1.102157,-2.850444,1.602166,-0.717723,1.539055,-2.939986,0.297082,-2.787118,2.023997,-4.419899,1.288133,-0.414055,2.332529,1.027896,1.412317])",ring,1168
wafer_169,"tensor([0.288670,-0.473939,0.520947,1.635316,0.286259,1.582053,-1.180277,-0.082290,-0.422419,3.000151,2.327763,-6.400052,2.976288,0.456807,3.337665,-3.589869,-5.593806,5.804970,-0.281851,1.408569,-0.794172,0.227208,-0.805685,2.777250,-3.234512,1.749374,0.778372,-1.457310,4.560470,-1.068903,3.121337,2.949315,-2.858723,0.926111,-2.063581,-4.959709,-1.639148,1.172335,-6.725779,-1.160856,3.235674,1.557906,1.289098,-1.457061,2.111440,3.671765,2.922704,2.798020,-1.429395,-0.729139,-2.825256,1.806577,-1.003873,0.102936,-1.200236,-0.623266,0.142069,-0.386061,0.156303,2.230088,-1.095410,2.163193,0.652097,1.194993])",ring,1169
wafer_170,"tensor([-0.754089,2.160412,0.015802,-2.554929,0.637281,0.244843,-2.454578,0.264511,1.787470,4.213628,0.466366,-3.908005,4.740438,-2.204191,-1.769100,-3.325523,-2.150691,1.960326,-1.929005,-1.288411,-0.937609,0.342856,-3.796372,1.760878,-2.408889,0.770626,-0.118732,-3.545216,2.298248,-0.539308,4.561184,-1.103548,0.615818,1.161214,1.226730,-7.460642,1.173450,0.989637,-3.943142,-2.893042,1.556599,0.371642,-0.636331,1.861762,3.410705,-0.080521,2.541309,3.007880,-1.095951,-2.662177,-3.142311,0.364439,-2.607260,1.368089,-2.228625,-0.886330,-1.641502,2.982962,-4.250215,2.274845,-0.697816,1.973975,-1.140587,1.027206])",ring,1170
wafer_171,"tensor([-0.093790,1.091481,-0.142804,-1.510946,0.554503,0.696573,-1.628327,-0.320808,1.070581,3.336252,1.206302,-4.484052,3.700385,-1.656925,0.047009,-2.936731,-3.575045,2.503418,-1.299405,0.067686,-1.519001,0.728988,-2.854258,1.425019,-2.250681,0.861889,1.550941,-3.113393,2.499922,-0.129907,2.859563,-0.315706,-0.072009,1.497968,-0.034248,-6.438444,0.791672,0.204785,-4.677772,-2.744720,2.536282,0.063826,1.318295,0.768735,3.131552,2.648133,2.108095,2.719542,-1.640068,-1.072343,-2.674994,1.047351,-1.603389,1.163802,-2.305475,-1.190217,-1.553428,1.778305,-2.445401,2.079562,-0.481110,1.706453,1.050163,1.330263])",ring,1171
wafer_172,"tensor([-0.055721,1.298432,-0.519730,-0.768972,0.413592,0.671059,-1.605797,-0.610706,1.162558,3.711530,1.461606,-3.896115,3.588507,-1.458954,0.066474,-2.204761,-3.813802,1.916812,-1.498561,-0.137503,-1.262709,0.311601,-2.153936,1.517398,-2.361658,1.328391,0.925542,-3.294822,1.860029,-0.781603,4.082252,-0.092376,0.315756,1.382966,0.974895,-6.143232,0.658873,-0.087105,-4.702754,-2.928267,2.319850,0.208680,0.861233,0.645182,2.776175,2.106144,2.618952,2.724356,-0.979288,-1.573017,-2.576736,1.333933,-1.813797,1.261364,-2.406777,-0.739726,-1.652472,1.313265,-1.886477,1.762045,-1.109172,1.669185,0.489899,0.858574])",ring,1172
wafer_173,"tensor([-0.069192,2.654279,-2.810139,-6.109196,1.325945,0.575284,-3.176340,-2.146687,0.911685,4.706746,0.802310,-3.413536,6.023070,-4.758389,-4.836349,-4.661602,-0.943836,-1.807013,-1.124919,0.556954,-2.639175,1.602110,-6.357498,-0.458874,-4.039960,1.864882,4.404278,-4.312961,-0.883402,0.448421,6.586113,-4.307655,3.137536,2.459997,1.187121,-11.627860,3.452302,-1.665349,-3.055032,-7.258658,0.875850,-4.046320,2.063918,6.541644,4.230803,1.098702,3.366891,5.135430,-0.871845,-1.823061,-3.554185,1.333760,-2.322145,3.487320,-4.525088,-4.455934,-3.676135,4.070226,-6.951882,1.260256,-1.557566,0.889561,1.402110,-0.213142])",ring,1173
wafer_174,"tensor([0.088717,1.352194,-0.719698,-1.432014,0.192733,1.434111,-1.986772,-0.416745,0.640305,4.502456,0.928751,-4.546614,5.648725,-1.331634,1.128390,-4.054554,-3.114598,1.365385,1.265999,1.566919,-2.476384,1.731870,-2.305468,0.945764,-4.144686,2.167519,2.396393,-2.580561,0.085290,0.903621,5.512414,-0.228701,0.415740,1.910175,-0.930229,-7.319891,0.762518,-0.980996,-6.619814,-3.759089,2.309458,-2.977532,4.026402,2.833996,3.413273,4.601826,2.884499,3.495633,-1.372086,-0.491952,-3.370676,1.185308,-0.977620,2.045164,-2.064171,-4.129385,-2.254527,1.476603,-2.162388,2.883387,-1.561836,-0.017526,3.639233,-1.458406])",ring,1174
wafer_175,"tensor([0.126446,0.202322,-1.067737,-1.411701,0.281899,1.874149,-1.161738,-0.500033,0.145605,5.281866,1.419130,-5.486548,4.535341,-1.023205,1.488204,-4.035273,-4.346962,2.450185,0.983849,1.996365,-1.314506,1.554100,-2.035788,0.882601,-4.104256,2.673311,2.489479,-2.321463,0.673390,0.306061,4.628614,-0.588472,-0.206353,1.565799,-1.091758,-7.833507,0.819515,-1.267889,-7.617040,-3.150607,2.727798,-2.535427,3.458378,2.209564,3.309048,4.927207,3.223113,3.993231,-1.366429,-0.290894,-3.046114,1.480514,-1.444155,1.738619,-1.748375,-3.816547,-2.516769,0.993588,-1.439521,2.147327,-1.565231,1.244039,3.144267,-1.175422])",ring,1175
wafer_176,"tensor([1.099824,0.792910,-2.295119,-0.814114,-0.713905,2.660217,-0.403547,-2.274902,-0.930663,7.373328,0.936506,-1.655094,5.274899,0.277431,3.388604,-2.739709,-2.978497,-0.238283,5.551966,2.795186,-3.959760,3.676233,0.022957,-0.890483,-5.236213,4.637700,3.620342,-0.285653,-4.769630,1.032098,6.309194,-1.959090,1.816259,2.588879,-0.880661,-6.187566,1.730915,-5.698391,-8.954146,-4.247505,3.035527,-6.460702,7.568123,5.473304,3.104038,7.355262,3.372167,2.978875,-2.235735,3.466830,-2.669829,0.294891,1.785827,1.990502,-2.432499,-7.838137,-3.534427,1.015401,1.767065,1.244260,-2.113536,-2.564435,8.068145,-2.906770])",ring,1176
wafer_177,"tensor([0.464227,1.326122,-1.231331,-2.352450,-0.511661,0.158608,-1.070724,0.368057,0.847539,4.633417,0.951463,-4.184317,5.741356,-1.143614,-0.038698,-3.585229,-3.573184,1.659344,0.507460,1.088868,-2.210888,0.469837,-2.524791,1.019936,-3.627213,3.322640,1.222481,-2.117820,0.010834,-0.099317,4.799957,-0.831590,1.322666,0.764412,0.554884,-7.373136,0.335288,-0.457425,-5.821876,-3.687653,1.751227,-2.287277,1.950695,2.548166,2.805642,3.642688,2.953812,2.597724,-1.681223,-0.396629,-3.522018,0.168856,-2.074014,1.749757,-2.257729,-3.884671,-1.794697,1.688705,-2.403682,2.308805,-0.650373,1.227439,2.184719,0.299409])",ring,1177
wafer_178,"tensor([-0.253379,2.658111,-1.670137,-4.393305,1.093485,0.538649,-1.571341,-1.763964,1.490414,3.169290,1.240611,-4.606233,4.420523,-3.893150,-2.671982,-3.463927,-1.681323,-0.328538,-3.113195,-0.609325,-1.389120,0.456927,-4.380841,-0.065605,-2.487836,0.125103,3.944970,-4.801051,0.448036,0.882500,4.697179,-2.976593,0.330429,1.339006,1.372013,-9.218475,2.900543,-0.739679,-2.945022,-5.226407,1.128376,-1.844759,1.340183,3.043743,4.174482,0.191941,2.542980,4.413889,-1.801659,-2.199451,-3.240924,1.711077,-2.316415,1.197812,-3.842478,-1.388941,-2.626965,3.081980,-5.781436,2.150055,-1.058933,1.530191,0.387608,0.202000])",ring,1178
wafer_179,"tensor([0.114716,-0.353300,-0.002956,1.011209,-0.446300,1.683870,-0.359610,0.934090,-0.069992,4.841299,1.852312,-6.380082,5.499919,0.435338,4.170151,-4.500187,-5.549792,5.804901,2.839813,2.629332,-2.897677,0.578982,-1.005476,1.739778,-5.231861,4.148432,0.587455,-1.159493,2.328279,-1.620259,5.094216,2.138228,-0.915842,0.576317,-2.514423,-6.379606,-1.303300,0.370438,-9.356613,-1.774555,2.643264,-0.360843,3.937963,1.750541,3.101869,6.368946,4.095943,2.675730,-1.670967,0.434393,-3.772651,1.047011,-1.468620,2.195811,-0.598346,-4.233991,-1.050369,0.124542,0.806286,2.566940,-0.481850,0.822431,2.875714,-0.378407])",ring,1179
wafer_180,"tensor([-0.633082,1.911901,-0.740624,-2.336065,-0.442761,0.361066,-2.443865,-0.503664,1.264211,4.476774,0.414303,-5.093238,6.215409,-2.871263,-2.337756,-3.410869,-2.707807,1.298576,-1.052993,0.770603,-2.582869,0.922986,-4.109093,0.663626,-3.307258,2.402954,1.570594,-3.599855,1.455501,-0.584751,5.447720,-1.272347,1.587504,1.451505,0.280118,-9.425091,1.228387,0.069959,-5.132064,-4.415986,1.246044,-1.560923,1.708639,4.042318,3.172245,2.908888,3.105577,3.548927,-1.527254,-1.489504,-3.509440,0.787800,-2.988478,2.217813,-3.043652,-3.125126,-2.808564,2.352039,-4.210731,1.711420,-0.491866,1.697212,1.103094,0.534523])",ring,1180
wafer_181,"tensor([1.283808,-1.019938,0.597800,2.964420,-1.487084,2.487374,-0.408287,0.672547,-1.835615,4.984010,2.930008,-8.270657,5.968202,1.666142,6.916199,-4.085505,-7.138748,8.201263,3.223411,2.882035,-2.108831,1.120683,1.043185,2.237959,-5.702530,5.450042,0.984392,-0.769893,3.200405,-1.718401,5.308635,4.502728,-2.397660,0.186759,-3.618909,-5.534866,-1.897651,0.065214,-11.879018,-1.897212,4.430194,-1.175481,5.212325,0.483073,1.873375,8.127341,4.516335,2.564334,-3.118193,0.671775,-4.740025,1.397526,-1.130150,1.784834,0.078836,-4.058871,-0.356183,-1.238469,2.852417,3.468490,-1.525664,2.161265,4.141264,-1.522349])",ring,1181
wafer_182,"tensor([1.054963,0.362746,-0.203687,-0.192028,0.807572,0.995753,-1.213530,-0.965341,0.519699,2.976208,2.801190,-6.648368,3.901093,-0.902826,1.711893,-3.910419,-4.831618,4.171679,-0.446567,1.032800,-1.703983,0.429948,-1.274606,1.497903,-3.392097,2.171984,3.408983,-2.989073,3.088022,0.084972,3.419538,1.174837,-1.686026,0.924601,-1.466919,-6.573296,1.071575,1.370732,-7.161079,-2.427465,3.517421,-1.148675,3.246234,0.345267,4.020046,4.644121,3.319824,3.580410,-2.491020,0.266207,-3.111883,2.658347,-1.493103,1.569013,-2.161612,-0.886514,-0.918701,-0.508248,-2.387221,2.717064,-1.205067,2.527794,2.579480,0.670526])",ring,1182
wafer_183,"tensor([-0.256156,0.521147,-0.026638,-1.357105,0.962794,0.132958,-1.825995,-0.445900,1.196750,2.033911,1.823769,-8.679212,5.216415,-2.975125,-0.839510,-5.189847,-3.951658,3.875838,-3.481872,-1.221025,-0.588529,-0.335183,-4.656069,1.898095,-2.435250,1.042162,2.102824,-4.279175,5.064525,-0.496411,5.038792,0.096611,-1.095533,0.398629,0.539347,-9.014403,1.352817,3.122713,-5.018776,-3.664213,1.333041,0.658541,-0.646030,0.052209,3.868361,0.659879,3.206053,3.627021,-1.740678,-3.400953,-4.465685,1.855640,-4.414829,2.289396,-2.751291,0.739814,-1.150792,1.749572,-5.493853,2.655433,-0.353262,4.214717,-2.419450,2.152828])",ring,1183
wafer_184,"tensor([-0.234791,1.833313,-0.915381,-1.130027,-0.308844,1.034147,-1.021816,0.285054,1.146149,5.271049,1.641715,-6.488725,6.148468,-2.427946,1.360983,-4.471064,-4.590275,3.284322,0.323700,2.140212,-2.544444,0.365174,-2.601965,1.766283,-4.389933,3.606674,0.577631,-2.375329,2.157647,-1.088200,6.335065,0.124275,0.881217,1.035395,-0.575300,-8.801326,0.181667,0.442422,-7.483047,-3.757992,1.934957,-1.094954,2.882562,3.113449,2.885137,3.275935,3.754395,3.230507,-1.446506,-1.509963,-4.050136,0.754109,-2.628189,2.189381,-2.270917,-3.686165,-1.735271,0.917411,-3.076727,2.248729,-0.308791,2.059802,0.905734,-0.018662])",ring,1184
wafer_185,"tensor([0.305288,0.431615,-0.184657,0.248040,-0.774415,0.343204,-1.677516,0.617992,0.284301,3.625537,1.767680,-8.827007,6.727308,-1.479461,3.032425,-5.196505,-5.783039,5.687562,0.444494,2.376375,-1.646613,0.182410,-2.374641,3.421231,-5.121375,4.414361,-0.763464,-1.669473,4.630335,-1.809126,5.795453,2.178874,-0.896714,0.983166,-2.139755,-7.684678,-1.446494,1.842498,-8.665228,-2.652804,2.028159,-0.712408,2.803897,1.829088,2.737279,4.665211,3.374866,2.410096,-1.606245,-1.137478,-4.641631,1.712093,-3.764795,2.164319,-0.360492,-3.375147,-1.398030,0.812806,-1.222680,3.549422,-0.212249,2.778325,-0.058260,-0.261402])",ring,1185
wafer_186,"tensor([0.118633,1.600596,-1.513412,-2.037036,-0.230358,1.363208,-1.623315,-0.936770,0.375703,4.897200,0.856002,-6.264812,6.018586,-2.233012,0.539746,-4.718733,-3.470522,1.646974,1.085861,2.377014,-2.725989,1.120834,-2.828195,0.952072,-4.291171,3.281519,3.192958,-2.582391,1.192822,0.366266,5.779037,-1.269391,0.777342,0.888018,-0.563739,-8.988236,1.437449,-1.286672,-7.935058,-4.568257,1.684033,-3.202645,4.070588,3.895057,3.752596,4.287528,3.919853,3.855839,-2.175957,-0.558280,-4.309779,1.806528,-2.560365,2.469087,-2.552146,-4.527115,-2.911002,1.469285,-2.510750,2.723877,-1.694436,1.394250,2.941609,-0.715365])",ring,1186
wafer_187,"tensor([-0.014756,2.867094,-1.710454,-4.142175,1.216373,-0.421088,-2.574936,-1.359237,1.842152,3.498064,1.529597,-7.726742,6.764371,-4.899417,-2.748559,-6.242096,-2.357847,1.096589,-2.291531,0.254673,-1.514794,0.613144,-6.420299,0.436061,-4.015580,1.722040,3.279431,-3.582197,2.800895,0.078420,7.078934,-2.062367,1.235226,0.969286,0.821760,-12.323156,1.978249,1.006764,-4.993166,-6.116110,0.219436,-3.591839,1.252811,5.107938,4.067372,0.479213,3.921035,5.726754,-2.174922,-3.456643,-4.658580,2.171257,-4.494358,2.394791,-3.709853,-3.220311,-3.351997,3.330694,-7.630362,2.226839,-0.981173,3.079806,-0.567983,1.046589])",ring,1187
wafer_188,"tensor([-0.632297,2.134727,-0.610878,-5.079233,1.037510,0.165430,-2.354256,-1.459823,2.386773,3.086463,0.900248,-5.399990,4.680540,-4.367471,-3.872472,-4.501873,-1.118153,-1.190390,-4.944662,-1.380224,-2.142481,0.042535,-5.443949,0.858507,-1.445647,0.406645,3.565262,-5.634617,1.063620,0.666934,4.553401,-3.752451,1.194840,2.276022,1.843460,-9.791619,2.778935,0.522938,-3.106738,-5.804710,0.010654,-1.947130,1.210120,2.688630,4.350309,-0.191434,2.723728,4.141037,-2.024275,-2.483042,-3.428908,1.555311,-3.507992,2.137804,-3.718336,-0.459450,-2.981884,2.459816,-8.348372,1.422091,-1.170853,2.547466,0.027891,2.117769])",ring,1188
wafer_189,"tensor([-0.689352,2.784458,-2.369715,-6.381637,0.898609,-0.144926,-2.286049,-1.444323,2.486233,4.170155,0.159224,-5.411718,6.084468,-4.591724,-4.304880,-5.217876,-0.965482,-2.218647,-2.614114,-0.673298,-2.177253,0.622455,-6.224407,0.339669,-3.822433,1.244287,3.112483,-4.669776,0.011477,0.639555,6.341992,-4.597796,3.636181,1.675456,1.962371,-12.214071,2.842428,0.194894,-2.971963,-6.104259,-0.111071,-3.413948,1.825145,5.067407,4.177046,0.204546,2.776946,5.515551,-1.048739,-3.077313,-3.817217,1.291798,-4.446377,3.086666,-3.665150,-4.009932,-3.949835,4.297713,-7.990877,1.347731,-1.227984,2.053687,0.408381,0.129982])",ring,1189
wafer_190,"tensor([0.063672,2.353689,-3.143409,-5.464444,0.260007,0.190461,-1.548209,-2.752883,1.477502,5.763745,-0.403203,-3.920717,5.872776,-3.529916,-2.647127,-4.583281,-0.822925,-2.920589,0.132598,1.217282,-2.731953,1.410501,-4.149393,-0.750245,-3.562849,2.627335,5.024892,-3.433467,-2.866557,1.933541,6.636478,-4.991338,3.102889,2.601432,0.826657,-10.709505,2.684741,-3.362376,-5.321598,-6.796080,1.361427,-5.975790,4.715778,7.138696,4.256625,3.489563,3.900741,4.568148,-1.734668,-0.697864,-3.358003,1.798699,-1.170597,3.029384,-4.400672,-5.708314,-3.892083,3.836206,-5.042419,1.535238,-1.353490,0.148060,2.862486,-1.890526])",ring,1190
wafer_191,"tensor([0.004190,2.207364,-2.425388,-4.459432,0.245608,0.617242,-1.930030,-2.064976,0.782154,5.642360,0.097592,-5.011755,6.591256,-3.714013,-1.314927,-4.709446,-2.227208,-0.826950,0.605014,1.738503,-3.369844,1.647535,-3.652943,-0.326556,-4.794509,3.996730,4.104037,-2.323301,-2.148388,1.162415,6.766837,-3.446454,2.518657,1.829131,0.527979,-10.397995,2.368841,-2.532262,-6.389343,-5.974150,1.027474,-5.192982,4.505627,5.894288,3.942140,4.124830,4.243932,5.040444,-1.729028,-1.279519,-4.023321,2.012840,-1.460298,2.655467,-3.157008,-6.034370,-3.630014,3.453589,-4.955358,2.424190,-1.394465,0.846281,3.533926,-1.572928])",ring,1191
wafer_192,"tensor([-0.131878,1.287138,-1.603649,-2.966075,1.369362,0.310129,-1.498716,-1.823100,1.985954,2.046430,1.889072,-6.133349,4.205427,-2.747365,-2.526442,-4.497459,-2.750537,0.525330,-3.438285,-0.785808,-0.605447,0.335250,-4.526908,0.509182,-1.278021,0.250420,5.476789,-5.252318,2.062489,0.544389,3.368728,-1.200749,-0.504150,1.133515,0.402154,-8.096835,1.612370,0.431157,-2.779621,-5.223542,1.886923,-1.806868,1.700699,1.332345,5.109795,0.214154,3.294092,5.193428,-2.185758,-2.141698,-3.507681,3.110355,-2.119181,2.131784,-3.567762,0.184642,-2.106974,1.505406,-6.560246,1.699715,-0.885155,3.257425,0.528262,1.915410])",ring,1192
wafer_193,"tensor([0.987668,0.938916,-0.761057,-0.404110,-0.478146,1.571244,-0.916944,-0.617648,-0.992206,5.533148,2.445535,-8.752229,6.650013,-1.702950,2.696272,-6.260537,-5.299376,3.970180,1.237727,4.052327,-2.442765,0.857212,-3.096587,1.433836,-6.019850,3.940406,2.952707,-2.261018,3.328830,-0.255300,7.053074,2.151451,-0.340932,0.622633,-3.450749,-9.408993,-0.146804,-0.808502,-10.231939,-4.792672,1.723301,-3.635438,4.305996,4.392676,4.226056,6.692479,5.113229,3.391785,-2.671092,-0.622917,-4.877634,2.832434,-2.954353,2.974305,-2.386551,-5.515455,-2.272403,0.308842,-1.355184,3.109383,-0.046285,2.612322,1.692295,-1.925516])",ring,1193
wafer_194,"tensor([0.424664,0.638976,-1.732091,-1.589528,-0.059485,1.152059,-0.632987,-1.254855,-0.368634,5.315687,1.480589,-8.305687,6.750029,-1.633499,2.057605,-5.225613,-4.865700,3.722898,1.194036,2.554877,-2.994710,1.490726,-2.847363,1.621474,-4.833575,3.817892,2.660545,-2.113069,1.468001,-0.476850,6.171046,1.192475,-0.790672,0.880498,-2.499451,-8.360866,-0.253155,-0.238320,-9.191238,-3.745371,1.929253,-3.766423,5.004474,3.323955,4.017317,5.909310,4.877486,4.001304,-2.266710,-0.353295,-4.517116,1.707504,-1.752099,3.241976,-2.312103,-4.793719,-2.148689,1.204383,-2.107382,2.689339,-1.288415,2.050881,2.179250,-1.319455])",ring,1194
wafer_195,"tensor([-0.520022,3.127396,-1.729184,-6.519738,0.373491,-0.318473,-2.140125,-1.250096,2.567901,5.163880,0.267243,-4.840048,7.872805,-5.851094,-4.349257,-5.381001,-2.005510,-2.192361,-1.563986,0.650048,-3.372449,0.637836,-6.666700,0.180549,-3.714375,2.857222,3.272775,-4.275156,-0.001859,0.971467,7.177839,-4.301178,4.499872,1.741724,1.656420,-12.650564,2.692466,-1.398632,-4.899717,-7.249856,-0.560747,-4.434089,2.165297,7.382686,4.524565,1.189329,3.970475,4.854084,-1.651270,-3.187916,-4.052884,1.391260,-3.969053,3.338101,-4.896878,-4.811643,-3.938584,4.231662,-7.689971,2.155163,-0.882408,1.767421,0.501294,-0.608508])",ring,1195
wafer_196,"tensor([-1.117620,2.192175,-1.178884,-4.298988,0.731047,0.247273,-2.027594,-1.445314,1.710730,3.501637,0.228049,-6.530655,6.105047,-3.859222,-3.059739,-4.817644,-2.761769,0.256649,-2.460821,0.155470,-2.353081,0.772779,-5.380033,0.833087,-3.727067,2.026977,3.167409,-3.942573,0.958681,0.386257,6.050045,-2.375862,2.421977,1.384729,1.016265,-9.797056,1.945684,-0.005766,-4.999816,-5.496003,0.005564,-3.003954,1.483608,4.078381,3.579430,0.304435,3.278844,4.592133,-1.652387,-3.008048,-4.787720,0.940827,-3.460680,2.532816,-2.992871,-2.035830,-2.593349,3.455186,-6.185248,1.853810,-0.395722,2.578830,0.084155,0.396158])",ring,1196
wafer_197,"tensor([0.011355,1.469898,-1.089962,-3.274744,1.438163,-0.108118,-1.614635,-1.961006,1.269685,2.314569,0.907562,-8.511160,5.930903,-3.443659,-2.727333,-5.317164,-2.547313,1.195410,-3.385409,0.105863,-1.631096,0.012413,-4.938872,0.769993,-2.573669,1.379815,4.351220,-5.163156,2.660105,0.276675,5.457528,-1.785963,0.843544,0.603284,0.184444,-9.767945,2.564563,0.464298,-5.002381,-4.628488,1.052359,-2.689741,1.671691,3.056806,4.129305,0.527103,3.076247,4.887109,-1.489134,-2.728712,-4.410209,2.829525,-3.566092,2.529371,-3.023825,-0.620141,-2.380729,1.977894,-6.769616,2.564845,-0.965021,3.429603,0.017397,1.213166])",ring,1197
wafer_198,"tensor([-0.115908,0.931724,0.090893,-0.608509,0.783845,0.306908,-2.128506,-0.422761,1.762153,0.862456,2.478056,-11.493946,4.512185,-3.467008,-0.444213,-6.544264,-4.337154,5.517550,-3.475662,1.365801,0.007678,-0.941001,-4.997116,2.914395,-2.973247,0.818108,3.447314,-4.173351,6.621684,-0.155381,5.515110,0.985205,-2.383402,0.311541,-1.441198,-9.569296,0.706695,3.413522,-6.429879,-4.582926,1.057917,-0.892233,1.652446,1.058806,4.587810,2.030317,4.001562,4.442836,-2.703569,-3.703704,-4.870151,3.906489,-5.492640,2.275355,-2.286474,0.348282,-1.865386,1.436406,-7.121696,2.987800,-0.405084,4.581695,-2.643073,1.305280])",ring,1198
wafer_199,"tensor([0.452595,0.849161,-0.732962,-1.440820,-0.249038,0.152671,-1.662284,-1.022568,0.310406,4.578998,1.677158,-9.140271,6.350759,-2.381702,2.095954,-5.685806,-4.790209,3.826818,1.134501,2.679220,-3.078239,0.627242,-3.147262,2.046502,-5.869707,3.983719,2.855635,-2.542684,2.275401,0.657427,6.238220,0.974813,0.404598,0.419353,-1.150969,-9.209093,0.774328,-0.273787,-9.670330,-4.552679,2.121303,-3.381466,4.092998,3.565698,3.423951,5.421792,4.836106,4.567115,-2.594244,-0.988785,-4.387992,2.119733,-3.084926,2.534416,-1.172349,-5.297700,-1.448742,1.088394,-2.811311,3.281457,-0.775105,2.105692,1.691739,-0.710920])",ring,1199
wafer_200,"tensor([0.435310,0.536740,-0.766309,-0.667058,-1.521118,0.907889,-0.876482,-0.033775,-0.092980,4.608655,1.014565,-7.706373,6.201446,-2.082323,2.270175,-5.030966,-5.578669,3.644779,1.890205,3.238231,-3.598379,0.415786,-2.076161,1.956643,-5.336780,4.131234,0.966166,-1.686081,1.233926,-1.056544,6.607499,0.824972,0.631098,1.166675,-1.163663,-8.265127,-1.381664,0.174556,-8.976258,-3.873604,2.139262,-2.524752,3.579466,3.043477,3.046811,5.611409,3.861675,3.365771,-2.387198,-0.158946,-4.891370,1.345396,-2.822080,2.606469,-1.435210,-4.639120,-2.295226,0.987832,-1.280855,2.022258,-1.142256,1.686222,2.176772,-0.397868])",ring,1200
wafer_201,"tensor([-1.099549,2.405949,-1.472538,-3.864802,0.890800,-0.159300,-1.685264,-1.127547,1.717750,2.659699,1.236926,-7.798970,5.501946,-4.213761,-2.648443,-5.132478,-2.671389,0.444819,-2.730138,-0.239322,-2.189283,-0.210530,-5.024087,0.760504,-3.418970,2.049334,3.506361,-4.304608,1.367681,0.537873,5.685026,-2.030436,1.180589,1.661132,0.647901,-10.302265,1.956307,-0.151303,-4.872371,-5.704318,0.924095,-2.396038,1.448399,3.473952,4.154740,1.559155,2.611789,5.170313,-1.933633,-2.323776,-4.140533,2.041034,-2.966737,2.288562,-3.364874,-1.473204,-2.528470,3.370378,-6.891600,2.270073,-1.047626,2.776233,-0.416618,0.809708])",ring,1201
wafer_202,"tensor([-0.390759,2.017006,-0.364764,-2.705656,2.095711,-0.244985,-2.233309,-2.113160,2.144397,1.217705,1.756476,-9.717070,5.238290,-4.484823,-2.760880,-5.795983,-2.578143,1.825876,-4.097316,-0.100774,-0.772940,-0.164645,-5.921643,0.991851,-1.948977,1.013703,4.225201,-5.527848,3.784932,-0.023528,4.674744,-0.720202,-0.399879,0.943050,0.080897,-10.550868,2.053401,2.118174,-4.076276,-5.316461,0.670397,-1.665911,1.030877,2.304682,4.648736,0.363325,3.804786,4.658780,-2.739781,-3.212242,-4.656108,2.993778,-4.752032,2.324239,-3.057599,1.161449,-2.154781,2.904915,-8.337131,2.841508,-0.530653,3.831187,-2.297588,2.011698])",ring,1202
wafer_203,"tensor([1.019025,0.082519,1.322955,1.024696,-0.448748,0.104892,-2.466523,0.748283,0.510846,1.572801,3.095007,-13.732943,7.644731,-2.744734,2.881090,-8.025416,-6.953185,8.531219,-0.892521,4.040049,-0.795168,-1.016336,-4.039881,3.550955,-5.907107,3.369537,0.336103,-2.981414,8.395117,-1.572497,6.545666,4.579881,-2.140238,-0.850890,-3.498162,-9.190114,-2.295998,4.367662,-9.584413,-2.950206,1.554813,-0.114353,2.264050,0.670161,3.866918,4.582158,4.850099,3.735348,-2.697169,-3.188980,-6.159110,3.267899,-6.404836,3.103379,-1.384847,-2.835079,-0.442625,0.315468,-2.928403,3.332511,0.150012,5.371073,-2.432122,-0.356305])",ring,1203
wafer_204,"tensor([0.220582,0.022044,-0.918427,-0.562943,-0.313086,0.759704,-1.147213,-1.743810,0.357303,3.640637,2.093429,-10.407382,5.969548,-2.246234,1.952675,-5.614509,-5.261991,4.472974,-0.000295,2.290727,-2.066909,0.006112,-2.918184,1.721308,-4.221184,3.746455,2.379284,-2.739921,3.852740,-0.430492,6.089175,1.212541,-0.950123,0.122708,-2.495237,-8.740819,-0.115841,0.441278,-8.398203,-3.894299,1.214738,-2.851688,3.745457,3.112697,4.064613,4.192219,4.468168,3.819940,-2.328808,-1.228783,-4.979622,2.589983,-3.555865,2.476658,-1.899805,-3.247385,-1.053450,1.202685,-3.122018,2.302093,-0.995242,3.183657,0.355437,0.009766])",ring,1204
wafer_205,"tensor([1.103171,1.873264,-3.158955,-3.149118,0.092644,1.231116,-1.106840,-2.573816,0.351915,4.245107,1.167571,-6.976763,7.008979,-3.087235,-0.269026,-5.536964,-2.520636,-0.198460,1.806535,3.025163,-3.457179,0.713689,-3.582373,-0.606855,-5.214045,3.514641,5.185515,-1.818874,-1.175248,1.591016,7.167537,-1.922977,1.429808,1.506713,-1.820907,-10.287241,1.955859,-3.163014,-8.902680,-6.476743,1.482550,-7.391081,5.124941,6.861518,4.818373,5.017122,5.094879,5.029379,-2.491458,-0.034363,-4.529814,2.031915,-1.896968,2.705246,-2.310596,-6.185691,-3.681384,1.595818,-3.867633,2.044449,-1.630838,1.150656,4.053380,-1.826657])",ring,1205
wafer_206,"tensor([0.389400,1.500919,-1.837648,-3.650821,1.030659,0.055941,-1.729532,-3.160190,0.805838,1.955378,1.766596,-9.206403,6.039064,-4.680267,-2.407260,-6.684433,-2.336891,0.348518,-2.604382,1.186382,-1.665699,0.153156,-6.247891,0.536109,-3.749314,1.672444,6.115843,-4.832640,2.254867,1.398743,6.133841,-2.058164,0.411752,0.920220,-0.746479,-10.659621,2.140186,0.305087,-6.035418,-7.037462,0.591377,-5.382131,2.955091,5.323281,4.857078,2.662698,3.469159,5.952634,-1.894256,-1.722663,-4.482849,3.466123,-4.218652,3.231024,-3.658316,-3.174621,-2.841672,2.555858,-7.709364,2.792599,-0.643197,2.548655,0.524357,-0.401578])",ring,1206
wafer_207,"tensor([1.036339,1.647383,-3.058378,-3.564010,-0.038184,0.789552,-2.186194,-2.170445,-0.229156,4.397458,1.665326,-8.637138,8.038551,-4.137877,0.380237,-7.267561,-3.104703,0.594239,1.664070,3.720462,-3.760208,1.764816,-3.918284,-0.289388,-5.494628,4.676856,4.210201,-2.419312,0.742492,1.166127,8.916348,-1.043806,1.802322,1.166445,-1.614759,-10.809796,1.677242,-2.325643,-9.160969,-6.390734,0.185049,-7.004696,5.497921,7.716603,3.890543,5.914694,4.378971,5.320078,-2.687695,-0.617941,-4.377942,2.606139,-2.823178,3.212884,-2.443081,-6.917622,-3.881810,2.186128,-3.497343,2.623651,-1.311200,1.584243,3.216023,-2.498732])",ring,1207
wafer_208,"tensor([0.647681,1.052917,-2.523279,-1.832569,-0.698148,1.177509,-1.165373,-1.299474,-0.461504,4.766839,1.710226,-7.527787,6.964949,-2.188471,1.650688,-5.774025,-4.310021,1.846274,3.198457,3.472483,-3.315090,0.951862,-2.522960,0.186952,-6.391871,4.969962,2.990361,-1.086892,0.202129,0.192994,7.809931,0.362314,1.579326,0.430084,-2.130987,-9.784241,0.479368,-1.233532,-10.860028,-4.793506,0.842894,-6.394944,5.457015,6.212519,3.694746,6.033367,4.893891,3.979815,-2.768696,0.106766,-4.437292,2.450444,-2.719054,2.951310,-1.546171,-7.334715,-2.393574,1.540640,-2.639485,2.503675,-1.221942,1.463024,2.828126,-2.223433])",ring,1208
wafer_209,"tensor([-0.954811,1.258045,-1.341133,-1.992711,1.762448,-0.324895,-2.326753,-2.105862,1.859406,0.006722,1.687424,-11.042303,4.884558,-5.332620,-2.686258,-7.085166,-2.901384,3.180751,-4.792659,0.744177,-0.993865,-1.832142,-6.295050,1.693337,-3.155253,0.123462,4.173634,-5.288510,5.605796,0.034627,5.484753,0.077273,-1.537919,-0.510297,-1.153586,-10.346231,1.932600,2.896777,-5.254765,-4.772706,-0.223058,-2.321973,0.616849,2.376432,5.209547,0.655304,4.528470,5.021022,-1.855496,-4.733839,-4.928018,4.048903,-5.987257,2.628005,-2.935541,0.811207,-1.546977,1.814751,-8.710869,2.554129,0.165269,5.556010,-3.767396,1.357788])",ring,1209
wafer_210,"tensor([-0.029713,1.951779,-2.823262,-3.669168,1.152662,0.556655,-1.650349,-2.810974,0.604261,2.608805,1.292262,-8.035359,5.217727,-5.022062,-1.762518,-6.024842,-1.782786,-0.300799,-0.581343,1.789651,-2.137345,0.583606,-5.078904,0.131912,-3.555218,2.517139,4.489345,-4.100530,0.959951,1.250465,6.904994,-1.739846,1.546042,0.695976,0.097825,-10.597271,2.400399,-0.737142,-6.476540,-6.296889,0.127736,-5.319372,3.457534,6.459032,4.090862,2.486859,3.916785,4.874670,-2.030260,-0.944982,-4.137406,2.866896,-3.759820,2.559964,-2.512468,-4.074578,-2.372292,2.637476,-6.084121,1.989027,-1.081385,2.633509,1.002254,-1.196275])",random,1210
wafer_211,"tensor([1.021022,0.164724,-2.046334,-0.570882,-0.361565,1.280953,-1.159049,-2.539116,-0.699256,2.841238,2.131919,-8.213866,5.410428,-3.029847,1.773300,-6.263348,-3.798657,1.780126,2.313926,2.511377,-3.146463,0.737504,-2.535021,0.201238,-4.337166,3.891141,4.677637,-1.458508,1.160501,1.105596,5.693372,-0.294439,0.504335,0.227516,-2.363354,-7.555838,0.397935,-1.735447,-9.257364,-4.801897,0.401107,-5.401679,5.119277,5.336325,4.047676,5.839933,4.203047,4.651262,-2.854015,0.604979,-4.226443,3.391033,-1.778260,2.878000,-1.114720,-5.312882,-1.827606,0.223904,-2.515235,2.357693,-0.643556,2.421742,2.864553,-2.039849])",random,1211
wafer_212,"tensor([-0.041863,0.386438,-1.170837,-0.135526,-0.548517,0.514589,-1.784385,-0.291070,-0.690051,2.551195,2.009156,-12.672677,6.783968,-4.027714,2.070885,-8.188339,-4.675121,6.177416,-0.617984,4.014968,-1.810515,-1.028590,-4.582734,2.429939,-5.206915,3.756139,2.520039,-2.915638,6.745801,-1.278530,7.283215,3.303381,-1.064394,-1.121806,-3.054555,-10.033026,-1.119045,2.611360,-9.521045,-4.864389,-0.527309,-2.940794,2.411373,4.535290,3.475540,4.775706,5.456791,4.339514,-2.267910,-3.066416,-5.327147,3.545988,-6.485059,2.927787,-1.298555,-3.988028,-0.769425,0.627937,-3.912532,3.009532,-0.438285,4.605536,-1.401040,-1.034769])",random,1212
wafer_213,"tensor([0.201757,1.654556,-1.783702,-4.179511,1.103651,-0.561934,-2.559950,-2.613657,0.862125,1.732890,1.554922,-8.786321,5.801469,-6.076273,-3.574347,-6.768730,-1.103938,-0.719853,-2.233012,1.781589,-2.046068,0.357299,-6.146885,0.269350,-3.561565,2.308567,4.533832,-3.918304,2.580744,1.279988,5.929580,-2.871148,2.473695,0.521678,0.389437,-10.391327,2.555757,0.374415,-5.285275,-6.525554,-1.087903,-5.820552,1.847128,6.884457,4.186791,1.014754,3.844784,4.815633,-1.974199,-2.831735,-4.847907,3.627448,-4.659250,2.611969,-2.434734,-3.021340,-2.591632,2.970175,-7.696165,1.149168,-0.773219,3.295210,-0.746479,0.369397])",random,1213
wafer_214,"tensor([1.927073,0.015713,-2.696227,0.433208,-0.016449,1.817176,-0.983713,-2.932484,-1.129451,2.921747,1.929589,-8.734583,6.116748,-2.742074,2.462224,-6.725428,-3.921784,3.597726,4.093079,4.576499,-3.675177,1.137528,-2.414968,0.255534,-5.385201,4.827792,5.146746,-0.325538,1.435525,1.215230,6.843448,1.113769,-0.616117,0.082865,-3.187597,-8.621828,0.630736,-2.559236,-11.006745,-4.934404,0.920858,-7.297104,6.666443,6.371893,3.404410,8.179679,6.269637,4.806456,-2.837065,1.143233,-4.163269,4.588228,-1.450691,3.297863,-0.921932,-7.230219,-1.897373,0.000361,-0.756288,2.909097,-1.081752,0.906553,3.734414,-3.168796])",random,1214
wafer_215,"tensor([0.933028,0.108291,-1.315866,-0.689899,0.574823,0.524571,-1.349628,-3.135541,-0.938413,1.151969,2.362644,-10.418206,5.683690,-3.980232,1.022320,-7.286117,-2.868618,2.718353,-0.041971,3.651347,-2.071277,-0.235861,-3.971158,0.595708,-3.803587,3.001221,4.855280,-2.259344,3.277333,1.172788,6.396181,0.252945,-0.268815,0.274019,-3.253076,-9.768772,1.059723,-0.284242,-8.364178,-5.012584,-0.006179,-6.310861,3.950835,5.573238,3.864088,4.583446,5.560003,5.194408,-2.834079,-1.269364,-4.487488,4.372188,-3.567704,2.365878,-1.506012,-4.396637,-2.077889,0.524733,-3.989353,2.723194,-1.192471,3.255356,0.739998,-1.467902])",random,1215
wafer_216,"tensor([1.202934,1.835410,-3.882003,-3.502323,0.595184,0.381858,-1.511935,-4.142959,-0.629760,2.671987,0.495128,-7.873027,6.562922,-5.407624,-1.810596,-7.020174,-1.088506,-1.245807,1.189609,3.533825,-3.209731,1.366894,-5.880833,-0.956677,-3.488876,3.708300,6.287337,-2.194651,-0.899605,2.233875,7.444169,-3.018112,1.992563,1.117958,-1.321548,-11.400967,2.359170,-2.766913,-7.732481,-6.920964,-0.948933,-9.205098,5.104173,8.888720,4.502924,5.220333,4.935933,4.328042,-2.054206,-0.492335,-4.639492,4.600625,-2.713573,3.208443,-2.298786,-6.839429,-3.796300,2.000046,-5.755378,2.250822,-1.939971,1.261048,3.194853,-1.752225])",random,1216
wafer_217,"tensor([0.812303,1.099754,-3.382444,-2.521329,0.681918,1.232333,-1.722180,-3.575920,0.352507,2.286756,1.162123,-8.028513,5.925138,-4.393179,-1.313459,-6.444278,-1.805626,-0.026836,0.744905,2.546187,-2.714520,0.514543,-4.406136,-0.641377,-3.719850,2.861700,5.254447,-2.676118,0.516743,1.491370,6.549759,-1.607098,1.828672,0.312663,-1.150816,-9.685469,1.218733,-1.665967,-7.514614,-5.232880,-0.310933,-7.480191,4.566362,7.073121,4.015549,4.090213,4.118690,4.796184,-2.356696,-0.614799,-5.023509,4.142263,-2.971780,3.064056,-1.762884,-4.980790,-2.796662,1.792498,-4.802829,1.572602,-0.851904,2.202720,2.014071,-2.081651])",random,1217
wafer_218,"tensor([0.577105,1.628661,-2.523819,-3.677913,1.000559,0.187713,-2.192779,-3.271472,0.215353,1.812200,1.986029,-10.602046,6.433020,-6.638972,-2.797092,-8.213910,-1.029886,0.607469,-1.922630,2.688722,-2.030015,-0.379058,-7.508191,0.529180,-4.372946,1.813868,5.368949,-3.346984,3.648078,0.839881,7.858408,-1.808833,1.643957,0.355638,-0.863324,-11.443890,2.102909,0.589574,-6.203922,-6.560435,-1.586416,-6.375522,2.944577,7.106573,3.555472,2.077015,5.465173,5.354758,-1.528208,-2.552272,-5.398498,4.124641,-5.332217,3.277451,-2.263136,-3.877302,-2.610331,2.149117,-6.891771,1.827031,-0.527389,3.293999,-1.566755,-0.464348])",random,1218
wafer_219,"tensor([3.165516,-0.722332,-4.100999,0.392615,-0.431994,2.600205,-0.329236,-3.904427,-2.838507,3.947687,1.818129,-7.080647,5.058450,-2.040021,3.912419,-6.155703,-3.143300,0.941689,6.031556,5.472982,-3.817756,1.608269,-1.176410,-0.813474,-6.015074,6.311580,5.704927,-0.274771,-1.366677,2.465916,6.845612,0.300987,0.529049,0.123873,-3.770374,-6.785436,0.569463,-5.279868,-12.574684,-4.702246,0.898580,-10.359980,9.498575,8.203162,3.903420,10.259786,5.633083,4.276126,-2.701299,3.740217,-4.144712,4.623166,-0.222969,2.546161,-1.338784,-9.615087,-3.492363,0.123203,1.007091,2.367410,-2.307296,-0.291585,6.326984,-5.238762])",random,1219
wafer_220,"tensor([1.476876,-0.476294,-2.142749,-0.162076,1.831436,0.385131,-1.814805,-3.963876,-0.898069,-0.852987,3.615532,-12.480630,4.691440,-4.678623,-0.080942,-8.833101,-2.766250,3.213850,-1.247222,3.397857,-0.726337,-0.713433,-4.843410,0.525900,-3.682734,1.672150,6.707668,-3.112005,5.085280,1.131367,6.052522,1.666863,-2.694640,-0.582538,-3.819150,-9.421296,1.402344,1.439050,-7.747742,-5.001193,0.001381,-5.687935,3.898126,4.387891,4.878897,4.292491,5.499336,5.978025,-2.979563,-1.459500,-5.389133,6.575818,-4.132410,2.202172,-1.200571,-2.368185,-1.769330,0.430151,-5.466474,2.172730,-0.585577,3.705252,-0.501214,-1.836117])",random,1220
wafer_221,"tensor([1.088274,1.251014,-2.886252,-1.712145,0.601663,-0.280272,-2.415942,-2.927942,-0.229341,1.455499,1.818030,-10.310371,5.903953,-6.150057,-1.681723,-8.113296,-2.613277,1.370862,-0.384121,3.904872,-1.208346,-0.444191,-6.009489,0.764235,-3.910461,3.401858,5.136332,-2.432808,3.797127,1.139250,6.984609,-0.040686,1.270328,-0.613190,-1.847604,-10.877140,0.906367,0.567514,-7.737007,-5.910754,-1.745066,-6.382933,3.086092,6.714270,3.192155,3.389899,4.683150,4.786292,-2.105284,-2.975452,-5.555776,4.163252,-5.396504,2.476999,-1.922532,-4.780842,-1.557056,1.773054,-6.077409,2.382555,-0.094342,2.487259,-1.215901,-0.884724])",random,1221
wafer_222,"tensor([0.923866,-0.034359,-1.381335,-0.716384,1.383547,0.299436,-2.304872,-3.064572,-0.262154,-0.075316,1.685835,-10.574927,4.479346,-5.304996,-1.391791,-7.516314,-2.713752,1.869164,-1.640841,2.481532,-1.016896,-0.250420,-5.025539,1.563428,-2.815719,1.448494,4.852316,-2.536516,5.100037,1.326006,5.330139,0.268476,-0.896777,-0.911900,-1.811353,-8.971016,1.868158,1.581454,-6.543344,-4.349549,-0.686373,-4.928019,2.733767,4.956434,3.659356,2.896390,4.637893,4.822661,-1.961873,-2.590604,-4.782534,4.769736,-5.260759,2.154341,-1.291742,-2.247852,-1.255893,1.104438,-6.006322,2.121732,-0.240687,3.621083,-1.878210,-0.089971])",random,1222
wafer_223,"tensor([1.842612,0.801432,-2.884297,-2.696642,1.425822,0.301857,-2.447829,-4.046003,0.074219,1.340754,1.525359,-10.162317,5.353341,-6.348584,-1.922155,-8.224473,-1.395154,0.662109,-0.408348,3.600363,-1.881274,0.731659,-6.261843,-0.240570,-3.983296,2.923112,6.312195,-2.319722,2.426357,1.291571,7.720735,-1.804815,0.923666,0.092227,-1.669140,-11.090013,1.701419,-0.750980,-7.265065,-6.251101,-1.776008,-8.328393,3.300318,8.261303,3.646273,3.524180,5.848430,5.688399,-1.824844,-1.865500,-5.227307,4.508365,-4.462814,2.500447,-1.932294,-5.962752,-2.402521,1.644433,-6.494103,2.641061,-1.092881,2.255129,-0.273977,-1.816933])",random,1223
wafer_224,"tensor([1.764785,-1.387673,-1.796681,1.630222,-0.246285,0.889205,-1.463835,-2.709618,-2.268569,0.684118,2.517905,-11.998367,5.184072,-3.266922,2.656632,-7.861488,-4.180616,5.077613,1.768075,5.423906,-1.643779,-0.756432,-3.545592,1.922020,-5.126836,3.784082,3.541718,-0.454582,5.473774,-0.001807,6.742233,2.660038,-0.842540,-1.848468,-4.693241,-8.275678,-0.359993,1.540511,-10.577544,-3.454702,-1.144812,-6.096997,4.184639,5.220071,2.165780,6.517107,5.728341,4.377925,-2.585750,-1.162188,-6.056741,4.767240,-4.639216,2.657669,0.838493,-5.429259,-0.257608,-0.841382,-1.702634,3.042460,-0.940816,3.542848,0.286929,-2.534825])",random,1224
wafer_225,"tensor([0.852754,1.352956,-4.118730,-3.932590,2.321210,0.738092,-1.628621,-5.453464,0.441282,0.414115,1.306956,-7.147167,3.577926,-6.899894,-4.009988,-6.702046,1.246415,-2.454524,-2.380595,1.744458,-2.038236,0.733259,-6.094428,-0.829778,-1.628768,0.925745,8.040114,-3.284835,-0.113291,2.749382,5.865070,-4.547106,1.577884,0.439502,-0.295174,-9.968577,3.422931,-1.429451,-4.216998,-7.088984,-1.763562,-9.285026,3.438480,7.619067,4.744172,1.422761,4.737281,5.434743,-2.173641,-0.890762,-4.206251,5.372205,-2.335770,2.479625,-2.427466,-3.498070,-3.603879,2.588581,-8.339312,0.901768,-1.746843,2.554822,1.059760,-1.152568])",random,1225
wafer_226,"tensor([2.235896,0.438830,-3.901922,-1.782662,1.870921,0.368485,-1.349567,-5.174749,-0.817230,-0.010160,2.745031,-9.768539,4.604149,-5.113537,-2.061198,-7.415291,-0.920493,-0.223930,0.550511,3.756133,-1.881592,0.403213,-5.500954,-0.550130,-3.202986,2.446369,8.220489,-2.392656,1.403476,2.190676,6.097948,-1.794953,0.000072,0.173953,-2.205039,-9.955653,2.672747,-1.264598,-7.775378,-5.991675,-1.328035,-9.880730,5.116244,7.944391,4.947008,4.273694,5.327410,5.758320,-2.268674,-0.117410,-4.580864,5.662304,-3.197193,3.193096,-1.088756,-5.707226,-2.762000,0.744913,-5.747772,2.638706,-2.430659,1.789009,1.891294,-1.987730])",random,1226
wafer_227,"tensor([1.746897,0.379534,-3.237585,-2.111088,0.969039,0.394018,-2.306767,-5.002938,-0.999395,-1.549553,2.210370,-11.303471,4.499180,-6.403135,-2.630626,-8.209795,-1.163892,0.774357,-0.750212,3.003185,-1.824559,-0.163900,-7.053190,0.134489,-3.051258,1.612589,7.045903,-2.698147,4.019665,2.371298,5.594102,-1.153656,-0.690219,0.459200,-2.317285,-10.022803,3.002012,0.338325,-6.560789,-5.469812,-2.146085,-7.546451,3.186825,6.731807,4.257046,3.567722,4.671160,5.812551,-2.047647,-1.790741,-5.123867,5.720046,-3.909038,2.451100,-1.000013,-4.150195,-2.269459,1.224991,-6.921112,2.886738,-0.718544,3.743354,-0.315242,-1.714023])",random,1227
wafer_228,"tensor([1.406282,-0.657449,-2.316042,0.500202,0.009156,1.254357,-0.627283,-3.028272,-1.481406,0.482102,2.369081,-9.699519,4.736370,-3.734039,1.265310,-6.626130,-2.603412,2.565349,0.936323,3.888871,-2.081166,-0.713575,-3.819085,0.848799,-2.846523,2.632564,4.136003,-1.654283,3.995939,0.805726,5.563659,0.964620,-0.511262,-1.587524,-1.895438,-7.328354,-0.284204,-0.312502,-8.872551,-4.131311,-0.906063,-7.052008,3.052523,5.307527,2.463614,4.591018,5.215311,4.173087,-1.734648,-1.059540,-4.779224,4.244971,-3.760177,1.908426,-0.022536,-4.250947,-1.071133,0.442611,-1.840330,2.285684,-0.901995,2.463029,0.681258,-2.435060])",random,1228
wafer_229,"tensor([1.853271,0.402937,-2.332151,-1.252456,1.156967,0.634916,-2.025868,-4.404878,-1.400097,0.043534,2.931553,-9.943627,4.529464,-6.347640,-0.293279,-8.077327,-0.825013,1.565112,-0.426080,3.288376,-1.296825,0.502133,-5.661878,0.626366,-3.516356,1.951146,5.863962,-2.393891,3.705954,1.141208,5.925716,-0.741706,0.033331,-0.978618,-2.291409,-8.966925,2.381107,-0.218469,-7.674793,-5.207593,-1.873419,-7.990081,3.432015,7.368750,3.136114,3.623965,5.460058,4.405208,-2.172057,-1.046737,-4.388951,5.831375,-3.936839,2.798452,-0.998294,-4.720048,-1.957827,1.338463,-5.655548,2.028315,-0.690345,2.631595,-0.001380,-1.644657])",random,1229
wafer_230,"tensor([1.121390,0.422238,-1.591910,-1.939837,2.289121,-0.507557,-2.019898,-4.059401,0.218455,-2.797499,2.861674,-11.804838,2.909589,-7.024583,-3.708465,-8.780056,-1.128026,0.838000,-4.242024,1.885609,-0.190187,-1.087458,-7.090872,0.798138,-1.688972,-0.063310,6.711417,-4.176064,5.896037,1.511945,4.782379,-0.593035,-1.046821,-0.362753,-1.401150,-9.602073,2.716633,3.128349,-4.303703,-5.322774,-2.578794,-5.953177,0.415781,5.539226,3.827055,-0.427012,3.780655,5.476003,-2.449133,-3.776635,-4.719954,6.605663,-5.911072,1.660092,-1.020110,-0.146006,-1.223207,2.251382,-8.111978,1.925751,-0.665721,4.875521,-3.765191,0.313559])",random,1230
wafer_231,"tensor([1.340526,-0.557454,-3.283890,0.169024,1.356749,0.565273,-2.332745,-5.213731,-1.252235,-0.690097,2.485409,-11.009338,4.773452,-5.869511,0.330542,-7.842766,-1.460225,1.289818,1.454336,4.174003,-1.495746,0.654169,-5.205667,-0.500051,-3.736118,2.023777,7.773872,-1.764212,3.592272,1.559645,5.983083,-0.217683,-0.989337,-0.788447,-3.838272,-8.754028,2.687879,-0.752713,-8.377079,-5.192746,-1.508668,-8.901937,5.052176,6.660884,3.274183,5.154254,5.652853,6.148023,-2.076697,-1.140290,-5.269085,5.911866,-3.917651,2.873680,-1.296396,-5.102152,-1.978606,-0.013668,-4.961050,2.095745,-1.675053,2.172083,0.430568,-2.986890])",random,1231
wafer_232,"tensor([1.379010,-0.244416,-3.133360,-0.513582,1.878813,0.267293,-2.504172,-4.274301,-1.204958,-0.714474,3.030607,-12.321335,4.876780,-6.167792,-1.352404,-9.701580,-1.824996,3.564887,-0.944271,4.379415,-1.173595,0.433392,-6.618240,0.960732,-3.537475,2.067644,6.502004,-2.510407,5.867468,1.325800,6.731147,0.140240,-0.849978,-1.176744,-3.747497,-10.406101,2.139456,1.442839,-8.376650,-6.069574,-2.432815,-8.510217,3.482971,6.964279,3.838090,4.180575,5.932099,5.429550,-2.572069,-1.748344,-5.714718,6.450024,-4.772419,2.995518,0.037517,-5.175029,-1.977847,0.246398,-6.077004,2.779926,-1.284326,3.559625,-0.762230,-2.023287])",random,1232
wafer_233,"tensor([1.224246,-0.062141,-2.491067,-1.242787,1.758060,-0.188472,-2.620524,-4.870465,-1.423308,-1.046026,3.210344,-12.083531,4.908704,-7.268891,-0.675977,-9.704151,-1.475252,2.499634,-0.222927,4.379796,-0.343369,-0.363137,-7.304982,1.005970,-3.656109,1.593485,7.310104,-1.816660,4.552511,1.666558,6.927840,0.481463,-1.022214,-0.612842,-3.787460,-10.434721,1.934049,0.226310,-7.760135,-6.072184,-1.989799,-8.995366,3.586026,8.574979,3.281353,4.004813,4.509152,6.170698,-2.415897,-2.092749,-5.657238,6.539279,-5.391084,3.243903,-0.777934,-4.726301,-1.575505,0.621300,-6.368393,1.951404,-1.102366,4.027759,-1.043850,-2.177150])",random,1233
wafer_234,"tensor([2.641190,-1.926623,-2.441605,3.613129,0.444750,1.974482,-1.111553,-4.369570,-3.394207,-0.706215,3.717388,-12.259967,4.078174,-2.961063,5.220336,-8.790144,-4.233333,6.008967,2.590010,5.894424,-1.214973,0.035119,-2.913747,1.459690,-4.826865,3.497221,5.830715,0.016247,5.493995,0.940743,5.568088,4.666521,-3.442883,-1.701621,-5.840972,-6.447266,-0.394642,-0.109897,-11.984437,-2.716419,-0.250299,-7.812184,6.081241,4.462693,2.500040,7.533885,5.411796,4.340411,-2.866363,0.967649,-5.433246,7.129377,-2.571347,2.247891,1.714624,-5.179650,-0.269449,-2.001785,-1.290873,2.676638,-0.869741,3.085646,1.643328,-3.338099])",random,1234
wafer_235,"tensor([1.441588,-0.416160,-2.215408,1.035807,0.883427,0.859716,-1.669130,-4.663031,-1.681346,-1.096418,2.414894,-11.139453,3.733232,-5.341571,-0.180645,-8.142034,-1.687042,2.381459,0.117566,4.789497,-1.036454,-0.072954,-5.121370,0.059673,-3.056890,1.383925,5.985006,-1.310038,5.175675,0.895115,5.600581,1.316297,-1.641267,-1.803522,-3.978282,-7.746194,1.012678,1.097272,-8.979603,-4.717989,-1.542135,-6.948586,3.510400,5.867318,3.767833,3.934377,5.021567,4.324119,-2.912048,-1.897413,-4.376796,6.091037,-3.938884,2.305006,0.923179,-3.395930,-1.796217,0.418994,-4.664059,2.447013,-1.209125,3.797425,-0.737726,-1.972360])",random,1235
wafer_236,"tensor([1.817313,0.338177,-4.977611,-2.930912,1.396374,0.493215,-1.792181,-6.832944,-1.895032,0.186844,1.856224,-7.899934,3.536131,-6.347819,-2.142151,-7.283718,1.684014,-2.855732,1.063108,3.960887,-1.955293,1.058919,-6.419849,-2.046942,-2.575695,1.712357,8.521286,-1.420116,0.027397,3.950324,5.696515,-3.366127,1.570334,-0.523779,-2.350936,-9.114698,3.676170,-3.681869,-6.439753,-6.177265,-3.064482,-12.401046,5.835623,9.764063,3.567721,4.402093,4.888592,6.095217,-1.473699,0.705702,-3.940998,7.144183,-2.225870,2.009860,-1.024885,-6.366324,-3.160502,1.091679,-5.180666,1.283362,-1.555613,0.763382,2.632491,-3.929058])",random,1236
wafer_237,"tensor([2.072707,-1.692493,-3.525102,1.573638,1.048405,1.051951,-0.834496,-5.943659,-3.338356,-1.395565,3.247236,-10.553163,3.325772,-4.907590,0.687912,-7.698926,-1.332648,1.390934,2.220980,4.464418,-0.901695,0.511641,-4.140042,-0.282840,-3.436361,1.770616,8.017873,-1.107997,3.008778,2.602190,4.529623,1.192323,-1.478280,-1.169790,-4.156185,-6.953522,1.827978,-1.098160,-8.962517,-3.956431,-2.197458,-9.979317,5.051818,6.559241,2.720964,5.561733,5.410594,5.327159,-2.217094,1.032063,-4.918648,7.645729,-2.745518,2.510243,0.636965,-5.025494,-0.984350,-0.528388,-2.172290,2.314027,-1.308978,1.937314,1.129822,-3.258127])",random,1237
wafer_238,"tensor([1.713263,-0.538884,-2.473306,1.683187,1.689106,0.161394,-2.344460,-4.200850,-2.271591,-2.934437,3.671927,-13.703253,4.379765,-6.497473,0.763878,-9.847521,-1.694191,4.362321,-0.745696,4.895853,0.045810,-0.295736,-6.543668,1.299780,-3.156936,1.202319,6.223787,-1.296441,7.019307,1.172437,5.721155,2.238703,-3.005883,-2.285952,-5.237558,-8.813462,1.606077,2.388628,-8.713102,-4.940602,-3.306076,-8.229730,3.102534,5.829450,2.975356,3.892806,5.224610,5.145663,-2.304729,-2.068597,-5.188868,7.603186,-5.236499,2.499070,0.834655,-2.749373,-0.208338,-0.991653,-5.102047,2.747904,-1.309138,4.764494,-3.107343,-1.772022])",random,1238
wafer_239,"tensor([2.153010,-0.692141,-3.907368,0.208663,1.775452,0.926315,-1.895445,-6.736842,-2.897259,-1.525125,3.166786,-12.330590,3.797987,-5.977608,-0.360815,-10.241618,-0.864884,1.721854,1.714829,5.588962,-0.908777,0.412912,-6.112712,0.051829,-3.695250,2.279387,7.977303,-1.335049,4.297524,2.185760,6.124198,0.342395,-1.927056,-1.829697,-4.841251,-9.243754,2.632165,-0.360807,-8.973583,-6.066108,-2.895620,-10.955254,5.248049,9.107587,3.156957,5.733173,5.790999,6.470176,-1.281239,-0.585148,-5.251090,7.955983,-3.539756,2.627089,-0.317965,-5.477443,-1.501519,-0.508028,-4.852748,2.550278,-1.108632,2.480299,0.415518,-3.206827])",random,1239
wafer_240,"tensor([3.386105,-2.525750,-2.007834,4.123820,0.776239,1.195422,-0.991611,-4.405820,-4.363464,-3.006758,4.207005,-13.206424,3.324839,-4.118146,4.193930,-8.663353,-3.748675,6.174307,2.131260,6.087701,0.247807,0.233696,-3.482001,1.736091,-4.264452,2.982383,4.208724,0.747627,7.308240,0.634807,4.310384,4.490912,-3.785782,-3.236938,-7.139548,-6.093544,-0.778754,0.801172,-11.451416,-2.719286,-1.341937,-7.357822,4.709998,5.775747,1.635601,6.500799,5.879620,3.894082,-2.612457,0.721658,-5.882941,7.664393,-4.068650,1.546689,2.984014,-5.085950,0.369765,-1.846300,-0.134833,2.928815,-0.897419,3.908338,-0.425401,-3.819378])",random,1240
wafer_241,"tensor([1.569432,-1.026212,-4.192876,0.545170,3.033276,0.277932,-2.076585,-6.460510,-2.628262,-4.467623,3.774446,-12.208776,2.317514,-7.419919,-2.735401,-10.113654,0.292674,1.591691,-1.097424,4.951411,0.026813,0.475353,-8.125258,-0.060892,-2.053259,-0.570918,9.596563,-1.842723,5.474179,2.876031,4.865731,-0.041572,-2.845950,-2.396801,-4.306889,-9.208201,3.991484,1.022041,-7.120932,-5.862504,-3.807203,-11.144184,3.720075,7.706110,2.833854,2.635078,4.992405,6.692786,-1.975151,-2.261186,-5.478166,9.127835,-4.439995,2.215757,0.519316,-3.053724,-0.772823,-0.490628,-7.762004,2.837368,-1.740548,3.758385,-2.283601,-2.354213])",random,1241
wafer_242,"tensor([3.817045,-2.012064,-5.683421,2.013530,0.692737,2.821572,-0.869029,-8.633707,-5.282932,0.000921,2.802528,-8.650862,3.913662,-4.362445,3.084462,-8.424816,-0.294110,-1.193975,7.802195,9.201242,-2.421297,2.887649,-3.802656,-2.297883,-5.615638,4.485533,10.633080,2.296619,-1.420370,3.159427,7.252867,-0.576372,-0.864161,-1.700999,-6.738726,-7.570264,2.991246,-5.928832,-12.509507,-6.355072,-1.852324,-16.826295,10.903122,12.361397,2.305811,10.996784,6.612815,5.955734,-1.858372,4.600089,-4.335210,7.694435,0.328501,3.270371,1.302055,-11.370921,-3.062573,-0.608764,-0.404707,2.491046,-2.715744,-1.479873,5.743976,-7.401009])",random,1242
wafer_243,"tensor([2.570542,-0.991984,-5.284297,-0.561109,1.733843,1.153107,-2.057006,-7.356343,-3.795237,-3.047154,2.896342,-9.584470,3.060802,-6.947334,-1.077182,-9.036063,0.852518,-1.260295,2.261345,6.231806,-1.318684,1.612740,-7.801084,-1.420339,-3.405696,2.299027,9.982569,-0.550804,2.233426,3.196378,5.430390,-1.001122,-0.822337,-1.069312,-4.661031,-9.147857,4.601408,-2.335819,-7.961625,-7.373826,-3.881499,-13.742181,5.622510,11.736157,3.396410,5.781871,5.472560,5.753128,-1.135142,0.340447,-4.911984,8.223997,-2.197192,2.403725,0.963104,-6.548454,-1.927460,0.859312,-5.709845,2.479888,-1.882632,1.702546,1.215798,-4.247647])",clean,1243
wafer_244,"tensor([3.850134,-2.270235,-4.811681,1.527599,2.323744,1.321317,-1.708511,-8.143006,-3.931686,-3.459557,4.551219,-12.555223,3.321620,-6.376698,0.138326,-11.188809,-1.053560,0.857308,2.769015,7.341496,0.003052,0.851750,-7.795319,-1.186865,-3.514532,2.140222,11.445997,-0.734872,4.027328,2.755579,6.975012,0.968673,-3.709905,-1.680493,-7.518032,-9.702778,3.669874,-1.483360,-9.957945,-6.818972,-3.188848,-14.220079,6.872736,11.062606,3.474869,6.316481,6.768898,6.213264,-2.017396,0.486201,-5.426249,10.065536,-2.787715,3.414853,1.338072,-6.562852,-1.928146,-0.475653,-5.279151,3.433597,-2.321117,1.842004,1.113029,-4.066263])",clean,1244
wafer_245,"tensor([3.501804,-2.056739,-4.090641,1.846081,2.131489,1.541701,-1.222971,-8.387350,-4.389143,-4.342966,3.920894,-13.299568,2.099152,-5.602564,1.283377,-9.672432,-1.097335,2.110910,2.191925,5.931799,0.578085,1.183233,-6.100408,-1.018943,-3.334066,1.556832,10.370064,-0.056380,4.625484,3.316597,4.842552,0.702805,-3.839642,-2.468530,-6.695833,-7.682816,3.588308,-1.305740,-9.102355,-5.394921,-3.216231,-13.286406,6.809169,9.217383,2.378647,7.360927,5.976008,6.127166,-2.048052,1.267687,-5.243260,9.880291,-2.448206,2.790880,0.992222,-4.699094,-0.768502,-1.147143,-4.051564,3.148657,-2.512305,2.292951,1.421877,-3.826930])",clean,1245
wafer_246,"tensor([2.969727,-2.331473,-4.357107,1.530305,2.102473,0.959826,-1.488026,-7.756698,-3.676614,-3.887021,3.410795,-12.025412,1.921804,-6.827464,0.177504,-9.485000,0.514980,0.856947,1.980226,6.265764,-0.063130,0.746101,-7.310702,-1.201061,-2.520482,0.606185,9.935157,-0.142889,4.258667,2.621484,5.388252,-0.122086,-3.026975,-2.168819,-5.703112,-8.271751,3.575236,-0.792559,-9.378462,-5.253134,-3.357771,-12.929436,6.125660,9.274782,2.163949,5.288568,5.544295,6.505423,-2.558976,0.234684,-5.150986,9.563089,-2.824956,2.421506,1.093688,-5.013548,-1.640909,-0.855674,-4.419776,2.856920,-1.891423,2.362300,0.687313,-3.333359])",clean,1246
wafer_247,"tensor([2.260532,-1.657998,-4.598821,0.493484,3.040788,0.842759,-2.333099,-8.506273,-3.050936,-4.949806,4.121485,-11.413464,1.126530,-7.355013,-2.168500,-9.477134,0.949063,-0.301688,-0.044085,4.691639,0.905127,0.394156,-8.090926,-1.372945,-1.789598,-0.356388,11.628522,-0.847242,4.068862,3.246378,4.246207,-0.740291,-3.045087,-1.408080,-4.834574,-8.251323,4.940613,-1.362237,-7.087886,-7.320531,-4.244094,-14.010296,5.471845,8.970758,2.902239,4.809235,5.683927,7.587811,-2.143078,0.368753,-4.365507,10.224912,-3.121173,1.962151,1.453613,-4.006706,-1.903739,0.555642,-6.598667,2.402453,-2.426202,2.041958,-0.006643,-2.754383])",clean,1247
wafer_248,"tensor([2.943837,-1.536686,-4.693184,-0.229157,2.912536,0.636634,-2.357485,-8.773871,-2.814013,-4.236850,3.070658,-10.831281,0.749348,-8.446673,-1.582990,-8.780257,1.171673,-0.764930,0.712171,4.802518,0.011924,1.092325,-7.170871,-1.271133,-1.557477,0.251546,11.728241,-1.630888,2.416107,4.139438,4.690224,-2.203637,-2.319896,-2.078338,-4.457979,-8.545189,5.442600,-1.073296,-7.418339,-6.224302,-3.413935,-13.530812,5.919463,10.987162,3.162368,4.060962,5.588063,6.523239,-1.685691,0.049311,-4.614043,9.570338,-3.227288,2.059915,0.934353,-4.120692,-2.238504,-0.058745,-6.410731,2.566925,-2.179193,1.899131,0.639808,-2.887577])",clean,1248
wafer_249,"tensor([3.515230,-2.091973,-3.759372,2.377503,1.519982,0.477894,-0.879865,-8.042127,-4.366512,-3.699278,3.248763,-11.816249,2.366745,-6.321670,1.093008,-9.546169,-0.793873,1.475679,2.587005,6.392954,-0.063530,0.764526,-6.093981,-0.407493,-3.112454,1.788957,8.996542,1.066374,4.350912,2.943205,4.868180,1.104647,-2.389758,-2.492233,-6.066199,-7.874129,3.299401,-0.744973,-10.203573,-5.415507,-3.438171,-13.319572,6.507707,9.595746,2.010694,7.514691,6.042743,6.334659,-2.114824,0.442503,-4.810381,8.867628,-2.739765,1.954491,2.445480,-5.972224,-0.332409,-1.649455,-3.205283,3.320255,-2.162713,1.895059,1.477956,-4.310687])",clean,1249
wafer_250,"tensor([4.099074,-2.367149,-6.005957,1.263396,2.192018,1.526942,-1.575314,-9.147326,-4.557384,-2.825020,3.655346,-9.809444,2.099188,-6.026558,0.505840,-9.946620,0.563201,-1.104897,4.168418,6.686614,-0.717057,1.372475,-7.242247,-1.919511,-3.500125,1.924127,11.795369,0.729137,0.778319,4.211406,4.937121,-0.644240,-2.483769,-1.538589,-5.938214,-7.614161,5.191200,-3.632823,-10.425679,-6.624494,-2.675822,-16.568110,8.187850,12.157202,2.487749,8.028135,6.917009,6.576009,-1.494663,1.914169,-5.158177,10.463909,-0.423316,3.057393,1.052191,-7.065141,-2.187939,-1.211973,-3.792273,2.764167,-2.574976,0.177602,3.359040,-5.287757])",clean,1250
wafer_251,"tensor([4.058490,-4.027804,-2.339544,5.739168,2.569654,0.497132,-2.108519,-6.087684,-4.000052,-7.226466,5.152396,-16.616381,1.182762,-6.257373,3.126656,-10.918061,-3.278611,7.065657,-0.056299,6.954947,2.156786,-0.747993,-6.392042,1.428860,-3.018725,0.438439,9.423703,-0.133150,10.759121,1.859713,4.520153,5.116888,-7.498443,-3.193665,-8.332314,-6.576644,1.567403,3.279948,-10.299625,-4.164588,-2.511695,-9.512439,4.297983,4.780637,2.418835,6.630828,6.655886,6.059894,-2.674196,-1.403924,-6.246520,11.618422,-5.186560,1.848950,2.973519,-1.452234,1.535788,-3.100521,-3.838676,4.528875,-2.217973,4.528530,-2.950901,-2.661296])",clean,1251
wafer_252,"tensor([3.564562,-4.841148,-1.628654,6.227313,1.757948,0.884791,-1.619291,-6.306410,-4.639116,-6.319198,5.462356,-16.118137,1.759093,-4.347188,4.293115,-10.871248,-3.931314,7.860510,2.399443,8.178821,1.619430,-0.151425,-5.021956,1.609044,-4.046394,1.798311,7.727254,0.908971,9.432912,0.695866,4.639565,6.433764,-6.397978,-3.955795,-8.966066,-5.552153,1.073354,2.526511,-11.594412,-2.710959,-2.936966,-10.552049,5.082141,5.837203,1.583067,7.710503,7.179243,5.296067,-2.464644,-0.417201,-6.683949,9.550888,-4.873925,1.826309,3.804462,-2.963555,1.902515,-3.435150,-2.558471,3.807799,-1.805521,4.365470,-1.610858,-3.175259])",clean,1252
wafer_253,"tensor([2.613582,-2.218546,-3.235408,1.399198,2.907019,-0.396428,-2.670456,-9.024205,-2.467665,-6.626325,4.195446,-14.288495,1.935497,-8.932645,-1.948421,-11.061447,-0.277447,1.664101,-1.362259,5.596752,1.848974,0.244420,-9.865642,-0.045702,-1.733271,-0.478389,11.536254,-2.421257,7.023127,2.571984,4.330334,0.796760,-4.848124,-2.202289,-6.389644,-9.450528,4.746988,1.654171,-7.768342,-7.118956,-4.567489,-12.388892,3.865735,8.663903,2.836918,2.878678,5.653851,7.238041,-1.811296,-2.039936,-6.067139,10.378277,-4.858228,2.733688,1.477621,-1.511959,-0.563873,-0.467509,-7.675423,3.118678,-1.763382,4.078013,-2.738175,-2.006112])",clean,1253
wafer_254,"tensor([4.062009,-3.500693,-3.315030,5.255032,2.252610,1.317564,-1.101219,-8.094275,-4.742986,-5.464509,4.707207,-13.257634,1.154991,-4.773913,3.911139,-9.919982,-1.624690,4.001746,2.817726,7.919045,1.300011,0.343388,-5.146544,-0.146314,-3.531400,1.440049,11.249523,0.861399,5.787861,3.248444,3.833159,3.561862,-5.253146,-2.775155,-8.324806,-6.114253,2.586707,-0.701000,-11.489566,-4.364543,-2.070742,-13.655988,7.114867,7.687442,2.313592,8.291194,6.376130,6.249530,-1.786180,1.600491,-5.398072,11.285699,-2.720444,1.878825,3.837902,-4.195988,-0.073493,-2.801827,-1.624831,3.582549,-1.683684,2.483297,0.998378,-4.311912])",clean,1254
wafer_255,"tensor([4.018370,-3.921647,-5.198256,3.770758,2.793529,1.550299,-0.652372,-9.514725,-5.283262,-4.816858,4.856710,-12.709031,1.265029,-4.864452,3.144581,-10.507079,-0.971266,1.906838,3.161883,7.811261,0.243994,1.326940,-5.975352,-1.404494,-3.531814,2.119896,13.042361,0.595630,4.548106,3.402596,4.666177,1.509635,-5.490011,-1.872991,-8.754972,-6.648537,4.546138,-2.365493,-11.826523,-6.145798,-2.485457,-15.634896,8.685865,9.493765,2.984388,9.110648,6.577238,7.057906,-2.445028,1.989342,-5.383546,11.336930,-1.342309,2.565403,2.816372,-5.231873,-0.484372,-2.857270,-2.549130,3.641368,-3.682249,1.391387,2.357339,-4.493841])",clean,1255
wafer_256,"tensor([2.800890,-2.859108,-1.724248,3.653541,3.497533,-0.963598,-2.309841,-7.050904,-3.305421,-7.956092,5.243306,-17.222503,1.233127,-7.968572,0.404988,-11.877194,-1.875030,5.335881,-2.793266,5.190528,2.825441,-1.260124,-9.126719,1.610417,-2.053733,-1.288797,9.894841,-1.301099,11.077355,0.988023,4.733717,3.798905,-6.328955,-4.022260,-7.050237,-7.737876,3.673753,4.571024,-7.503395,-5.062205,-4.223828,-9.947100,2.631647,6.546366,2.037530,3.047409,5.631695,7.206451,-2.131326,-3.037996,-6.797886,10.757865,-7.710999,2.712552,2.950836,0.074930,1.004995,-1.450958,-7.296209,3.958643,-1.670714,5.514676,-4.980965,-0.846658])",clean,1256
wafer_257,"tensor([4.795315,-3.084487,-4.285554,4.463592,1.849187,1.908310,-0.719019,-8.772730,-5.761777,-4.377131,4.886457,-13.021300,2.103444,-5.257205,4.059022,-10.490599,-1.470180,3.795184,5.884158,8.951251,-0.689912,1.296799,-4.896901,-0.525217,-4.448068,2.932452,11.006656,2.003713,4.580049,3.148561,4.870714,2.711446,-4.986483,-2.418314,-8.275493,-6.840363,3.305300,-1.648740,-12.894657,-5.666785,-2.588992,-15.305590,9.159710,10.207738,1.825524,9.877818,7.347061,6.100429,-2.567186,2.224453,-5.580089,10.880377,-1.938211,2.799002,3.550109,-6.801475,-0.309004,-2.745758,-1.284153,3.560355,-2.688084,1.107569,2.985256,-4.909265])",clean,1257
wafer_258,"tensor([3.322602,-3.709584,-3.101953,3.219711,3.509085,0.176917,-2.431592,-8.219885,-4.025954,-8.391930,4.829426,-15.700372,0.378547,-7.644395,-0.155323,-11.032217,-1.025902,3.547517,-1.974152,5.249590,2.480094,-0.232964,-9.081951,0.322224,-1.522547,-1.621072,11.908267,-1.632345,8.947844,1.884030,3.952315,2.500091,-6.547245,-3.380777,-6.770277,-8.155606,4.438053,3.187704,-8.460323,-5.920523,-3.866155,-11.353949,4.517129,6.955369,2.337737,4.320554,6.530812,7.554113,-1.794956,-2.084209,-5.810463,11.257911,-4.532082,2.075309,2.441497,-0.156560,0.269559,-1.520725,-7.348969,4.361365,-1.829706,4.123772,-3.058784,-1.708767])",clean,1258
wafer_259,"tensor([3.448398,-3.671050,-3.324985,4.113730,1.565222,1.034578,-1.755110,-7.920687,-4.987990,-5.125531,4.328712,-13.750280,2.217050,-5.961305,2.533774,-11.329284,-2.168092,4.305621,2.637476,8.407642,1.065533,0.810567,-6.163063,0.605346,-3.664384,1.867448,9.445577,1.052243,6.649420,1.879050,4.410675,2.579297,-4.129931,-3.598873,-7.661573,-6.892099,2.512941,0.788989,-11.468924,-4.639936,-3.723032,-13.018439,6.034374,8.130094,1.398035,7.457927,7.485427,6.217657,-2.235986,0.370288,-6.045373,10.549242,-4.095546,1.484148,3.193710,-4.660639,0.446722,-1.930432,-3.269196,3.668790,-2.394599,3.308814,-0.427785,-3.726048])",clean,1259
wafer_260,"tensor([4.567555,-4.346845,-4.258625,4.979423,1.642167,1.542730,-1.237689,-8.521134,-5.558517,-4.975691,4.955064,-12.880106,2.006166,-5.044522,3.604164,-10.678481,-1.365168,2.999167,3.714729,8.431653,-0.045435,2.219773,-5.443540,-1.144771,-4.185131,2.504014,11.669112,1.541052,4.214067,2.572716,4.054611,2.652193,-4.254324,-3.019248,-9.265599,-6.459277,3.506409,-2.290863,-12.590793,-5.831116,-2.394607,-15.275756,9.389627,8.137277,2.325221,9.855684,6.269527,6.125566,-2.269585,1.816620,-5.568172,10.754087,-1.576824,2.643120,3.055590,-6.328330,-0.752005,-2.472624,-1.613210,3.848687,-2.459028,0.728057,2.244589,-3.934270])",clean,1260
wafer_261,"tensor([4.770743,-4.391781,-4.766354,3.786793,3.282926,2.090577,-0.607615,-10.710753,-5.388771,-6.348201,5.558491,-13.383953,0.075197,-4.560695,3.016058,-10.285312,-1.184080,2.235059,2.669878,7.240338,0.281760,1.433008,-6.196000,-1.899306,-2.579995,0.725104,14.693599,0.528117,4.108953,4.340497,3.913000,2.128909,-6.489492,-2.503783,-8.819722,-6.917691,5.389514,-1.725984,-11.244784,-6.299392,-2.344660,-16.451183,9.369251,8.843876,3.409395,9.277677,7.551759,7.258158,-2.246404,2.337593,-5.331984,13.047809,-0.697405,2.397314,2.330967,-4.364165,-0.239724,-3.273785,-3.517691,3.411544,-3.650407,0.817736,2.239260,-4.410297])",clean,1261
wafer_262,"tensor([4.468101,-4.550225,-4.013099,4.813972,2.408600,1.699423,-0.946140,-9.743653,-5.156087,-5.290191,4.980180,-13.474842,0.841163,-4.882849,3.047402,-10.463246,-0.862948,3.074075,2.948584,8.088332,0.707375,1.163992,-6.387756,-0.902068,-2.835440,1.689709,12.622366,0.706971,5.347763,2.632285,3.767858,2.421781,-5.994987,-2.710609,-8.558656,-6.178541,4.259974,-0.793702,-11.788959,-4.891056,-2.864936,-14.424132,7.998743,8.518288,2.172690,8.291159,6.301824,6.533806,-2.129419,1.430335,-5.404627,11.981187,-2.085640,1.845198,3.351673,-3.903856,0.229801,-2.934220,-3.080173,3.939958,-1.971089,2.002180,1.509536,-3.908683])",clean,1262
wafer_263,"tensor([3.721789,-3.223689,-4.993461,3.091529,3.616913,0.673552,-0.628496,-10.535990,-4.266124,-6.773626,4.991300,-13.154398,0.010020,-6.931985,0.204071,-10.700129,0.331048,0.540781,0.900124,6.072168,0.657383,1.847153,-7.917599,-1.703954,-1.856022,0.142717,15.216305,-0.883769,3.878372,3.812485,3.576451,0.464729,-6.262918,-1.422536,-7.706657,-7.562045,6.001839,-1.101719,-9.604160,-7.293823,-2.718926,-16.212655,7.732957,9.760023,3.077202,7.296354,7.175251,7.709779,-1.959373,1.300232,-5.236865,12.624087,-1.906630,1.844861,2.025794,-3.882501,-1.254123,-1.413554,-5.553004,4.032137,-2.800926,1.918194,1.041924,-3.150209])",clean,1263
wafer_264,"tensor([3.186670,-1.526719,-5.818395,-0.792603,2.740085,-0.277154,-2.398277,-10.856082,-2.563397,-5.138530,3.776841,-11.275545,1.898572,-9.312925,-3.342659,-11.959524,2.663056,-2.868635,1.173247,6.100036,0.436183,1.702208,-10.835471,-2.014162,-1.614990,0.389839,15.326135,-0.827082,2.143674,4.736663,4.903739,-3.680316,-2.666133,-1.476183,-6.517494,-10.791960,8.100582,-2.453077,-7.713115,-9.896715,-4.446189,-17.614777,7.928993,13.701629,3.725759,5.792648,6.275647,8.372138,-1.307803,0.130628,-5.284973,11.680556,-2.760998,3.016429,0.668408,-4.972444,-2.062881,0.006892,-8.715291,3.360235,-3.857080,1.097540,1.003474,-3.242897])",clean,1264
wafer_265,"tensor([3.002495,-2.760141,-3.729689,2.313652,2.866731,-0.006933,-1.885334,-8.771902,-3.045173,-6.714955,4.299799,-13.967149,0.987356,-7.337705,-1.305452,-11.326372,0.309294,1.193029,-0.874224,5.454315,1.610776,1.091239,-9.669253,-0.474931,-1.685302,-1.073919,11.675003,-0.769619,5.408446,2.859834,2.691062,0.149244,-4.232029,-2.476257,-6.586668,-8.592734,5.407691,1.317800,-8.369684,-6.714264,-4.185662,-13.835604,4.472127,9.995065,2.057418,4.427049,6.454355,6.826582,-1.310923,-1.778033,-5.969999,11.337548,-4.316580,2.306246,2.162253,-1.735189,0.109312,-0.831830,-7.597740,3.698481,-2.473284,3.255993,-1.386282,-1.837061])",clean,1265
wafer_266,"tensor([3.826433,-2.633323,-4.923950,1.629616,3.129011,0.259021,-1.721183,-10.842738,-4.355782,-6.102570,4.163408,-12.761261,1.512900,-7.202314,-0.053543,-11.266457,0.465253,-0.189782,0.816239,6.334591,1.235772,1.689854,-9.034181,-2.080434,-2.872253,0.022826,14.898045,-0.288721,3.786535,4.563812,3.448591,-0.341397,-4.491084,-1.957213,-7.104769,-9.225095,7.265074,-1.914449,-9.720487,-7.953938,-3.588279,-17.670115,7.988433,11.391563,3.834806,7.016171,6.698945,8.467512,-1.914405,0.776155,-6.289460,12.392563,-1.858414,3.547043,1.947323,-4.107830,-1.209619,-1.168445,-7.135511,3.702264,-2.662317,1.405382,1.308608,-3.374597])",clean,1266
wafer_267,"tensor([4.114980,-5.062854,-2.844568,5.599500,3.307114,1.057308,-0.967694,-9.005556,-4.786336,-7.798886,6.300717,-15.534649,-0.429869,-4.791064,3.477416,-10.571614,-2.088431,3.952257,0.214905,6.680846,2.107243,0.500495,-6.105067,0.053796,-1.902488,-1.012994,12.935072,-0.243320,7.959449,2.980822,2.078892,4.841449,-8.421194,-3.156056,-9.285549,-4.914374,4.718645,1.012878,-10.677346,-4.778435,-2.285169,-12.431385,6.869367,5.358696,2.613175,7.694507,6.618749,7.174674,-2.275829,0.948003,-5.635486,12.732152,-2.401674,1.383354,4.162736,-0.474545,1.456288,-3.849994,-3.938015,3.668997,-2.543638,3.228723,0.089383,-1.505170])",clean,1267
wafer_268,"tensor([4.493040,-3.881462,-4.114240,4.352002,2.749281,1.049852,-1.132474,-10.319422,-4.480096,-7.365684,5.500970,-14.079439,0.238566,-5.480896,2.631931,-11.831188,-1.272123,2.247832,1.261121,6.580950,1.449752,1.031918,-7.539836,-1.351424,-2.292019,-0.319794,14.302751,-0.055297,5.804625,3.943271,2.479644,2.008600,-6.903668,-2.925450,-9.275569,-6.425486,6.040362,0.095232,-11.105518,-6.609938,-2.954500,-15.858731,8.062816,7.819745,3.414908,7.761010,6.587306,7.689543,-2.595793,1.333109,-5.813053,13.118777,-1.673916,2.285211,2.947919,-2.605671,0.343695,-2.894000,-4.865348,3.916613,-3.192457,1.783725,1.279386,-2.552283])",clean,1268
wafer_269,"tensor([4.124799,-2.730046,-4.643944,3.477606,2.971152,-0.058837,-1.756820,-9.236621,-4.279328,-7.444677,4.914762,-14.097515,0.425361,-6.754783,0.959286,-11.099179,-0.830591,2.869290,0.596289,6.596880,2.122552,1.191758,-8.420072,-0.785794,-2.318304,0.351413,13.072135,0.347556,6.114433,3.187439,4.135785,1.780644,-6.405691,-2.446043,-8.439569,-8.283016,5.671266,-0.409074,-10.402493,-6.696107,-3.519627,-14.624456,7.222130,9.331057,2.662905,6.925517,7.025468,8.162307,-1.793429,0.274783,-5.907152,12.256869,-3.392529,3.398044,3.015160,-2.593957,0.135064,-1.869559,-5.236517,4.036338,-2.829546,2.396318,-0.444952,-2.185808])",clean,1269
wafer_270,"tensor([4.746887,-4.351187,-3.770169,3.965466,2.832089,0.873372,-1.038452,-9.681517,-4.710937,-8.322983,5.794145,-14.824721,0.254279,-5.774887,2.343945,-11.329183,-1.487209,2.867946,0.713683,6.183685,1.854755,0.869290,-7.033720,-0.433796,-1.991668,-0.935492,14.191964,-0.048660,6.055464,3.800471,2.748516,1.803088,-7.372657,-2.663234,-8.656318,-6.463893,5.282912,0.671660,-9.860177,-7.134550,-2.807037,-14.993533,7.605360,7.261257,2.918601,7.451630,6.642988,7.424958,-2.388028,0.308835,-4.751680,12.612014,-2.309151,2.326706,3.202669,-1.681282,0.150210,-3.000292,-5.682957,4.487831,-3.078930,2.533402,0.776225,-1.785841])",clean,1270
wafer_271,"tensor([3.954059,-3.158871,-4.419476,3.056970,2.950929,0.159192,-1.410506,-9.426793,-3.912175,-6.328230,4.757243,-14.933499,1.874380,-6.750134,0.710793,-11.753679,-0.403994,1.293598,1.985833,7.008085,1.269464,1.466083,-9.708393,-1.168926,-2.798056,0.166662,14.224475,0.542035,5.639726,3.388241,4.125010,0.635491,-5.167389,-2.107752,-9.011655,-8.802482,6.477421,-0.584826,-11.072383,-7.969739,-4.264351,-16.636138,8.308015,10.647387,3.055081,7.289222,6.946046,7.717855,-1.404277,-0.229834,-6.338432,12.588227,-2.594035,3.065676,2.792405,-3.974507,0.049052,-1.574124,-6.521222,3.574526,-3.142839,2.022438,-0.006760,-2.790802])",clean,1271
wafer_272,"tensor([5.143276,-5.206250,-3.932268,6.919075,2.185421,0.604848,-0.170857,-9.136122,-5.831482,-7.009393,6.062752,-15.794037,1.763089,-5.093882,4.698522,-11.679368,-2.678042,5.059086,3.711857,8.173909,1.949607,1.464850,-7.052061,-0.251852,-3.376024,1.832633,12.865306,1.827579,6.318225,2.847738,3.234820,4.439682,-8.075037,-2.533907,-10.973381,-6.815143,4.768446,0.146119,-13.066137,-6.146864,-2.085591,-15.471064,9.341197,8.693284,2.682173,10.625068,8.025796,7.332116,-2.759504,1.525395,-6.315802,12.638164,-2.296693,2.501926,4.266387,-4.004148,0.300574,-3.652507,-2.840721,5.008757,-4.069650,2.245735,1.434047,-3.142270])",clean,1272
wafer_273,"tensor([3.238278,-2.435709,-4.590849,0.799992,3.875423,-0.368175,-2.031730,-10.846720,-2.679249,-8.162987,5.043608,-14.235449,0.564455,-8.542898,-3.397246,-11.413792,1.491329,-1.273215,-2.832097,4.567509,2.401040,1.321405,-10.887516,-1.523270,-1.580329,-2.215490,14.788268,-2.671277,5.210793,4.408930,3.336099,-2.100000,-4.781331,-1.872018,-6.363140,-9.613965,8.910180,0.612084,-6.411576,-9.196867,-4.527119,-15.455792,5.620996,10.778217,3.612556,3.496576,6.226227,8.620718,-1.657133,-1.741385,-5.802663,12.887923,-3.794212,2.442370,1.899936,-0.343535,-0.682973,-0.746741,-10.120474,3.458925,-3.512906,2.600962,-1.261474,-0.971454])",clean,1273
wafer_274,"tensor([4.415597,-5.184621,-1.014632,8.343038,2.385437,-0.120140,-1.201197,-7.532877,-5.408594,-9.371649,6.289825,-19.050532,0.536674,-4.930609,5.159846,-12.307740,-4.219218,9.566165,-0.352969,7.941382,3.012529,-0.084894,-7.080286,1.940189,-2.629748,0.299880,10.291176,1.158172,12.140529,1.207706,2.022343,7.333441,-9.369470,-4.122125,-11.257473,-5.508216,2.879453,4.555600,-13.063122,-4.033871,-2.813593,-11.037491,6.198282,4.689807,1.497336,8.079842,7.362305,7.179426,-2.812919,-0.938905,-7.647960,12.502044,-5.305534,2.375442,5.540697,0.411468,3.030526,-4.634371,-3.135239,5.608523,-1.692109,4.329099,-2.838630,-0.530126])",clean,1274
wafer_275,"tensor([4.724400,-3.402589,-4.901223,3.743642,2.525852,1.195858,-0.812178,-10.502515,-4.980615,-6.113669,4.954931,-12.771932,0.256118,-6.582701,1.431560,-10.909463,-0.413583,0.176527,2.738327,7.504413,0.500900,2.416267,-7.315517,-2.343814,-2.408098,0.503806,14.951698,1.055234,3.019118,4.052277,3.046305,0.226344,-5.589564,-2.522279,-9.047580,-7.074633,7.176141,-3.128517,-10.880637,-8.143409,-2.704107,-18.360021,9.805137,10.172917,3.939744,8.996604,7.209824,8.007486,-2.300795,2.070448,-5.343567,12.672513,-0.838545,2.623776,3.570724,-3.990668,-1.270050,-2.089528,-4.661715,4.017526,-3.765336,1.163978,3.240914,-3.062236])",clean,1275
wafer_276,"tensor([4.359952,-3.101837,-5.355673,1.623367,3.479667,-0.136631,-1.432585,-11.489016,-4.414283,-7.369604,4.947084,-13.499787,0.515154,-7.170411,-0.167410,-12.909036,-0.069554,-0.703824,-0.560782,6.598400,1.082095,2.302415,-9.750006,-2.101793,-2.001716,-0.671114,17.345525,-1.262257,4.679686,4.503571,3.015755,-0.694683,-6.622455,-1.980715,-8.005005,-8.827794,9.165200,-0.777208,-9.287571,-8.448148,-3.166179,-18.067981,8.837026,10.040088,4.472841,7.221949,7.103903,8.836266,-2.872375,0.483785,-5.936525,13.201024,-1.632439,3.536086,2.046241,-2.044714,-0.334619,-1.114170,-8.204463,4.226551,-4.056587,1.822685,1.460373,-2.188541])",clean,1276
wafer_277,"tensor([5.527125,-4.698598,-4.261528,6.140694,3.348407,1.516387,-0.683557,-11.565466,-5.983989,-7.769586,6.033214,-15.705087,0.228618,-3.821006,4.437573,-12.626868,-2.643270,3.917059,2.216022,8.017064,1.934933,1.857122,-7.670344,-0.761617,-2.550005,0.281605,17.083360,0.982931,5.790972,3.787947,2.546421,2.794146,-9.135390,-2.143060,-11.480668,-6.832203,7.600085,-0.671204,-13.236937,-7.365142,-2.228143,-17.194459,11.345798,7.384142,3.660524,10.542374,7.751538,8.464436,-3.731115,2.248929,-6.127917,14.817347,-1.059084,3.348370,3.056282,-1.771168,0.671045,-4.418646,-4.529493,5.906775,-3.728193,0.808359,1.851850,-2.584300])",clean,1277
wafer_278,"tensor([4.336491,-2.400558,-4.866338,0.868206,3.749298,0.321181,-1.498795,-11.740488,-3.959095,-7.450706,4.254289,-12.952124,1.152364,-8.265183,-1.203722,-11.773399,0.756593,-2.468445,0.729051,6.017523,1.176142,2.295577,-10.230307,-2.848025,-2.450975,-0.692527,17.711788,-0.134788,1.983834,4.818826,3.325027,-1.359277,-5.609561,-1.658952,-8.030040,-9.721291,8.998617,-2.707436,-9.655327,-9.764383,-4.008477,-19.042631,9.407738,12.355992,3.917615,7.276608,6.467347,9.386048,-2.346326,0.418082,-5.491156,13.170100,-1.656945,3.319664,1.926225,-3.517988,-1.509523,-1.158849,-8.517612,4.412131,-4.358070,0.049729,1.906598,-2.271570])",clean,1278
wafer_279,"tensor([5.767558,-5.405286,-4.082303,5.667589,2.721386,1.745432,-0.223981,-10.409567,-6.722882,-5.866526,6.398810,-14.708371,2.220416,-5.103132,6.287002,-12.037379,-2.454123,3.233893,5.458783,9.659941,0.070923,2.199300,-6.082945,-1.199941,-4.296316,2.531146,15.171812,2.082415,4.381402,4.074113,4.128895,2.976305,-7.460213,-2.603047,-10.985078,-7.645786,6.254948,-2.925210,-14.938269,-7.609697,-1.793219,-18.948260,12.063276,10.204581,3.151548,12.831414,8.644990,8.193619,-2.342921,3.475154,-6.928568,13.220193,-0.658481,3.117576,3.778039,-5.952245,-0.365081,-3.095544,-2.132819,4.924257,-4.295060,0.270492,4.018917,-4.009751])",clean,1279
wafer_280,"tensor([5.509347,-4.199005,-4.716561,4.498964,3.189007,0.995908,-0.224896,-11.744825,-5.952512,-6.487394,6.579525,-14.717274,1.395416,-4.470673,3.984028,-12.094319,-1.663552,1.092423,4.106284,8.155376,0.911668,2.905573,-7.346391,-1.696169,-3.861470,1.630583,16.312778,1.948446,3.215227,4.208041,4.153308,1.872648,-6.805770,-2.257397,-10.590580,-8.085532,7.940633,-3.575093,-14.248189,-9.299406,-2.090180,-19.648421,12.216125,11.099165,3.293117,11.916572,8.696276,9.407783,-2.030469,2.347670,-5.997279,13.961362,-0.647229,3.831503,4.056807,-4.524670,0.076467,-2.833080,-4.130405,4.961137,-4.257185,0.316611,4.172987,-3.160073])",clean,1280
wafer_281,"tensor([6.266225,-6.313310,-2.745627,8.721802,1.418200,1.026969,-0.029025,-8.770844,-6.439631,-6.742201,6.459332,-17.200231,1.673824,-2.142418,8.954404,-11.744227,-5.884715,6.724743,4.989012,10.145690,1.592789,2.361458,-4.773883,0.199691,-4.705929,2.762891,12.455764,2.656759,7.277640,1.628531,2.842993,6.503026,-8.835057,-3.481459,-12.295048,-4.922595,4.802631,-0.470962,-16.762888,-6.348965,-0.884729,-15.783992,11.683129,7.366083,2.170543,13.441923,8.379587,6.997205,-3.662198,2.793686,-7.126391,13.289029,-2.334888,2.601575,6.001397,-4.342183,1.805144,-4.524303,0.313264,5.369829,-4.167336,1.600891,3.382774,-2.949777])",clean,1281
wafer_282,"tensor([4.101435,-3.172426,-4.389060,2.478220,3.307340,-0.502262,-1.045660,-11.237429,-3.486885,-7.461395,4.436421,-13.910823,0.224569,-7.176798,-1.268424,-11.308087,0.009832,-1.412095,-0.554051,5.730358,1.628434,2.137516,-9.877500,-2.116985,-1.147667,-1.162724,16.846111,-0.720201,3.986124,4.093564,2.352931,-1.069433,-5.404551,-1.926758,-7.896174,-8.017688,8.995445,-0.175955,-9.487350,-9.110685,-3.405469,-17.797750,8.376059,10.141597,3.874255,5.982018,6.860844,9.101719,-1.964198,0.211637,-5.863382,13.773927,-2.416019,3.234973,2.732037,-1.181086,-0.087552,-0.832550,-8.707690,4.834646,-4.437245,1.461917,1.215956,-0.713107])",clean,1282
wafer_283,"tensor([5.071263,-5.201526,-3.826124,6.370109,2.723808,0.982620,-0.650708,-10.082184,-5.809443,-7.351542,6.626173,-17.024480,1.004918,-4.631359,5.647178,-13.147927,-3.989808,5.127243,2.676264,8.817373,1.871254,1.732194,-7.720607,0.117666,-3.847105,1.423271,14.486429,2.357432,7.610442,3.093685,2.926220,4.661756,-8.375720,-2.539709,-11.555053,-7.666829,6.398107,0.064209,-15.204109,-6.784779,-2.568575,-16.797062,11.011222,8.300056,2.784690,10.679173,8.490867,8.159396,-2.321475,1.167641,-7.347220,13.844119,-2.735894,4.158132,5.068674,-3.089108,1.013108,-3.972705,-4.269937,6.223376,-4.180853,2.451543,1.942950,-1.491721])",clean,1283
wafer_284,"tensor([5.827742,-4.436215,-3.932584,5.926826,3.391006,1.026911,0.255396,-11.869531,-5.512898,-6.843317,5.647871,-13.503876,-0.269353,-4.471778,4.330556,-10.549178,-2.022813,1.135439,3.036530,6.632886,1.981976,2.823153,-6.464475,-2.035545,-2.047014,1.177132,16.775984,1.631578,3.176284,5.412748,1.489450,2.144206,-7.227130,-1.898811,-9.999484,-5.661253,7.594949,-3.007995,-13.639479,-8.319245,-1.143404,-19.232660,12.200412,8.577607,3.441522,10.842859,7.674648,8.244907,-2.966296,3.205637,-5.303788,13.831648,0.175477,1.847527,3.907542,-2.862850,0.265723,-3.298147,-4.156679,4.551029,-4.359314,0.371064,4.816697,-2.318512])",clean,1284
